0,1,2,3,4,5,6,7,8,9,10,11,12,13,14,15,16,17,18,19,20,21,22,23,24,25,26,27,28,29,30,31,32,33,34,35,36,37,38,39,40,41,42,43,44,45,46,47,48,49,50,51,52,53,54,55,56,57,58,59,60,61,62,63,64,65,66,67,68,69,70,71,72,73,74,75,76,77,78,79,80,81,82,83,84,85,86,87,88,89,90,91,seed,complex_param,EPH,corr
2.0,,0,,1,2,1,1,1,2.0,1,2.0,2,0,1.0,2,0,1.0,2.0,1,1,1,0.0,2.0,0.0,2.0,2.0,2,1.0,2,2.0,1,2.0,0.0,2,1,2.0,2.0,1,2,1,1,2,1,1,2,2.0,2.0,2,2.0,2.0,2.0,2.0,2.0,2,2.0,2.0,2.0,2.0,2.0,0.0,1,1,2.0,2.0,1,2.0,1.0,0,2.0,2.0,2.0,2.0,2.0,,2.0,0,2,1,2,0.0,1.0,2,2.0,2.0,2.0,2.0,1.0,2.0,,1.0,,0,3,1.1613636363636364,-0.31026542742089763
3.0,2.0,2,3.0,2,1,2,2,2,2.0,2,2.0,2,2,1.0,1,2,2.0,2.0,2,2,2,3.0,3.0,2.0,3.0,3.0,1,2.0,1,1.0,3,3.0,2.0,2,2,2.0,3.0,1,0,2,1,2,2,0,2,2.0,1.0,3,3.0,1.0,2.0,1.0,0.0,0,3.0,0.0,2.0,1.0,0.0,2.0,1,1,2.0,3.0,1,2.0,1.0,2,3.0,2.0,3.0,3.0,0.0,0.0,2.0,2,2,2,2,2.0,0.0,2,3.0,0.0,2.0,2.0,2.0,3.0,1.0,2.0,3.0,1,3,1.2293577981651376,-0.2684874418633992
,,0,,2,2,1,2,2,2.0,2,,1,0,0.0,1,0,2.0,2.0,1,1,0,,0.0,2.0,,2.0,1,2.0,2,2.0,2,,1.0,2,0,2.0,2.0,1,2,1,2,2,1,1,1,2.0,2.0,2,2.0,2.0,2.0,1.0,2.0,2,,0.0,2.0,2.0,2.0,,2,1,2.0,2.0,1,2.0,2.0,1,,2.0,0.0,2.0,2.0,,2.0,2,2,2,2,2.0,2.0,1,2.0,0.0,2.0,2.0,1.0,2.0,,2.0,,2,3,1.2126168224299065,-0.320314988190903
2.0,,2,,2,1,2,1,2,0.0,2,2.0,2,1,1.0,2,1,2.0,1.0,2,2,2,2.0,2.0,1.0,2.0,2.0,2,2.0,2,1.0,2,2.0,2.0,2,1,,,2,2,1,2,2,1,2,0,2.0,2.0,1,1.0,2.0,2.0,0.0,2.0,2,0.0,2.0,2.0,0.0,1.0,2.0,2,1,2.0,2.0,1,2.0,1.0,0,2.0,0.0,2.0,2.0,2.0,2.0,2.0,2,2,1,1,2.0,1.0,1,1.0,0.0,0.0,1.0,1.0,2.0,,0.0,2.0,3,3,1.163594470046083,-0.2548123907921247
,2.0,1,2.0,1,2,2,1,2,2.0,0,2.0,2,0,0.0,1,1,2.0,2.0,1,1,2,2.0,2.0,2.0,2.0,,1,2.0,2,2.0,2,,2.0,1,0,2.0,1.0,1,2,2,1,2,1,1,2,1.0,0.0,2,2.0,2.0,2.0,1.0,0.0,1,2.0,2.0,2.0,2.0,2.0,,2,0,1.0,2.0,1,2.0,1.0,0,,2.0,2.0,2.0,2.0,,2.0,2,2,1,1,0.0,2.0,1,2.0,2.0,2.0,2.0,1.0,2.0,0.0,1.0,1.0,4,3,1.1501103752759383,-0.36815936486514617
2.0,,1,2.0,1,2,2,2,1,1.0,0,1.0,2,1,2.0,2,2,2.0,,1,0,2,1.0,2.0,1.0,2.0,2.0,1,0.0,1,1.0,2,2.0,2.0,0,1,2.0,0.0,1,2,0,2,1,1,1,2,2.0,,1,0.0,2.0,2.0,0.0,2.0,0,1.0,2.0,2.0,2.0,2.0,2.0,2,2,2.0,2.0,2,,2.0,2,2.0,2.0,,2.0,2.0,0.0,,2,2,2,2,,,1,2.0,2.0,1.0,1.0,,2.0,2.0,,,5,3,1.1721698113207548,-0.24441024200541295
0.0,2.0,1,2.0,2,2,1,2,2,2.0,2,2.0,2,1,2.0,1,1,1.0,2.0,1,0,2,1.0,0.0,2.0,2.0,2.0,2,2.0,2,0.0,2,2.0,2.0,1,1,2.0,0.0,0,0,1,2,1,2,2,2,2.0,2.0,1,2.0,2.0,2.0,1.0,2.0,1,0.0,2.0,2.0,2.0,0.0,,2,1,2.0,0.0,1,,1.0,2,2.0,2.0,,2.0,2.0,,2.0,2,2,2,2,2.0,2.0,2,2.0,2.0,2.0,1.0,2.0,2.0,,2.0,2.0,6,3,1.2147806004618937,-0.312300882888504
2.0,,1,2.0,2,1,2,2,2,1.0,2,2.0,2,1,2.0,0,1,2.0,0.0,1,1,1,0.0,2.0,2.0,2.0,,1,2.0,2,2.0,2,2.0,2.0,1,2,2.0,0.0,1,1,1,1,2,0,1,1,1.0,1.0,2,2.0,2.0,2.0,2.0,2.0,2,2.0,2.0,1.0,0.0,1.0,2.0,2,0,2.0,2.0,1,0.0,1.0,1,1.0,1.0,,2.0,2.0,,2.0,2,1,0,2,2.0,2.0,0,2.0,1.0,2.0,2.0,2.0,2.0,2.0,2.0,,7,3,1.1920529801324504,-0.4251852425686628
2.0,0.0,2,0.0,2,1,2,2,2,2.0,2,0.0,0,2,2.0,1,1,2.0,2.0,0,2,1,2.0,2.0,2.0,3.0,3.0,2,2.0,1,2.0,2,3.0,3.0,1,2,2.0,1.0,2,1,2,1,2,2,1,2,2.0,2.0,2,2.0,0.0,2.0,3.0,3.0,1,2.0,2.0,2.0,0.0,2.0,3.0,2,1,2.0,3.0,1,2.0,1.0,2,3.0,2.0,3.0,2.0,3.0,3.0,2.0,2,2,2,2,0.0,2.0,2,3.0,1.0,3.0,2.0,0.0,2.0,0.0,2.0,3.0,8,3,1.2380952380952381,-0.3609774297987918
2.0,,1,0.0,2,1,0,1,2,2.0,1,2.0,2,1,2.0,1,1,2.0,2.0,1,0,1,2.0,2.0,2.0,2.0,0.0,2,0.0,2,2.0,1,2.0,2.0,1,2,2.0,2.0,0,1,1,1,2,1,1,0,0.0,1.0,1,2.0,2.0,2.0,2.0,2.0,2,1.0,2.0,2.0,2.0,2.0,,0,1,2.0,2.0,1,2.0,1.0,2,2.0,2.0,,2.0,2.0,,2.0,0,2,2,1,2.0,2.0,1,2.0,2.0,2.0,2.0,2.0,2.0,2.0,2.0,2.0,9,3,1.1615720524017468,-0.5613776128442499
2.0,,1,0.0,1,2,1,2,2,2.0,2,2.0,1,1,2.0,1,1,2.0,2.0,0,1,2,2.0,2.0,2.0,2.0,2.0,1,1.0,2,,1,2.0,2.0,0,0,1.0,2.0,1,0,1,1,2,0,1,2,1.0,2.0,2,1.0,1.0,2.0,2.0,2.0,2,0.0,0.0,2.0,2.0,2.0,,0,1,2.0,1.0,1,,2.0,2,1.0,2.0,,2.0,2.0,,,2,2,2,2,2.0,,1,2.0,2.0,2.0,2.0,2.0,2.0,0.0,,,10,3,1.1866359447004609,-0.2903831589351408
2.0,2.0,2,,2,2,2,1,1,2.0,2,1.0,2,1,2.0,1,2,2.0,2.0,2,2,1,0.0,2.0,2.0,2.0,2.0,2,0.0,0,1.0,2,2.0,2.0,1,2,,2.0,2,1,2,1,1,2,1,2,1.0,0.0,1,1.0,2.0,0.0,2.0,,1,2.0,2.0,2.0,0.0,1.0,2.0,0,1,1.0,,1,2.0,1.0,0,2.0,2.0,2.0,2.0,1.0,,2.0,1,2,0,1,2.0,2.0,1,2.0,1.0,0.0,2.0,1.0,2.0,,2.0,2.0,11,3,1.1784897025171626,-0.32844947132552327
,,1,,2,1,1,0,0,1.0,2,2.0,0,1,0.0,1,1,0.0,2.0,1,1,2,2.0,2.0,2.0,2.0,,1,2.0,2,2.0,2,2.0,2.0,2,1,2.0,2.0,2,0,1,2,2,2,1,2,2.0,1.0,1,2.0,2.0,2.0,2.0,,2,2.0,2.0,0.0,1.0,2.0,0.0,2,1,2.0,2.0,1,,2.0,0,,2.0,,2.0,2.0,,2.0,1,2,2,2,2.0,2.0,0,2.0,2.0,2.0,2.0,2.0,2.0,,2.0,,12,3,1.2012987012987013,-0.42447823172800253
2.0,2.0,1,,2,1,2,2,2,2.0,2,2.0,0,2,1.0,1,1,2.0,2.0,1,1,2,2.0,0.0,1.0,2.0,,0,2.0,0,2.0,2,,0.0,2,2,2.0,2.0,2,1,2,0,2,2,2,2,1.0,2.0,1,2.0,2.0,2.0,2.0,,1,2.0,1.0,1.0,1.0,1.0,2.0,2,0,1.0,,1,,1.0,2,0.0,1.0,,2.0,2.0,,2.0,2,2,0,1,1.0,2.0,1,,0.0,2.0,2.0,2.0,2.0,,2.0,2.0,13,3,1.1816192560175054,-0.19345886204030494
2.0,,0,2.0,2,2,0,2,1,2.0,2,2.0,1,1,1.0,1,2,,0.0,1,1,2,2.0,1.0,2.0,2.0,2.0,2,2.0,2,2.0,2,1.0,2.0,1,1,0.0,2.0,1,2,1,2,2,1,1,2,2.0,2.0,1,2.0,2.0,2.0,2.0,2.0,2,2.0,2.0,2.0,1.0,2.0,2.0,2,0,2.0,0.0,1,,2.0,1,1.0,2.0,,0.0,2.0,,,2,2,2,2,,2.0,0,2.0,0.0,2.0,1.0,2.0,2.0,0.0,,,14,3,1.2018779342723005,-0.19810184836733677
,2.0,2,,2,1,1,1,0,0.0,1,2.0,2,1,0.0,1,2,2.0,2.0,2,1,1,2.0,,1.0,1.0,,2,2.0,1,2.0,2,2.0,2.0,2,2,,,2,2,2,1,2,2,1,2,0.0,1.0,0,2.0,2.0,2.0,2.0,,2,2.0,2.0,1.0,0.0,0.0,1.0,0,1,1.0,0.0,1,2.0,1.0,1,2.0,2.0,2.0,2.0,,,2.0,1,2,0,2,2.0,2.0,2,2.0,1.0,2.0,2.0,2.0,1.0,,2.0,2.0,15,3,1.1830663615560641,-0.1742861466769204
2.0,2.0,2,,2,0,2,0,2,1.0,2,1.0,2,2,2.0,1,2,2.0,2.0,1,2,2,1.0,2.0,2.0,0.0,0.0,2,,0,1.0,1,2.0,,2,2,2.0,2.0,2,1,1,1,2,2,2,1,1.0,1.0,0,2.0,0.0,2.0,,0.0,1,1.0,2.0,2.0,2.0,2.0,,2,1,2.0,,1,2.0,0.0,2,1.0,2.0,2.0,1.0,1.0,,2.0,1,2,1,1,0.0,2.0,2,1.0,2.0,2.0,,1.0,2.0,,2.0,2.0,16,3,1.1700680272108843,-0.2293773066121326
2.0,,2,,0,2,1,1,2,0.0,2,2.0,2,1,0.0,1,0,,2.0,1,1,2,1.0,2.0,2.0,2.0,2.0,1,0.0,2,,1,2.0,0.0,2,1,2.0,2.0,1,2,2,2,2,1,1,2,2.0,2.0,2,2.0,2.0,,2.0,2.0,2,1.0,2.0,2.0,2.0,0.0,2.0,2,1,2.0,0.0,1,2.0,2.0,2,0.0,2.0,,1.0,2.0,,2.0,2,2,2,2,,2.0,2,0.0,1.0,2.0,2.0,1.0,2.0,,2.0,,17,3,1.1700680272108843,-0.21653118142548947
0.0,,0,2.0,1,1,1,2,1,2.0,1,2.0,0,1,2.0,1,1,,2.0,1,0,2,1.0,1.0,,2.0,2.0,1,1.0,2,2.0,1,2.0,2.0,1,1,2.0,0.0,1,2,1,2,1,1,1,1,2.0,2.0,1,1.0,2.0,0.0,1.0,2.0,2,2.0,2.0,2.0,,2.0,,2,1,2.0,1.0,2,,2.0,2,2.0,2.0,,2.0,0.0,,,2,1,2,2,,2.0,0,0.0,2.0,0.0,1.0,2.0,2.0,2.0,2.0,,18,3,1.1207729468599035,-0.22096677082534158
2.0,,1,,2,2,2,1,2,2.0,2,2.0,2,1,0.0,1,1,2.0,2.0,1,1,2,2.0,2.0,2.0,2.0,,1,1.0,2,2.0,2,2.0,1.0,2,2,2.0,2.0,0,2,1,2,2,0,0,1,2.0,0.0,1,2.0,2.0,2.0,1.0,2.0,1,2.0,2.0,2.0,2.0,2.0,,2,1,2.0,2.0,1,,2.0,1,0.0,2.0,,2.0,2.0,,,2,0,0,2,2.0,2.0,1,2.0,2.0,2.0,2.0,2.0,0.0,0.0,2.0,,19,3,1.1888111888111887,-0.3817742740689521
2.0,2.0,0,2.0,2,1,2,1,2,2.0,2,2.0,0,1,2.0,1,2,,2.0,1,1,1,1.0,1.0,2.0,2.0,2.0,1,2.0,1,2.0,1,2.0,2.0,1,0,2.0,2.0,1,2,1,1,2,1,1,1,2.0,1.0,0,2.0,1.0,2.0,2.0,2.0,0,1.0,2.0,2.0,2.0,0.0,,2,1,1.0,2.0,1,2.0,1.0,1,2.0,2.0,,1.0,0.0,,2.0,2,1,2,0,2.0,2.0,1,0.0,2.0,1.0,1.0,2.0,0.0,2.0,2.0,2.0,20,3,1.131958762886598,-0.5200171948251527
2.0,,1,0.0,2,2,2,2,1,2.0,0,1.0,2,0,1.0,1,1,2.0,2.0,0,1,0,1.0,2.0,2.0,1.0,2.0,1,1.0,2,2.0,2,2.0,2.0,1,1,2.0,2.0,1,2,2,1,0,2,1,1,2.0,2.0,2,0.0,1.0,2.0,1.0,2.0,0,1.0,2.0,2.0,1.0,2.0,2.0,2,1,2.0,1.0,1,2.0,1.0,1,0.0,2.0,2.0,2.0,2.0,,,1,1,0,2,2.0,2.0,1,2.0,2.0,1.0,2.0,2.0,2.0,,2.0,,21,3,1.1372549019607843,-0.3608351754945938
3.0,3.0,2,3.0,2,1,2,2,2,2.0,2,2.0,2,2,2.0,1,1,2.0,2.0,1,1,2,2.0,2.0,2.0,3.0,3.0,1,2.0,2,1.0,2,3.0,0.0,2,2,2.0,2.0,2,2,2,2,0,0,1,2,2.0,2.0,2,2.0,2.0,3.0,2.0,3.0,2,3.0,0.0,0.0,2.0,2.0,3.0,2,1,2.0,3.0,1,3.0,1.0,2,0.0,0.0,2.0,3.0,2.0,0.0,1.0,2,2,2,1,2.0,0.0,2,3.0,2.0,2.0,1.0,1.0,1.0,3.0,2.0,0.0,22,3,1.2072892938496582,-0.31317163510862583
,2.0,2,0.0,2,2,2,1,2,0.0,2,2.0,2,2,2.0,1,2,2.0,2.0,2,2,1,2.0,,0.0,2.0,,0,,0,1.0,2,2.0,,1,2,,1.0,2,1,2,1,2,2,2,2,1.0,0.0,1,,1.0,2.0,2.0,,1,2.0,2.0,1.0,0.0,1.0,1.0,0,1,1.0,,1,2.0,0.0,2,2.0,2.0,,2.0,,0.0,2.0,2,1,2,1,1.0,2.0,2,2.0,1.0,2.0,2.0,2.0,2.0,,2.0,2.0,23,3,1.159493670886076,-0.07174387092823666
2.0,3.0,1,2.0,2,2,1,2,2,1.0,2,1.0,1,2,2.0,1,2,3.0,2.0,2,0,2,1.0,1.0,2.0,2.0,2.0,1,2.0,0,2.0,1,1.0,2.0,1,2,2.0,0.0,2,2,1,2,1,2,1,2,2.0,2.0,0,2.0,2.0,2.0,2.0,3.0,1,2.0,0.0,2.0,2.0,2.0,3.0,0,2,1.0,3.0,2,3.0,2.0,3,2.0,3.0,,0.0,2.0,0.0,3.0,3,2,3,2,3.0,3.0,1,2.0,2.0,2.0,0.0,2.0,2.0,0.0,3.0,3.0,24,3,1.2117117117117118,-0.2715547314466453
0.0,1.0,2,,1,1,0,2,2,2.0,2,2.0,2,1,2.0,1,1,2.0,2.0,1,1,2,2.0,2.0,2.0,2.0,2.0,1,2.0,1,2.0,2,2.0,2.0,2,0,2.0,2.0,1,1,1,1,2,1,2,2,0.0,1.0,1,1.0,2.0,2.0,0.0,2.0,1,1.0,2.0,2.0,0.0,2.0,2.0,1,1,0.0,2.0,1,2.0,0.0,1,2.0,0.0,2.0,2.0,2.0,1.0,2.0,2,2,1,1,2.0,2.0,0,2.0,1.0,1.0,1.0,1.0,2.0,,2.0,2.0,25,3,1.12472647702407,-0.47018886654616054
2.0,,1,2.0,1,0,1,2,0,2.0,1,2.0,1,1,2.0,1,1,2.0,0.0,1,0,2,2.0,2.0,2.0,2.0,2.0,1,1.0,2,2.0,0,2.0,2.0,0,1,2.0,2.0,1,2,1,2,1,0,1,1,2.0,2.0,1,1.0,2.0,1.0,1.0,2.0,2,2.0,2.0,2.0,,2.0,2.0,1,2,0.0,2.0,1,,2.0,1,,1.0,,2.0,1.0,,2.0,2,2,2,1,,2.0,1,2.0,2.0,0.0,0.0,2.0,2.0,2.0,2.0,2.0,26,3,1.1738095238095239,-0.428104137596245
2.0,2.0,2,,2,1,2,1,2,2.0,2,2.0,2,2,2.0,1,1,2.0,0.0,1,1,1,0.0,2.0,1.0,2.0,1.0,0,2.0,1,0.0,2,2.0,,2,2,,2.0,2,1,1,0,2,2,2,0,2.0,1.0,2,2.0,0.0,,2.0,,1,2.0,2.0,2.0,0.0,1.0,2.0,2,1,2.0,0.0,1,2.0,1.0,1,2.0,1.0,2.0,2.0,2.0,2.0,2.0,1,1,1,1,2.0,2.0,2,1.0,2.0,,2.0,0.0,2.0,,2.0,,27,3,1.178082191780822,-0.3713903492659027
2.0,2.0,2,,2,1,0,2,2,1.0,2,2.0,2,1,0.0,1,1,2.0,2.0,1,1,0,2.0,2.0,1.0,2.0,2.0,2,2.0,1,0.0,2,2.0,2.0,2,2,,,2,1,0,1,2,2,2,1,1.0,1.0,2,2.0,1.0,,2.0,,1,1.0,2.0,0.0,0.0,1.0,2.0,1,1,2.0,2.0,1,0.0,0.0,2,,2.0,,2.0,,2.0,2.0,2,2,1,2,2.0,2.0,1,0.0,1.0,,2.0,1.0,,,2.0,,28,3,1.1783295711060948,-0.3099374286959031
,,1,2.0,2,0,2,2,1,2.0,0,2.0,2,2,2.0,1,1,2.0,2.0,0,1,2,1.0,1.0,2.0,2.0,2.0,1,1.0,2,1.0,2,,2.0,1,1,2.0,0.0,1,1,1,0,0,1,2,2,1.0,2.0,2,2.0,2.0,2.0,2.0,2.0,2,2.0,2.0,2.0,2.0,2.0,2.0,2,1,0.0,2.0,1,,2.0,1,,0.0,2.0,2.0,0.0,2.0,1.0,1,1,2,1,2.0,1.0,1,2.0,2.0,2.0,1.0,1.0,2.0,2.0,0.0,,29,3,1.1512415349887133,-0.3522465692898378
0.0,2.0,2,,2,1,2,2,0,1.0,2,2.0,2,2,2.0,1,1,2.0,2.0,1,2,0,2.0,2.0,0.0,2.0,2.0,2,2.0,2,1.0,2,2.0,,0,1,2.0,,2,2,1,1,1,2,2,2,2.0,1.0,2,2.0,1.0,,,,1,1.0,2.0,1.0,1.0,0.0,1.0,1,1,2.0,,1,2.0,0.0,1,2.0,0.0,2.0,0.0,2.0,2.0,2.0,2,2,1,1,2.0,0.0,2,2.0,1.0,2.0,2.0,1.0,,,2.0,,30,3,1.1908045977011494,-0.23970728885581094
0.0,2.0,1,,1,2,2,0,0,2.0,2,2.0,2,2,2.0,2,1,2.0,2.0,1,1,2,2.0,2.0,2.0,2.0,2.0,2,2.0,2,1.0,2,2.0,2.0,0,2,0.0,,2,2,2,1,2,1,2,0,2.0,1.0,1,2.0,0.0,0.0,2.0,0.0,1,1.0,1.0,2.0,2.0,2.0,,2,2,2.0,,1,2.0,2.0,2,2.0,2.0,0.0,2.0,,,2.0,2,2,2,1,2.0,2.0,2,2.0,,1.0,2.0,2.0,2.0,,2.0,,31,3,1.2139423076923077,-0.13787438673516128
2.0,,0,2.0,1,1,1,2,1,2.0,1,2.0,1,0,2.0,2,1,2.0,2.0,1,1,2,2.0,1.0,2.0,2.0,2.0,0,2.0,1,2.0,1,1.0,2.0,1,1,0.0,1.0,1,2,0,2,2,1,1,1,2.0,2.0,0,2.0,2.0,2.0,2.0,2.0,2,1.0,2.0,2.0,2.0,2.0,,2,1,2.0,2.0,1,,2.0,1,2.0,0.0,2.0,0.0,2.0,,2.0,2,1,1,0,2.0,2.0,1,2.0,2.0,1.0,1.0,2.0,2.0,0.0,2.0,1.0,32,3,1.1505882352941177,-0.404103133518564
2.0,,0,2.0,0,1,0,1,1,2.0,1,2.0,2,1,2.0,2,2,2.0,2.0,1,1,2,2.0,2.0,2.0,2.0,1.0,0,2.0,2,2.0,1,2.0,2.0,1,1,2.0,2.0,2,2,1,1,2,1,1,1,1.0,0.0,1,2.0,2.0,2.0,2.0,2.0,2,0.0,2.0,2.0,2.0,2.0,2.0,1,1,2.0,2.0,1,2.0,1.0,1,2.0,2.0,2.0,1.0,2.0,,2.0,0,1,2,0,2.0,2.0,1,0.0,2.0,2.0,2.0,1.0,2.0,2.0,2.0,0.0,33,3,1.138157894736842,-0.5633112637255294
2.0,1.0,1,2.0,0,1,1,1,1,1.0,0,2.0,1,1,2.0,0,1,2.0,2.0,1,1,1,1.0,2.0,1.0,2.0,2.0,2,2.0,2,2.0,2,2.0,2.0,1,1,2.0,2.0,1,1,0,1,2,1,1,0,2.0,1.0,1,0.0,1.0,2.0,2.0,2.0,2,1.0,2.0,2.0,2.0,1.0,2.0,0,1,1.0,2.0,0,2.0,1.0,2,2.0,2.0,,2.0,2.0,,2.0,1,1,2,1,2.0,2.0,1,2.0,1.0,2.0,2.0,2.0,0.0,2.0,2.0,0.0,34,3,1.111358574610245,-0.5177256492809529
2.0,,2,,2,1,2,1,2,2.0,1,1.0,2,1,2.0,1,1,1.0,2.0,1,2,2,0.0,2.0,2.0,0.0,2.0,2,2.0,2,1.0,1,2.0,,1,0,2.0,,2,2,2,1,2,2,2,2,2.0,2.0,2,0.0,2.0,,2.0,,0,1.0,2.0,2.0,1.0,2.0,2.0,1,1,2.0,2.0,0,2.0,1.0,1,1.0,2.0,1.0,1.0,2.0,2.0,0.0,0,2,1,1,2.0,1.0,1,2.0,0.0,2.0,2.0,1.0,2.0,,0.0,2.0,35,3,1.1804008908685968,-0.2954655933395333
2.0,,0,0.0,2,2,2,2,2,2.0,2,2.0,0,1,2.0,1,1,,2.0,1,1,1,1.0,2.0,2.0,2.0,2.0,1,2.0,2,2.0,1,2.0,2.0,1,0,2.0,1.0,1,2,1,1,2,1,1,1,2.0,1.0,0,2.0,0.0,2.0,2.0,2.0,2,2.0,2.0,2.0,2.0,0.0,,2,1,2.0,2.0,1,2.0,1.0,2,0.0,2.0,,2.0,2.0,,,2,2,2,2,0.0,,1,2.0,2.0,2.0,2.0,2.0,2.0,0.0,2.0,2.0,36,3,1.1662971175166297,-0.37363173230991525
2.0,,2,,1,0,1,2,1,2.0,2,1.0,1,2,2.0,1,1,2.0,2.0,1,1,2,2.0,2.0,1.0,2.0,2.0,2,2.0,2,2.0,1,1.0,2.0,2,2,2.0,,2,2,0,1,2,1,1,2,2.0,2.0,1,2.0,2.0,2.0,2.0,2.0,2,2.0,0.0,0.0,2.0,1.0,0.0,0,1,2.0,2.0,1,,2.0,2,2.0,1.0,2.0,0.0,,,2.0,1,1,1,2,2.0,0.0,0,2.0,2.0,2.0,2.0,1.0,0.0,,2.0,,37,3,1.1648106904231625,-0.2507110701998376
2.0,,2,,2,2,1,1,2,1.0,2,2.0,2,1,0.0,1,0,2.0,2.0,1,1,1,0.0,2.0,0.0,2.0,2.0,2,2.0,2,2.0,1,2.0,2.0,2,2,,2.0,2,1,0,1,2,2,1,1,2.0,1.0,2,2.0,0.0,,2.0,,2,2.0,2.0,2.0,0.0,1.0,2.0,2,1,2.0,0.0,1,0.0,1.0,2,2.0,2.0,,2.0,,,2.0,2,2,2,2,0.0,2.0,2,2.0,1.0,,,1.0,2.0,,2.0,,38,3,1.18140589569161,-0.24485734854757682
2.0,2.0,2,,2,2,2,2,1,2.0,2,2.0,2,2,2.0,1,1,2.0,2.0,1,2,2,0.0,2.0,0.0,2.0,2.0,1,0.0,0,2.0,1,0.0,,1,2,,2.0,2,0,1,1,0,2,1,2,2.0,1.0,1,2.0,0.0,2.0,2.0,,1,2.0,2.0,2.0,2.0,1.0,2.0,0,1,1.0,,1,2.0,1.0,0,2.0,2.0,,2.0,1.0,,,2,2,2,1,2.0,2.0,2,2.0,1.0,2.0,2.0,2.0,2.0,,2.0,2.0,39,3,1.1888888888888889,-0.34034292359872925
,2.0,2,,2,2,2,1,2,2.0,2,2.0,2,1,2.0,1,2,0.0,2.0,1,1,2,2.0,,2.0,2.0,,2,2.0,1,1.0,2,0.0,2.0,2,1,2.0,,0,1,1,1,2,2,1,2,2.0,1.0,2,2.0,1.0,2.0,2.0,,0,2.0,2.0,2.0,1.0,1.0,2.0,0,1,1.0,0.0,1,2.0,0.0,2,2.0,1.0,2.0,2.0,2.0,,2.0,1,0,1,0,2.0,1.0,2,2.0,2.0,2.0,2.0,2.0,0.0,,2.0,1.0,40,3,1.165137614678899,-0.29023008375592574
2.0,,1,,1,1,0,1,1,2.0,1,2.0,2,1,1.0,2,2,2.0,2.0,1,1,2,2.0,2.0,0.0,0.0,2.0,0,2.0,2,1.0,2,2.0,2.0,2,1,2.0,2.0,2,2,1,1,2,1,1,2,2.0,2.0,1,2.0,2.0,2.0,2.0,2.0,0,1.0,2.0,1.0,1.0,2.0,2.0,1,1,2.0,2.0,1,,1.0,0,2.0,2.0,2.0,1.0,2.0,2.0,2.0,0,2,1,1,2.0,2.0,0,2.0,0.0,2.0,1.0,2.0,2.0,,2.0,0.0,41,3,1.145877378435518,-0.4871771698752368
0.0,2.0,1,,1,2,1,1,1,2.0,0,1.0,1,1,2.0,1,1,,2.0,1,1,2,0.0,1.0,2.0,1.0,0.0,2,2.0,1,2.0,1,1.0,2.0,2,2,2.0,2.0,1,0,0,2,2,1,0,2,1.0,2.0,1,1.0,2.0,2.0,2.0,2.0,1,0.0,2.0,1.0,2.0,2.0,,2,2,2.0,2.0,2,,0.0,2,1.0,,,0.0,2.0,,,2,1,2,2,,,1,1.0,2.0,2.0,2.0,2.0,2.0,,,2.0,42,3,1.158371040723982,-0.2561185985685889
2.0,2.0,0,,2,1,2,1,2,0.0,2,0.0,2,2,1.0,0,2,2.0,2.0,1,1,2,1.0,2.0,2.0,1.0,2.0,2,2.0,1,2.0,2,2.0,2.0,2,2,2.0,1.0,1,1,1,1,2,1,1,0,1.0,1.0,1,2.0,2.0,2.0,2.0,1.0,1,2.0,2.0,1.0,1.0,1.0,2.0,1,0,0.0,,1,2.0,1.0,1,2.0,2.0,2.0,2.0,0.0,,2.0,2,1,0,1,2.0,2.0,1,0.0,1.0,2.0,2.0,1.0,2.0,2.0,2.0,2.0,43,3,1.1371681415929205,-0.45061664750118774
2.0,,1,,2,2,2,0,1,2.0,2,2.0,2,1,2.0,2,1,2.0,,2,2,2,1.0,2.0,0.0,1.0,2.0,2,2.0,2,2.0,2,2.0,0.0,2,2,,2.0,2,2,2,2,2,1,2,1,2.0,2.0,1,2.0,2.0,2.0,1.0,0.0,1,2.0,,2.0,1.0,2.0,2.0,2,0,2.0,0.0,1,,1.0,2,2.0,2.0,2.0,0.0,2.0,,,1,2,0,1,2.0,2.0,1,1.0,2.0,0.0,1.0,2.0,2.0,,2.0,0.0,44,3,1.1869158878504673,-0.08498156151908424
0.0,0.0,0,2.0,2,2,2,2,2,2.0,2,2.0,2,1,2.0,2,2,2.0,2.0,1,2,2,2.0,2.0,2.0,2.0,,2,2.0,0,2.0,2,2.0,,1,2,2.0,,0,1,1,2,2,2,2,2,2.0,2.0,1,2.0,2.0,0.0,2.0,1.0,1,2.0,,2.0,2.0,2.0,,2,0,1.0,,1,,1.0,1,0.0,2.0,0.0,2.0,,,2.0,2,2,2,1,2.0,2.0,1,,2.0,2.0,2.0,2.0,,2.0,2.0,0.0,45,3,1.2160194174757282,-0.1328801627303007
2.0,2.0,1,2.0,2,1,2,2,2,1.0,0,0.0,2,0,1.0,1,1,2.0,2.0,1,0,2,1.0,2.0,2.0,2.0,1.0,1,1.0,0,1.0,2,2.0,2.0,1,1,2.0,0.0,1,2,1,2,1,2,1,2,1.0,2.0,1,1.0,2.0,2.0,2.0,,1,2.0,2.0,2.0,2.0,2.0,,2,1,2.0,2.0,1,,0.0,0,2.0,2.0,2.0,2.0,2.0,,2.0,1,2,1,1,2.0,2.0,1,0.0,2.0,2.0,2.0,0.0,2.0,1.0,1.0,2.0,46,3,1.1597510373443984,-0.47414847949731403
2.0,,1,,2,1,1,1,1,2.0,1,2.0,2,1,0.0,1,1,1.0,2.0,1,1,2,2.0,2.0,2.0,2.0,2.0,2,2.0,2,1.0,2,0.0,1.0,2,2,2.0,,0,1,0,2,2,1,0,2,0.0,2.0,1,2.0,2.0,2.0,2.0,2.0,2,2.0,2.0,2.0,2.0,2.0,,2,1,2.0,2.0,1,,2.0,0,2.0,0.0,2.0,2.0,2.0,2.0,1.0,2,0,1,1,,0.0,1,2.0,2.0,2.0,2.0,1.0,2.0,,2.0,2.0,47,3,1.1670480549199085,-0.4657272042261249
1.0,,2,,2,0,1,1,0,2.0,2,0.0,2,2,2.0,1,2,0.0,2.0,1,2,2,1.0,2.0,2.0,1.0,1.0,2,2.0,2,2.0,1,2.0,,1,2,,2.0,2,1,1,0,2,0,1,2,2.0,2.0,1,1.0,2.0,2.0,2.0,,1,0.0,,0.0,2.0,2.0,2.0,2,2,2.0,,1,,2.0,1,0.0,2.0,,1.0,2.0,,2.0,1,2,2,2,,2.0,2,2.0,,2.0,2.0,2.0,2.0,0.0,,,48,3,1.2211981566820276,-0.1213848056419705
2.0,0.0,2,,2,1,2,1,2,2.0,2,2.0,2,2,2.0,1,1,2.0,2.0,1,2,2,0.0,2.0,1.0,0.0,2.0,1,2.0,2,2.0,1,2.0,,2,1,2.0,2.0,1,2,2,1,2,2,2,2,2.0,1.0,1,2.0,0.0,2.0,2.0,,1,2.0,2.0,0.0,2.0,1.0,2.0,1,2,1.0,2.0,0,0.0,1.0,2,2.0,2.0,,2.0,0.0,,2.0,0,2,1,2,2.0,2.0,2,2.0,2.0,2.0,0.0,1.0,2.0,,2.0,,49,3,1.1933174224343674,-0.1946667303053743
2.0,,2,,2,1,1,1,2,2.0,2,2.0,2,1,2.0,1,0,0.0,0.0,1,1,0,2.0,1.0,1.0,2.0,2.0,2,2.0,2,2.0,1,2.0,2.0,2,1,2.0,2.0,2,1,0,1,2,1,1,1,2.0,2.0,1,2.0,2.0,2.0,2.0,,1,2.0,2.0,0.0,0.0,1.0,2.0,2,1,2.0,2.0,1,,2.0,1,2.0,1.0,2.0,0.0,2.0,2.0,0.0,2,2,2,2,2.0,1.0,0,2.0,2.0,2.0,2.0,2.0,2.0,,2.0,,50,3,1.1655773420479303,-0.3848444367721574
,,0,1.0,0,1,1,2,1,2.0,1,2.0,2,1,2.0,1,1,1.0,1.0,0,1,2,2.0,1.0,2.0,2.0,2.0,1,2.0,2,1.0,2,2.0,2.0,1,1,2.0,2.0,1,2,1,2,2,1,0,2,2.0,2.0,1,1.0,2.0,1.0,1.0,2.0,2,2.0,2.0,1.0,2.0,2.0,2.0,2,1,2.0,0.0,0,,2.0,1,,0.0,0.0,2.0,2.0,2.0,1.0,1,1,1,1,,0.0,1,2.0,2.0,2.0,0.0,1.0,2.0,2.0,2.0,2.0,51,3,1.1379310344827587,-0.3420835091103926
2.0,,0,,2,1,1,1,0,2.0,1,2.0,2,2,2.0,2,2,2.0,2.0,0,1,2,1.0,1.0,0.0,1.0,2.0,1,1.0,0,2.0,2,2.0,1.0,1,2,2.0,2.0,1,2,1,2,1,2,1,1,2.0,2.0,0,1.0,1.0,2.0,2.0,,2,0.0,2.0,1.0,2.0,2.0,2.0,2,1,2.0,,1,0.0,2.0,2,2.0,2.0,,1.0,0.0,0.0,2.0,2,2,2,2,2.0,,1,2.0,1.0,1.0,2.0,2.0,2.0,,,,52,3,1.1865509761388287,-0.16753368848381908
,,1,0.0,1,2,1,2,1,2.0,2,2.0,1,1,2.0,1,1,2.0,2.0,0,1,2,2.0,1.0,2.0,2.0,2.0,1,0.0,2,2.0,2,,2.0,1,2,2.0,2.0,1,1,2,1,0,1,1,2,2.0,2.0,2,2.0,2.0,2.0,2.0,0.0,1,2.0,0.0,1.0,2.0,1.0,2.0,2,0,2.0,2.0,0,,1.0,1,,2.0,0.0,0.0,2.0,,2.0,1,2,1,1,2.0,2.0,1,2.0,2.0,2.0,2.0,1.0,2.0,2.0,2.0,2.0,53,3,1.1870967741935483,-0.33998698142644856
0.0,2.0,3,,3,2,2,2,3,2.0,2,1.0,2,3,2.0,1,1,2.0,2.0,2,2,1,0.0,2.0,1.0,2.0,2.0,3,3.0,2,2.0,1,1.0,3.0,2,2,3.0,2.0,2,2,2,0,0,3,2,2,1.0,1.0,1,2.0,1.0,3.0,3.0,,2,1.0,3.0,2.0,2.0,1.0,2.0,0,1,2.0,3.0,1,2.0,1.0,2,2.0,0.0,0.0,2.0,3.0,3.0,2.0,1,2,2,1,0.0,2.0,2,0.0,0.0,2.0,2.0,2.0,3.0,3.0,2.0,2.0,54,3,1.199579831932773,-0.1780092125903033
2.0,,1,2.0,1,0,0,2,2,0.0,1,2.0,1,1,0.0,1,1,2.0,2.0,1,0,2,0.0,2.0,2.0,2.0,2.0,1,2.0,2,2.0,2,2.0,2.0,1,1,0.0,1.0,1,2,1,2,2,1,1,1,2.0,2.0,1,1.0,2.0,2.0,2.0,2.0,2,2.0,1.0,2.0,2.0,2.0,2.0,2,1,2.0,2.0,1,2.0,1.0,1,,1.0,2.0,2.0,2.0,,1.0,2,1,0,0,2.0,1.0,0,2.0,1.0,2.0,2.0,1.0,2.0,2.0,2.0,2.0,55,3,1.164319248826291,-0.5302496434528104
,,0,2.0,0,1,1,1,2,2.0,2,2.0,2,1,2.0,1,2,2.0,2.0,1,1,1,2.0,2.0,2.0,2.0,2.0,1,1.0,2,2.0,2,2.0,2.0,1,0,2.0,2.0,1,2,1,2,2,1,1,0,1.0,0.0,1,1.0,1.0,2.0,1.0,2.0,2,2.0,0.0,2.0,2.0,2.0,,0,1,2.0,2.0,1,2.0,2.0,1,,0.0,2.0,2.0,2.0,,2.0,2,1,1,1,2.0,2.0,0,2.0,2.0,2.0,1.0,2.0,2.0,0.0,2.0,2.0,56,3,1.1343612334801763,-0.4813809647909632
2.0,,1,0.0,1,1,2,0,2,1.0,2,2.0,2,1,2.0,1,1,0.0,2.0,1,0,1,2.0,2.0,2.0,2.0,,1,2.0,2,1.0,2,2.0,2.0,2,1,2.0,2.0,1,1,1,0,2,1,1,1,1.0,0.0,1,1.0,1.0,2.0,0.0,2.0,1,2.0,2.0,2.0,2.0,2.0,,2,1,2.0,2.0,1,2.0,2.0,2,2.0,1.0,2.0,2.0,2.0,2.0,0.0,1,0,2,1,2.0,1.0,0,2.0,1.0,2.0,2.0,2.0,2.0,,2.0,2.0,57,3,1.1440860215053763,-0.47606309419021947
2.0,,1,,2,1,1,1,0,2.0,2,2.0,1,1,1.0,2,0,0.0,2.0,1,0,2,2.0,2.0,,2.0,2.0,2,2.0,2,1.0,0,2.0,2.0,2,2,2.0,2.0,2,2,1,2,1,1,1,0,2.0,2.0,1,2.0,2.0,2.0,2.0,0.0,2,1.0,2.0,,2.0,,,2,2,2.0,2.0,1,,2.0,1,2.0,1.0,2.0,1.0,2.0,1.0,0.0,1,2,1,1,,1.0,2,1.0,,2.0,2.0,0.0,2.0,,0.0,2.0,58,3,1.1719457013574661,-0.25216002804461385
2.0,,2,,2,1,1,1,2,1.0,1,2.0,0,1,2.0,0,0,2.0,2.0,1,1,2,1.0,2.0,2.0,2.0,2.0,2,0.0,2,2.0,1,2.0,2.0,1,1,2.0,2.0,2,1,1,1,1,1,1,2,1.0,1.0,1,2.0,1.0,2.0,2.0,,1,0.0,2.0,1.0,2.0,1.0,0.0,1,1,0.0,2.0,0,2.0,2.0,1,2.0,2.0,0.0,2.0,2.0,,2.0,2,2,2,1,2.0,1.0,2,2.0,2.0,2.0,2.0,1.0,2.0,0.0,2.0,2.0,59,3,1.1496881496881497,-0.4120581361082488
2.0,2.0,1,0.0,0,2,2,2,1,2.0,1,2.0,2,1,2.0,1,2,,2.0,0,1,0,2.0,2.0,2.0,2.0,,1,0.0,0,2.0,2,2.0,2.0,1,1,2.0,2.0,1,1,1,1,2,2,1,2,2.0,1.0,1,0.0,1.0,2.0,2.0,2.0,1,1.0,2.0,1.0,2.0,0.0,2.0,1,1,0.0,2.0,1,2.0,2.0,2,0.0,2.0,,2.0,2.0,,,2,2,2,2,2.0,,1,2.0,2.0,2.0,2.0,2.0,2.0,,,,60,3,1.1633109619686801,-0.34558281466022867
,0.0,0,1.0,2,2,1,2,2,0.0,1,2.0,2,1,2.0,2,2,,2.0,1,1,2,2.0,1.0,0.0,,2.0,1,0.0,0,2.0,2,2.0,2.0,1,2,2.0,0.0,1,2,1,2,1,0,1,2,2.0,2.0,1,2.0,2.0,2.0,2.0,2.0,2,2.0,2.0,1.0,2.0,2.0,2.0,2,1,2.0,2.0,1,,1.0,2,,2.0,,2.0,2.0,,,2,2,2,2,2.0,,1,,1.0,1.0,0.0,2.0,2.0,0.0,,2.0,61,3,1.1382488479262673,-0.135460302286866
1.0,2.0,2,,2,2,1,1,1,2.0,1,1.0,2,2,0.0,1,1,2.0,2.0,2,1,2,1.0,1.0,2.0,1.0,2.0,1,2.0,1,2.0,1,2.0,2.0,1,2,,2.0,2,1,2,1,0,2,2,2,0.0,1.0,1,2.0,0.0,2.0,2.0,,0,0.0,2.0,2.0,1.0,2.0,0.0,2,1,1.0,,1,2.0,1.0,2,0.0,2.0,,0.0,2.0,,2.0,2,1,2,0,2.0,2.0,2,2.0,2.0,2.0,2.0,2.0,2.0,,,2.0,62,3,1.1434977578475336,-0.25545392788257004
2.0,,0,2.0,2,1,1,2,1,2.0,1,2.0,0,1,1.0,2,1,2.0,2.0,1,1,2,1.0,1.0,,2.0,2.0,0,2.0,2,2.0,1,1.0,0.0,2,1,2.0,1.0,1,2,0,2,1,1,1,1,2.0,2.0,0,2.0,2.0,2.0,2.0,2.0,2,1.0,2.0,2.0,,,,2,1,,2.0,2,,,2,2.0,1.0,,2.0,0.0,,2.0,2,1,2,2,,0.0,1,0.0,2.0,1.0,0.0,2.0,2.0,2.0,2.0,,63,3,1.144708423326134,-0.27797209083688573
2.0,,1,2.0,1,1,2,2,1,2.0,1,2.0,2,2,1.0,1,1,1.0,1.0,0,1,2,0.0,0.0,2.0,,2.0,2,1.0,2,1.0,2,,2.0,1,1,2.0,1.0,2,2,2,2,0,2,2,2,2.0,2.0,2,0.0,2.0,2.0,1.0,0.0,2,2.0,2.0,2.0,2.0,2.0,,2,1,2.0,2.0,0,2.0,1.0,2,,1.0,2.0,2.0,1.0,2.0,0.0,1,1,2,1,2.0,0.0,1,2.0,0.0,2.0,2.0,1.0,2.0,,2.0,,64,3,1.2062780269058295,-0.16725986371168997
3.0,2.0,2,3.0,2,1,2,2,3,1.0,2,2.0,2,2,0.0,1,2,2.0,2.0,1,2,1,1.0,2.0,1.0,2.0,2.0,3,3.0,1,2.0,2,2.0,3.0,2,3,3.0,3.0,2,0,2,0,2,2,2,2,1.0,1.0,2,3.0,2.0,2.0,3.0,0.0,1,2.0,2.0,0.0,0.0,1.0,2.0,1,1,2.0,3.0,1,2.0,1.0,2,3.0,0.0,3.0,2.0,3.0,0.0,1.0,2,2,2,2,0.0,2.0,2,0.0,2.0,3.0,2.0,1.0,3.0,3.0,2.0,3.0,65,3,1.1853546910755148,-0.2792498928770512
2.0,3.0,2,3.0,2,0,1,1,1,2.0,1,1.0,2,2,2.0,2,2,3.0,2.0,1,2,2,1.0,1.0,0.0,0.0,0.0,2,2.0,2,2.0,1,2.0,3.0,2,2,3.0,0.0,2,2,2,1,2,2,2,2,0.0,2.0,2,0.0,2.0,3.0,3.0,3.0,2,1.0,2.0,2.0,2.0,2.0,2.0,2,2,2.0,3.0,1,0.0,1.0,2,2.0,2.0,3.0,2.0,0.0,3.0,2.0,0,2,1,2,2.0,2.0,2,2.0,2.0,2.0,2.0,1.0,3.0,3.0,3.0,3.0,66,3,1.2376237623762376,-0.36398632619814203
0.0,2.0,2,0.0,2,2,2,2,2,1.0,2,1.0,2,1,0.0,2,1,2.0,2.0,2,1,2,1.0,1.0,0.0,2.0,1.0,1,2.0,2,2.0,2,2.0,2.0,1,2,,0.0,2,2,2,1,2,2,2,2,2.0,2.0,2,2.0,2.0,,2.0,,2,2.0,2.0,0.0,1.0,2.0,2.0,2,1,2.0,,1,,1.0,1,2.0,2.0,2.0,0.0,2.0,,2.0,2,2,0,0,2.0,2.0,2,2.0,2.0,2.0,2.0,2.0,,0.0,2.0,2.0,67,3,1.2025641025641025,-0.052156349044470425
3.0,3.0,2,3.0,2,0,1,2,2,3.0,2,3.0,2,2,2.0,1,2,2.0,0.0,1,2,1,2.0,1.0,3.0,2.0,2.0,1,2.0,2,1.0,3,3.0,3.0,2,1,2.0,2.0,1,2,2,2,2,2,2,2,2.0,2.0,1,2.0,2.0,2.0,2.0,3.0,2,3.0,2.0,2.0,2.0,2.0,3.0,2,2,2.0,2.0,1,0.0,2.0,1,3.0,1.0,0.0,2.0,0.0,2.0,1.0,1,1,1,1,2.0,1.0,0,3.0,2.0,1.0,0.0,0.0,0.0,3.0,0.0,3.0,68,3,1.1531531531531531,-0.2784615469315763
2.0,,1,,1,1,1,1,0,2.0,0,1.0,2,0,2.0,2,2,,2.0,1,1,2,1.0,2.0,2.0,0.0,0.0,1,1.0,2,2.0,0,2.0,2.0,2,1,2.0,2.0,1,2,1,2,2,1,1,2,1.0,2.0,1,1.0,,2.0,0.0,2.0,2,1.0,2.0,2.0,0.0,1.0,2.0,2,2,,2.0,2,,2.0,2,1.0,2.0,,1.0,2.0,0.0,,2,2,1,2,,,0,1.0,2.0,1.0,2.0,2.0,2.0,,,,69,3,1.1543778801843319,-0.20038203579384295
,,0,2.0,2,1,1,2,1,2.0,1,2.0,1,1,2.0,2,1,1.0,2.0,1,1,2,2.0,2.0,2.0,,2.0,0,1.0,2,2.0,2,,1.0,1,1,2.0,1.0,0,0,1,2,1,0,1,2,2.0,2.0,2,2.0,2.0,2.0,1.0,2.0,2,0.0,2.0,2.0,2.0,2.0,,2,1,2.0,2.0,1,0.0,2.0,0,,2.0,2.0,2.0,2.0,,2.0,2,1,2,1,,0.0,1,2.0,2.0,2.0,2.0,1.0,2.0,0.0,2.0,,70,3,1.1921296296296295,-0.34817506569032686
2.0,2.0,2,,2,1,1,1,2,2.0,1,2.0,2,2,2.0,1,1,0.0,2.0,0,1,2,2.0,2.0,2.0,1.0,2.0,2,2.0,1,1.0,2,1.0,2.0,0,1,0.0,,2,1,2,1,2,2,1,2,0.0,1.0,2,2.0,2.0,2.0,2.0,,2,1.0,2.0,2.0,2.0,2.0,,1,1,0.0,2.0,1,0.0,2.0,1,2.0,2.0,2.0,0.0,,,2.0,0,2,2,1,1.0,1.0,2,2.0,2.0,,2.0,1.0,2.0,,0.0,,71,3,1.1663019693654266,-0.19926068752921544
2.0,,2,,2,2,1,1,2,1.0,2,2.0,2,1,0.0,1,0,2.0,1.0,1,2,2,0.0,0.0,1.0,2.0,1.0,2,2.0,2,2.0,1,2.0,2.0,2,1,,1.0,2,2,2,2,1,2,1,1,2.0,1.0,1,2.0,0.0,2.0,2.0,,1,2.0,2.0,2.0,0.0,1.0,2.0,2,1,2.0,2.0,1,2.0,1.0,0,2.0,1.0,2.0,1.0,2.0,,2.0,2,2,2,2,2.0,2.0,2,0.0,0.0,2.0,0.0,1.0,2.0,,2.0,2.0,72,3,1.1670428893905191,-0.2533416876621841
3.0,2.0,2,3.0,0,2,2,2,2,1.0,2,2.0,2,1,0.0,1,2,3.0,2.0,1,1,0,3.0,3.0,2.0,0.0,3.0,2,2.0,0,2.0,3,3.0,2.0,2,2,3.0,3.0,2,2,2,1,2,2,1,1,1.0,0.0,2,2.0,1.0,3.0,2.0,3.0,1,2.0,2.0,2.0,2.0,0.0,2.0,1,1,2.0,2.0,1,0.0,1.0,0,3.0,2.0,3.0,3.0,3.0,3.0,2.0,2,2,2,2,0.0,2.0,2,2.0,1.0,3.0,3.0,1.0,2.0,3.0,2.0,3.0,73,3,1.2042553191489362,-0.44579759998347024
2.0,,1,,2,1,0,0,0,2.0,2,1.0,0,1,2.0,2,1,2.0,2.0,1,1,2,2.0,2.0,2.0,2.0,0.0,2,2.0,2,1.0,1,2.0,2.0,2,2,2.0,2.0,0,1,1,2,2,1,1,2,1.0,2.0,1,2.0,2.0,2.0,2.0,2.0,0,1.0,2.0,2.0,0.0,2.0,2.0,2,1,2.0,2.0,1,,2.0,2,2.0,0.0,,1.0,2.0,2.0,0.0,2,1,2,2,,2.0,2,2.0,2.0,2.0,1.0,1.0,2.0,,2.0,,74,3,1.1903719912472648,-0.4233400265322483
2.0,,0,2.0,2,2,2,0,1,2.0,1,2.0,2,1,2.0,1,2,,2.0,1,1,2,2.0,2.0,2.0,2.0,,1,0.0,2,2.0,2,0.0,2.0,1,0,2.0,2.0,1,2,1,2,2,1,1,2,2.0,2.0,1,1.0,2.0,1.0,1.0,2.0,2,2.0,0.0,2.0,2.0,2.0,,2,1,0.0,2.0,1,,2.0,2,1.0,2.0,,2.0,1.0,,,2,1,2,1,,2.0,0,2.0,1.0,0.0,1.0,2.0,2.0,2.0,,0.0,75,3,1.1640449438202247,-0.23054270204234567
3.0,,1,3.0,2,1,0,2,2,3.0,2,2.0,2,1,2.0,2,2,2.0,0.0,1,1,2,3.0,2.0,2.0,3.0,3.0,2,2.0,3,2.0,3,0.0,2.0,2,1,2.0,2.0,0,2,1,2,2,2,1,2,2.0,3.0,2,0.0,2.0,2.0,1.0,3.0,2,2.0,3.0,2.0,1.0,2.0,3.0,2,2,3.0,0.0,1,0.0,2.0,2,3.0,1.0,3.0,3.0,2.0,2.0,0.0,2,2,0,2,3.0,2.0,1,3.0,2.0,2.0,0.0,2.0,3.0,3.0,2.0,3.0,76,3,1.2452025586353945,-0.3505643748251136
2.0,,2,,2,1,1,2,1,2.0,2,2.0,0,1,2.0,2,0,1.0,2.0,1,1,2,1.0,2.0,2.0,2.0,2.0,2,1.0,2,0.0,1,2.0,2.0,1,1,2.0,2.0,0,2,1,2,1,1,1,2,2.0,2.0,1,0.0,2.0,2.0,1.0,2.0,1,0.0,2.0,2.0,2.0,1.0,0.0,2,1,2.0,2.0,1,,0.0,2,2.0,2.0,2.0,2.0,2.0,2.0,0.0,2,2,2,1,2.0,1.0,1,2.0,2.0,0.0,2.0,1.0,2.0,2.0,1.0,2.0,77,3,1.1706263498920086,-0.4174546727636063
,2.0,2,,0,1,1,0,2,0.0,2,2.0,2,2,2.0,0,1,2.0,2.0,1,1,0,2.0,2.0,1.0,2.0,,2,2.0,1,2.0,2,2.0,2.0,1,2,2.0,2.0,2,0,1,1,0,2,1,1,1.0,1.0,2,2.0,0.0,0.0,1.0,2.0,1,2.0,2.0,2.0,1.0,1.0,2.0,0,2,1.0,2.0,1,2.0,1.0,2,2.0,2.0,,2.0,,,,2,2,2,2,2.0,2.0,1,,1.0,2.0,2.0,2.0,2.0,,,,78,3,1.1737193763919822,-0.3289924217837763
2.0,,2,,0,1,1,1,1,,2,1.0,2,1,2.0,2,1,2.0,2.0,1,1,2,0.0,2.0,2.0,1.0,1.0,2,2.0,2,1.0,1,2.0,,1,1,2.0,2.0,2,2,1,2,2,2,2,0,2.0,2.0,1,0.0,2.0,1.0,1.0,2.0,1,0.0,,2.0,2.0,,,2,1,2.0,2.0,0,2.0,2.0,1,1.0,2.0,0.0,0.0,2.0,,2.0,1,1,0,1,,1.0,1,1.0,2.0,0.0,2.0,2.0,2.0,,2.0,2.0,79,3,1.161987041036717,-0.29906315993538973
2.0,,2,,1,1,2,1,2,2.0,2,2.0,2,0,2.0,2,2,2.0,2.0,1,2,2,1.0,2.0,2.0,0.0,2.0,2,2.0,2,0.0,1,0.0,,0,2,,,2,2,1,2,2,2,2,1,1.0,2.0,1,2.0,2.0,2.0,,,1,0.0,,2.0,0.0,2.0,,2,1,2.0,2.0,1,,1.0,1,1.0,1.0,2.0,1.0,,0.0,1.0,1,2,0,1,2.0,1.0,2,1.0,2.0,2.0,1.0,0.0,2.0,,1.0,2.0,80,3,1.193621867881549,-0.1620313936807788
2.0,,1,,2,1,1,0,0,2.0,2,2.0,2,1,0.0,1,1,2.0,2.0,1,1,0,2.0,0.0,2.0,2.0,2.0,1,2.0,2,2.0,2,2.0,2.0,2,2,,2.0,2,2,0,0,1,2,1,1,2.0,1.0,1,2.0,2.0,2.0,2.0,,1,2.0,2.0,2.0,1.0,2.0,1.0,2,1,2.0,2.0,1,2.0,2.0,1,2.0,2.0,0.0,1.0,1.0,2.0,1.0,1,2,2,1,2.0,0.0,1,2.0,2.0,0.0,2.0,2.0,2.0,,2.0,2.0,81,3,1.1602564102564104,-0.4074748718603439
2.0,2.0,2,,2,2,2,1,2,2.0,2,2.0,2,1,2.0,1,2,2.0,0.0,1,1,2,2.0,0.0,,2.0,1.0,2,0.0,1,2.0,2,2.0,2.0,2,1,2.0,2.0,0,1,2,2,1,1,2,2,1.0,0.0,1,1.0,2.0,2.0,2.0,,1,0.0,2.0,2.0,2.0,2.0,,2,1,0.0,2.0,1,,2.0,1,2.0,2.0,,1.0,1.0,0.0,,2,2,2,2,2.0,,1,0.0,2.0,0.0,1.0,2.0,2.0,,,,82,3,1.170995670995671,-0.10653900744369475
3.0,0.0,2,3.0,2,1,0,2,2,2.0,2,3.0,0,2,2.0,1,1,2.0,2.0,1,1,1,3.0,3.0,1.0,2.0,3.0,2,3.0,1,1.0,2,3.0,3.0,2,2,2.0,3.0,2,1,2,1,2,2,2,1,1.0,1.0,2,3.0,0.0,2.0,3.0,3.0,2,2.0,2.0,2.0,2.0,1.0,2.0,0,1,1.0,2.0,1,0.0,0.0,1,3.0,1.0,2.0,3.0,3.0,3.0,2.0,1,1,0,0,2.0,1.0,2,2.0,1.0,3.0,3.0,0.0,2.0,3.0,2.0,3.0,83,3,1.1804347826086956,-0.44285368258795355
2.0,0.0,1,2.0,1,2,1,1,0,2.0,1,2.0,2,1,2.0,1,2,,2.0,1,1,0,2.0,2.0,2.0,2.0,2.0,1,1.0,2,,2,2.0,2.0,2,2,2.0,0.0,0,2,0,2,1,1,0,2,2.0,2.0,1,1.0,2.0,2.0,2.0,2.0,1,0.0,2.0,2.0,2.0,1.0,0.0,1,2,2.0,2.0,1,,2.0,2,2.0,2.0,,2.0,2.0,,,2,2,2,2,,,1,2.0,2.0,2.0,0.0,2.0,2.0,2.0,,,84,3,1.1939953810623556,-0.3016520323731786
2.0,3.0,2,3.0,2,0,1,1,1,2.0,0,2.0,2,2,2.0,2,2,2.0,2.0,2,2,3,1.0,3.0,3.0,2.0,2.0,2,1.0,0,1.0,2,2.0,3.0,1,2,2.0,3.0,2,2,1,2,2,2,2,2,1.0,2.0,1,2.0,2.0,2.0,3.0,3.0,1,0.0,3.0,3.0,2.0,3.0,3.0,2,2,2.0,2.0,1,3.0,2.0,1,2.0,0.0,0.0,0.0,2.0,0.0,1.0,1,1,1,1,3.0,0.0,2,2.0,3.0,2.0,2.0,1.0,2.0,0.0,2.0,3.0,85,3,1.1824175824175824,-0.35417536668157157
0.0,,1,0.0,1,1,1,1,0,2.0,2,2.0,1,2,2.0,0,1,2.0,2.0,0,1,2,1.0,2.0,,0.0,2.0,1,2.0,2,2.0,1,0.0,2.0,1,0,2.0,2.0,2,2,1,2,1,2,1,2,1.0,2.0,1,1.0,2.0,2.0,2.0,,2,0.0,2.0,2.0,2.0,,,2,2,2.0,2.0,1,,2.0,1,1.0,2.0,,1.0,2.0,,2.0,2,1,2,2,,0.0,1,1.0,2.0,2.0,2.0,1.0,2.0,,2.0,,86,3,1.1964679911699778,-0.2674948596561444
0.0,2.0,2,3.0,2,2,2,1,2,1.0,2,1.0,2,1,2.0,2,0,2.0,2.0,2,2,3,1.0,2.0,2.0,2.0,2.0,1,3.0,0,1.0,1,0.0,3.0,2,2,3.0,0.0,2,1,1,2,2,2,2,2,1.0,2.0,1,2.0,2.0,2.0,3.0,3.0,0,0.0,3.0,2.0,0.0,2.0,2.0,2,1,1.0,3.0,1,3.0,1.0,2,1.0,0.0,3.0,1.0,3.0,3.0,2.0,2,2,2,1,2.0,2.0,2,2.0,2.0,2.0,1.0,2.0,3.0,3.0,2.0,0.0,87,3,1.1951219512195121,-0.3990702475291803
2.0,,1,,2,2,2,2,1,2.0,2,2.0,0,1,2.0,1,1,2.0,2.0,1,1,2,2.0,2.0,2.0,2.0,2.0,1,1.0,2,2.0,0,2.0,2.0,2,1,2.0,2.0,2,2,1,2,0,0,0,2,2.0,2.0,1,2.0,2.0,2.0,1.0,2.0,2,2.0,2.0,0.0,2.0,2.0,2.0,2,1,2.0,0.0,1,,1.0,0,,2.0,2.0,2.0,2.0,,,1,2,2,1,2.0,2.0,1,2.0,2.0,0.0,1.0,2.0,2.0,,2.0,0.0,88,3,1.1724137931034482,-0.3651631385808718
2.0,,1,,2,1,0,1,2,2.0,2,1.0,2,2,2.0,2,2,0.0,2.0,1,2,2,1.0,2.0,2.0,0.0,2.0,2,2.0,2,2.0,1,2.0,,2,2,,0.0,2,0,2,1,2,2,2,2,1.0,1.0,1,2.0,2.0,2.0,,,1,1.0,,2.0,2.0,2.0,,2,0,2.0,,1,0.0,1.0,1,0.0,2.0,2.0,1.0,2.0,,2.0,0,2,1,2,2.0,2.0,1,2.0,2.0,0.0,1.0,2.0,2.0,,,,89,3,1.2157303370786516,-0.13430339227832394
3.0,2.0,2,3.0,2,0,2,2,2,2.0,2,2.0,2,1,2.0,1,2,2.0,2.0,1,2,2,3.0,3.0,2.0,0.0,3.0,2,2.0,1,1.0,2,3.0,3.0,2,2,3.0,3.0,2,1,2,1,2,2,2,2,0.0,2.0,2,2.0,2.0,2.0,0.0,3.0,2,3.0,2.0,2.0,1.0,2.0,0.0,1,1,0.0,0.0,1,2.0,2.0,1,3.0,2.0,0.0,3.0,3.0,2.0,1.0,1,2,1,1,2.0,1.0,1,2.0,0.0,2.0,3.0,1.0,3.0,3.0,0.0,3.0,90,3,1.1760722347629797,-0.3300992110944949
2.0,,1,,2,2,2,0,1,2.0,1,1.0,2,1,2.0,1,1,2.0,2.0,1,1,0,1.0,2.0,2.0,0.0,0.0,2,1.0,2,2.0,1,2.0,2.0,2,2,2.0,2.0,0,2,1,2,2,1,0,0,2.0,1.0,1,0.0,1.0,2.0,1.0,2.0,2,1.0,2.0,2.0,1.0,0.0,2.0,1,1,2.0,2.0,1,2.0,2.0,1,2.0,2.0,0.0,1.0,2.0,,,2,2,1,2,2.0,2.0,1,1.0,2.0,2.0,2.0,2.0,2.0,,2.0,,91,3,1.135857461024499,-0.3807777831065994
2.0,2.0,1,3.0,1,1,0,2,2,3.0,2,2.0,2,1,2.0,2,1,2.0,2.0,1,1,2,3.0,2.0,3.0,3.0,3.0,2,2.0,2,1.0,2,3.0,2.0,2,0,2.0,2.0,0,2,1,2,2,1,2,2,2.0,1.0,2,2.0,2.0,2.0,1.0,0.0,1,2.0,3.0,2.0,3.0,2.0,3.0,2,2,2.0,0.0,1,2.0,2.0,1,0.0,2.0,0.0,2.0,2.0,3.0,2.0,2,0,2,1,2.0,1.0,1,3.0,3.0,2.0,0.0,2.0,2.0,3.0,0.0,3.0,92,3,1.1842105263157894,-0.3760586797336034
2.0,0.0,2,,2,1,0,2,2,2.0,2,2.0,2,1,2.0,1,2,2.0,2.0,1,2,2,2.0,2.0,1.0,2.0,0.0,0,2.0,1,0.0,2,2.0,,2,2,,,2,1,2,0,2,1,2,2,1.0,2.0,2,2.0,1.0,,2.0,,1,1.0,2.0,0.0,1.0,1.0,2.0,1,1,2.0,2.0,1,2.0,0.0,2,2.0,2.0,2.0,1.0,2.0,2.0,2.0,1,1,2,1,1.0,2.0,1,0.0,2.0,2.0,1.0,1.0,2.0,,0.0,2.0,93,3,1.1666666666666667,-0.2511058733999973
3.0,3.0,1,3.0,1,0,2,2,1,2.0,2,3.0,2,0,2.0,1,1,0.0,2.0,1,1,0,2.0,0.0,3.0,2.0,3.0,1,0.0,2,1.0,2,3.0,2.0,2,2,3.0,2.0,2,2,1,2,0,1,1,0,3.0,2.0,2,2.0,2.0,2.0,1.0,0.0,2,3.0,2.0,2.0,2.0,2.0,3.0,2,2,2.0,2.0,1,3.0,2.0,1,3.0,2.0,0.0,2.0,1.0,2.0,1.0,1,2,1,1,3.0,1.0,1,3.0,2.0,1.0,2.0,2.0,2.0,3.0,2.0,3.0,94,3,1.1825902335456475,-0.4137521581922379
,0.0,2,,2,1,2,1,2,0.0,2,2.0,1,1,1.0,0,0,1.0,1.0,1,1,2,2.0,2.0,2.0,2.0,,2,0.0,1,1.0,2,2.0,1.0,1,2,2.0,2.0,2,2,1,2,1,1,1,2,2.0,2.0,2,2.0,1.0,2.0,2.0,,2,2.0,2.0,1.0,1.0,1.0,2.0,2,1,1.0,2.0,0,2.0,1.0,1,,0.0,2.0,,2.0,2.0,1.0,1,1,0,1,2.0,0.0,1,2.0,1.0,2.0,2.0,0.0,2.0,2.0,1.0,2.0,95,3,1.1366594360086768,-0.3118659889198288
1.0,2.0,1,,1,2,2,1,2,2.0,2,2.0,2,1,2.0,1,0,0.0,2.0,1,1,2,0.0,2.0,2.0,2.0,2.0,2,2.0,2,2.0,1,0.0,2.0,2,2,2.0,2.0,1,1,0,2,2,1,1,1,2.0,1.0,1,0.0,1.0,2.0,1.0,2.0,2,1.0,2.0,2.0,2.0,0.0,2.0,1,2,0.0,2.0,1,2.0,2.0,2,2.0,1.0,,1.0,,,2.0,2,0,2,2,,1.0,1,2.0,2.0,2.0,2.0,2.0,0.0,,2.0,,96,3,1.16289592760181,-0.300073974328336
2.0,2.0,1,2.0,2,1,2,1,2,2.0,2,2.0,1,1,1.0,1,1,2.0,2.0,1,2,2,2.0,2.0,2.0,0.0,2.0,2,2.0,1,1.0,2,,2.0,0,1,2.0,,2,2,2,1,2,1,2,0,2.0,1.0,1,2.0,1.0,2.0,2.0,2.0,0,1.0,2.0,0.0,1.0,2.0,2.0,2,1,2.0,2.0,0,2.0,1.0,0,2.0,1.0,2.0,2.0,,2.0,2.0,1,1,0,1,1.0,1.0,2,2.0,2.0,2.0,0.0,2.0,0.0,,2.0,2.0,97,3,1.168103448275862,-0.4237829595254625
2.0,,2,,0,1,1,1,2,1.0,2,0.0,2,2,0.0,1,2,,2.0,1,1,2,1.0,1.0,2.0,2.0,2.0,1,2.0,2,2.0,2,2.0,2.0,2,2,0.0,0.0,2,2,2,2,2,2,1,2,2.0,0.0,1,2.0,2.0,2.0,2.0,,1,2.0,2.0,2.0,2.0,2.0,2.0,1,1,2.0,,1,2.0,2.0,2,2.0,0.0,,0.0,2.0,2.0,2.0,2,1,2,2,2.0,2.0,2,2.0,0.0,,2.0,1.0,0.0,,,,98,3,1.1838074398249452,-0.17985860271161272
2.0,2.0,2,,2,2,2,0,1,2.0,2,1.0,2,2,2.0,1,2,,2.0,1,1,2,2.0,2.0,2.0,0.0,2.0,1,0.0,1,2.0,1,2.0,2.0,0,2,2.0,2.0,2,2,2,1,0,1,1,1,1.0,1.0,2,2.0,1.0,2.0,2.0,0.0,0,1.0,0.0,2.0,2.0,2.0,2.0,0,1,1.0,,1,2.0,1.0,2,1.0,2.0,,1.0,2.0,,,2,2,2,0,2.0,,2,2.0,2.0,1.0,1.0,2.0,2.0,2.0,,,99,3,1.1738197424892705,-0.24897336561163158
2.0,2.0,1,2.0,1,2,2,1,2,1.0,1,1.0,1,1,1.0,1,1,2.0,2.0,1,1,2,0.0,2.0,2.0,2.0,0.0,1,2.0,0,2.0,1,2.0,2.0,1,0,2.0,2.0,1,2,1,1,2,0,0,2,2.0,2.0,1,1.0,2.0,2.0,1.0,2.0,2,2.0,0.0,0.0,2.0,2.0,2.0,2,0,2.0,2.0,1,,1.0,1,2.0,2.0,2.0,2.0,2.0,,2.0,0,2,2,1,2.0,2.0,1,1.0,2.0,2.0,2.0,1.0,2.0,2.0,2.0,2.0,100,3,1.1565995525727069,-0.5270911949975099
1.0,,1,,1,2,0,1,2,2.0,2,2.0,2,1,2.0,1,1,2.0,2.0,1,1,0,2.0,2.0,2.0,2.0,2.0,2,2.0,2,2.0,0,0.0,2.0,2,2,,2.0,2,1,1,1,2,1,1,2,2.0,1.0,1,2.0,0.0,0.0,1.0,0.0,0,1.0,2.0,2.0,2.0,2.0,,1,1,2.0,2.0,1,2.0,2.0,2,1.0,2.0,,1.0,,,,2,1,2,2,2.0,2.0,0,2.0,2.0,2.0,1.0,2.0,2.0,0.0,,,101,3,1.132608695652174,-0.26909182095286077
1.0,2.0,2,,2,1,1,1,2,2.0,2,0.0,2,1,2.0,0,2,,2.0,1,1,0,1.0,2.0,2.0,2.0,2.0,2,2.0,1,2.0,2,2.0,2.0,2,1,2.0,2.0,1,1,2,0,1,2,1,2,2.0,1.0,0,2.0,1.0,2.0,0.0,,0,2.0,2.0,1.0,1.0,0.0,2.0,1,1,1.0,0.0,1,2.0,1.0,2,1.0,2.0,,1.0,2.0,,,2,2,2,2,2.0,,1,1.0,2.0,1.0,0.0,2.0,2.0,,,2.0,102,3,1.1527196652719665,-0.3167639474260041
2.0,,1,0.0,2,2,2,1,2,2.0,2,2.0,2,1,2.0,2,1,,2.0,1,1,1,2.0,2.0,2.0,0.0,2.0,2,2.0,2,2.0,1,2.0,2.0,0,0,2.0,2.0,1,2,2,2,2,0,2,1,2.0,1.0,1,2.0,2.0,2.0,2.0,2.0,2,1.0,,2.0,2.0,0.0,,2,1,2.0,2.0,1,0.0,2.0,2,2.0,,,2.0,,,,2,2,2,2,0.0,,2,0.0,2.0,2.0,2.0,2.0,0.0,,2.0,,103,3,1.216867469879518,-0.15388015443295394
2.0,,1,2.0,1,1,2,2,2,2.0,1,2.0,1,1,1.0,1,1,1.0,1.0,1,0,0,2.0,0.0,2.0,2.0,,0,2.0,2,1.0,2,2.0,2.0,1,1,0.0,1.0,1,0,1,1,1,2,1,1,2.0,1.0,1,2.0,1.0,0.0,1.0,2.0,1,2.0,1.0,2.0,2.0,2.0,,2,2,2.0,2.0,1,2.0,2.0,0,,2.0,2.0,2.0,2.0,,2.0,0,0,1,1,2.0,1.0,1,2.0,2.0,2.0,2.0,2.0,2.0,2.0,2.0,2.0,104,3,1.1213483146067416,-0.3742201144599906
3.0,,1,2.0,0,0,1,2,1,2.0,1,2.0,2,0,1.0,2,2,3.0,2.0,1,1,2,2.0,2.0,2.0,3.0,2.0,0,1.0,2,2.0,2,2.0,0.0,1,1,2.0,2.0,2,2,1,2,2,1,1,2,2.0,3.0,2,0.0,3.0,2.0,1.0,0.0,2,0.0,2.0,2.0,2.0,2.0,0.0,2,2,3.0,2.0,1,3.0,3.0,2,3.0,2.0,3.0,2.0,2.0,3.0,2.0,2,2,2,2,3.0,3.0,1,3.0,0.0,1.0,2.0,2.0,2.0,2.0,3.0,3.0,105,3,1.2115812917594655,-0.35462387876022355
0.0,0.0,1,3.0,2,1,2,2,2,2.0,2,0.0,2,2,1.0,1,2,2.0,2.0,2,2,3,2.0,2.0,2.0,2.0,2.0,2,3.0,0,1.0,2,2.0,2.0,2,2,3.0,3.0,2,2,1,2,3,2,1,2,2.0,2.0,1,2.0,2.0,2.0,3.0,3.0,1,2.0,0.0,2.0,2.0,2.0,3.0,2,0,1.0,3.0,1,3.0,1.0,0,2.0,0.0,2.0,1.0,3.0,3.0,2.0,2,0,1,1,2.0,1.0,2,2.0,2.0,3.0,2.0,1.0,2.0,3.0,2.0,0.0,106,3,1.1914414414414414,-0.3957478046136522
2.0,0.0,2,0.0,0,2,2,1,2,2.0,2,1.0,2,1,,2,2,,2.0,1,2,2,2.0,0.0,2.0,2.0,0.0,2,2.0,2,2.0,1,0.0,,1,0,2.0,2.0,2,2,2,1,2,2,2,2,2.0,0.0,1,2.0,2.0,2.0,2.0,,2,2.0,,2.0,2.0,0.0,2.0,1,2,2.0,2.0,1,,1.0,2,2.0,,,1.0,,,,0,2,2,2,2.0,,2,2.0,2.0,2.0,2.0,2.0,2.0,,,2.0,107,3,1.2481572481572483,-0.05035430877213353
2.0,,0,2.0,2,2,1,1,2,2.0,1,2.0,0,0,2.0,1,0,2.0,2.0,1,1,2,0.0,2.0,2.0,2.0,2.0,1,2.0,2,2.0,1,2.0,2.0,1,1,0.0,2.0,1,2,1,2,2,1,1,2,0.0,2.0,1,0.0,2.0,2.0,0.0,2.0,2,1.0,2.0,2.0,2.0,0.0,,2,1,2.0,2.0,1,,2.0,1,2.0,2.0,,2.0,2.0,,,2,2,2,2,,2.0,1,2.0,2.0,1.0,2.0,2.0,2.0,2.0,2.0,,108,3,1.1846846846846846,-0.4786780016670966
,,1,0.0,2,1,1,2,2,2.0,2,2.0,2,2,2.0,1,1,2.0,1.0,0,1,1,2.0,0.0,2.0,2.0,1.0,1,2.0,2,2.0,2,2.0,2.0,1,1,2.0,2.0,1,0,1,1,2,0,1,1,2.0,2.0,2,2.0,1.0,2.0,2.0,2.0,2,2.0,0.0,2.0,2.0,0.0,,2,1,2.0,2.0,1,2.0,1.0,2,,0.0,,2.0,2.0,,2.0,2,1,2,0,2.0,2.0,2,0.0,2.0,2.0,2.0,1.0,2.0,2.0,2.0,,109,3,1.1908893709327548,-0.36975757353108885
,,1,,1,1,0,2,1,2.0,2,2.0,2,1,2.0,1,1,2.0,2.0,0,1,2,0.0,1.0,2.0,1.0,2.0,1,2.0,2,1.0,2,,0.0,2,1,2.0,2.0,1,1,2,1,1,1,1,2,1.0,2.0,2,1.0,2.0,2.0,0.0,2.0,2,2.0,2.0,1.0,0.0,2.0,2.0,2,1,2.0,2.0,1,,0.0,2,,2.0,,2.0,2.0,0.0,2.0,2,2,2,1,2.0,2.0,1,2.0,2.0,0.0,2.0,1.0,2.0,,0.0,2.0,110,3,1.1906779661016949,-0.35673428655630857
2.0,2.0,1,,1,2,2,1,2,1.0,1,2.0,1,1,1.0,0,2,,1.0,1,0,1,1.0,2.0,2.0,1.0,1.0,1,2.0,1,2.0,1,1.0,2.0,2,2,2.0,2.0,1,2,1,1,1,1,0,1,1.0,1.0,0,1.0,1.0,2.0,0.0,2.0,2,0.0,1.0,1.0,2.0,0.0,2.0,1,1,2.0,2.0,1,2.0,0.0,2,2.0,0.0,,1.0,2.0,,2.0,2,2,2,1,2.0,2.0,1,0.0,1.0,2.0,2.0,1.0,1.0,,2.0,2.0,111,3,1.1452991452991452,-0.3811600103259401
2.0,2.0,2,,2,1,2,1,2,2.0,1,2.0,0,1,1.0,0,0,2.0,2.0,1,1,2,1.0,2.0,2.0,2.0,2.0,2,2.0,2,1.0,1,2.0,2.0,2,1,2.0,2.0,0,1,1,1,2,2,1,2,2.0,0.0,2,0.0,1.0,2.0,1.0,,2,2.0,1.0,2.0,2.0,1.0,2.0,1,1,1.0,0.0,1,2.0,1.0,1,2.0,2.0,2.0,2.0,2.0,0.0,2.0,0,1,2,2,2.0,1.0,1,2.0,2.0,2.0,2.0,0.0,2.0,,2.0,,112,3,1.1346578366445916,-0.4277011302693273
2.0,,1,,2,1,2,2,2,2.0,2,2.0,1,1,1.0,1,1,2.0,2.0,1,1,1,2.0,2.0,2.0,2.0,2.0,1,2.0,2,2.0,2,2.0,1.0,2,0,2.0,2.0,1,2,1,2,2,0,1,0,2.0,2.0,1,2.0,2.0,2.0,1.0,2.0,1,2.0,0.0,2.0,0.0,2.0,,2,0,2.0,0.0,1,2.0,1.0,1,,1.0,2.0,2.0,2.0,,2.0,2,2,1,1,2.0,2.0,0,1.0,1.0,1.0,2.0,0.0,2.0,,2.0,0.0,113,3,1.1614349775784754,-0.40706541103343913
2.0,,2,,2,1,1,0,0,2.0,2,2.0,0,2,2.0,1,0,2.0,2.0,1,2,2,1.0,2.0,2.0,0.0,2.0,2,2.0,2,1.0,1,2.0,,2,2,2.0,,2,2,1,2,2,2,1,1,1.0,0.0,1,1.0,2.0,,,,1,0.0,1.0,2.0,2.0,2.0,,2,1,2.0,,1,2.0,1.0,1,1.0,2.0,0.0,1.0,2.0,,2.0,1,2,0,1,2.0,1.0,2,1.0,2.0,2.0,2.0,0.0,2.0,,2.0,2.0,114,3,1.1601731601731602,-0.30782704071812944
2.0,,2,,2,1,2,1,2,1.0,2,1.0,2,2,2.0,1,2,2.0,2.0,1,2,2,0.0,2.0,1.0,2.0,0.0,2,2.0,2,1.0,2,2.0,2.0,2,2,,2.0,1,2,1,1,2,1,0,2,1.0,1.0,1,2.0,1.0,,2.0,,1,2.0,2.0,1.0,0.0,0.0,2.0,1,1,2.0,,1,2.0,0.0,1,2.0,0.0,2.0,2.0,2.0,2.0,2.0,2,0,1,0,2.0,1.0,2,2.0,1.0,2.0,2.0,1.0,0.0,,2.0,1.0,115,3,1.1776765375854215,-0.33141934151020397
0.0,2.0,2,,2,2,2,0,2,1.0,2,1.0,2,2,2.0,0,1,,0.0,1,1,1,1.0,2.0,2.0,1.0,2.0,2,2.0,2,2.0,1,1.0,0.0,2,2,,0.0,2,2,2,2,2,2,1,1,2.0,1.0,1,2.0,0.0,,,,1,1.0,2.0,2.0,1.0,2.0,2.0,2,2,2.0,,1,2.0,1.0,2,0.0,2.0,,2.0,,,,2,1,0,1,2.0,2.0,2,2.0,2.0,,2.0,2.0,0.0,,,2.0,116,3,1.1755555555555555,-0.05644094293535273
,0.0,1,,1,0,2,2,1,1.0,2,2.0,2,1,1.0,1,1,2.0,2.0,1,2,2,2.0,2.0,2.0,,,1,1.0,2,1.0,2,2.0,2.0,2,1,2.0,2.0,1,2,1,2,2,0,0,2,,2.0,2,2.0,2.0,0.0,1.0,2.0,2,,2.0,2.0,2.0,0.0,0.0,1,2,2.0,2.0,1,,2.0,0,,1.0,2.0,,0.0,2.0,0.0,2,2,2,1,,1.0,1,,2.0,1.0,2.0,1.0,2.0,,1.0,,117,3,1.1883116883116882,-0.21030596273452268
2.0,2.0,1,2.0,1,1,1,1,2,1.0,1,2.0,1,0,1.0,1,0,1.0,1.0,0,0,1,2.0,1.0,2.0,2.0,2.0,1,1.0,2,2.0,1,2.0,2.0,1,1,2.0,2.0,1,0,1,1,1,1,1,1,2.0,1.0,2,2.0,1.0,1.0,1.0,2.0,1,2.0,2.0,1.0,2.0,2.0,2.0,0,1,1.0,0.0,0,2.0,1.0,1,2.0,2.0,2.0,2.0,2.0,,2.0,0,2,1,2,2.0,1.0,1,2.0,2.0,2.0,0.0,1.0,2.0,2.0,2.0,1.0,118,3,1.1108647450110865,-0.5143927101140919
2.0,2.0,1,,2,2,2,0,2,0.0,1,2.0,2,2,1.0,1,1,2.0,1.0,1,0,0,2.0,0.0,2.0,2.0,2.0,2,1.0,2,2.0,2,1.0,0.0,2,1,2.0,1.0,2,2,2,0,2,1,1,1,1.0,0.0,0,2.0,1.0,2.0,2.0,2.0,1,2.0,2.0,2.0,1.0,1.0,2.0,1,1,1.0,2.0,1,2.0,1.0,0,1.0,2.0,2.0,1.0,1.0,,2.0,1,2,2,1,1.0,2.0,1,2.0,2.0,2.0,2.0,2.0,2.0,2.0,1.0,2.0,119,3,1.1481481481481481,-0.3373386483970213
1.0,,2,0.0,2,0,1,1,1,2.0,2,1.0,0,1,2.0,2,0,2.0,2.0,1,1,2,1.0,2.0,2.0,2.0,1.0,2,2.0,2,1.0,0,2.0,2.0,2,1,2.0,2.0,2,2,1,2,2,1,2,1,,2.0,1,2.0,2.0,2.0,2.0,,2,2.0,,2.0,2.0,,0.0,2,2,,2.0,1,,2.0,2,0.0,2.0,,1.0,2.0,0.0,2.0,2,2,1,2,0.0,2.0,2,2.0,,0.0,2.0,2.0,2.0,,1.0,,120,3,1.193103448275862,-0.06146494341534732
2.0,,1,,2,2,2,2,2,2.0,1,2.0,1,2,1.0,0,1,2.0,0.0,1,0,1,1.0,0.0,2.0,2.0,2.0,2,2.0,2,2.0,2,2.0,2.0,2,2,2.0,0.0,0,1,1,2,1,1,1,1,2.0,1.0,0,2.0,0.0,2.0,2.0,,2,2.0,2.0,2.0,2.0,1.0,,2,2,2.0,,1,2.0,2.0,2,,2.0,,2.0,2.0,,2.0,2,0,2,1,2.0,2.0,1,1.0,2.0,2.0,1.0,2.0,1.0,0.0,,,121,3,1.1973094170403586,-0.21332919027259173
2.0,,1,0.0,0,1,1,2,2,2.0,1,2.0,0,1,2.0,1,1,2.0,2.0,1,1,2,0.0,2.0,2.0,2.0,2.0,0,2.0,0,1.0,2,2.0,2.0,1,1,0.0,1.0,2,2,1,2,2,2,1,2,2.0,2.0,1,0.0,2.0,2.0,1.0,2.0,2,1.0,1.0,2.0,,2.0,,2,1,2.0,2.0,0,,2.0,2,2.0,2.0,2.0,2.0,2.0,,2.0,2,2,2,1,2.0,0.0,1,2.0,2.0,2.0,2.0,2.0,2.0,2.0,2.0,2.0,122,3,1.194508009153318,-0.3873028318498967
2.0,2.0,1,,0,1,2,2,2,2.0,2,2.0,2,2,2.0,1,2,2.0,2.0,1,2,2,2.0,2.0,2.0,2.0,2.0,2,2.0,0,1.0,0,2.0,,1,2,,,2,2,1,2,2,1,2,1,1.0,2.0,1,2.0,2.0,2.0,2.0,0.0,1,2.0,,2.0,2.0,2.0,,2,0,1.0,,1,,1.0,1,2.0,0.0,0.0,2.0,,2.0,1.0,2,0,1,0,2.0,1.0,1,2.0,2.0,2.0,2.0,2.0,0.0,,2.0,2.0,123,3,1.1839080459770115,-0.27745576565692126
0.0,,1,,1,2,2,1,2,2.0,1,2.0,2,1,2.0,2,1,,2.0,1,1,2,2.0,2.0,0.0,2.0,,0,1.0,2,2.0,2,2.0,2.0,2,0,2.0,2.0,0,2,1,2,2,1,1,0,2.0,0.0,1,0.0,1.0,2.0,0.0,2.0,2,2.0,2.0,2.0,2.0,1.0,2.0,2,1,2.0,2.0,1,2.0,2.0,2,2.0,2.0,,2.0,1.0,,,2,1,2,1,2.0,2.0,1,2.0,2.0,1.0,1.0,2.0,0.0,2.0,2.0,2.0,124,3,1.15962441314554,-0.34266656189572914
2.0,,0,2.0,1,1,0,1,0,2.0,1,2.0,1,1,2.0,1,1,2.0,1.0,0,1,2,1.0,1.0,2.0,1.0,1.0,1,1.0,2,2.0,2,2.0,2.0,1,1,2.0,2.0,1,0,1,2,2,1,1,1,1.0,1.0,0,0.0,2.0,1.0,2.0,2.0,2,0.0,2.0,2.0,2.0,2.0,,2,1,2.0,2.0,1,,1.0,0,2.0,2.0,,1.0,2.0,,,2,1,2,2,2.0,2.0,1,2.0,2.0,1.0,2.0,2.0,0.0,2.0,2.0,2.0,125,3,1.1438202247191012,-0.49656353783063545
2.0,,1,,1,0,1,1,2,2.0,1,1.0,1,2,1.0,1,2,2.0,0.0,1,0,1,2.0,2.0,2.0,0.0,2.0,1,2.0,2,2.0,0,2.0,2.0,2,1,2.0,2.0,1,1,1,1,2,1,1,1,0.0,2.0,1,2.0,2.0,0.0,1.0,2.0,2,1.0,0.0,2.0,1.0,2.0,,2,0,1.0,2.0,1,,2.0,1,2.0,1.0,2.0,2.0,2.0,2.0,1.0,2,2,1,1,2.0,2.0,0,1.0,2.0,2.0,2.0,2.0,2.0,,2.0,,126,3,1.148471615720524,-0.37810338980130304
2.0,0.0,0,,2,1,0,2,1,2.0,0,2.0,2,1,2.0,1,1,2.0,2.0,1,1,0,2.0,2.0,0.0,2.0,2.0,2,2.0,2,2.0,2,2.0,2.0,2,2,2.0,,1,1,0,1,2,1,1,0,1.0,0.0,1,2.0,1.0,2.0,2.0,2.0,2,2.0,2.0,2.0,2.0,1.0,2.0,1,1,2.0,2.0,1,1.0,1.0,2,2.0,2.0,,2.0,2.0,,0.0,2,1,2,2,2.0,2.0,1,2.0,2.0,2.0,2.0,2.0,2.0,,2.0,2.0,127,3,1.1690140845070423,-0.4543084332558177
2.0,2.0,2,,2,2,1,2,2,2.0,2,2.0,2,0,1.0,1,1,2.0,2.0,1,1,2,1.0,2.0,2.0,2.0,0.0,2,2.0,0,1.0,1,0.0,0.0,1,0,2.0,,1,2,1,1,2,1,1,2,2.0,2.0,1,2.0,2.0,2.0,2.0,,1,2.0,2.0,2.0,2.0,2.0,,0,2,1.0,1.0,1,2.0,0.0,1,2.0,2.0,2.0,2.0,2.0,,2.0,0,2,1,1,1.0,2.0,2,1.0,1.0,2.0,2.0,0.0,2.0,2.0,2.0,2.0,128,3,1.1663113006396588,-0.3847957127269442
,0.0,1,0.0,2,1,2,2,2,2.0,2,2.0,2,1,1.0,2,1,2.0,2.0,1,1,0,,2.0,2.0,2.0,,2,1.0,2,1.0,2,,1.0,2,1,2.0,1.0,0,2,1,2,2,0,0,1,2.0,2.0,2,2.0,2.0,2.0,1.0,2.0,2,,2.0,2.0,2.0,2.0,,2,1,2.0,2.0,1,,1.0,0,,1.0,1.0,,2.0,2.0,0.0,2,2,0,1,2.0,1.0,1,,2.0,2.0,2.0,2.0,2.0,2.0,2.0,0.0,129,3,1.165929203539823,-0.23435341392517006
,2.0,1,0.0,2,1,0,2,2,2.0,1,2.0,2,1,2.0,2,2,2.0,2.0,1,1,2,2.0,2.0,2.0,2.0,1.0,2,2.0,2,1.0,2,,0.0,2,2,,2.0,2,1,2,1,2,2,2,2,2.0,1.0,2,0.0,2.0,2.0,2.0,,0,1.0,,2.0,2.0,2.0,,1,1,0.0,2.0,1,,1.0,1,,2.0,0.0,2.0,,,2.0,0,0,0,1,2.0,1.0,1,2.0,2.0,2.0,2.0,2.0,,,2.0,2.0,130,3,1.1788079470198676,-0.23414051820511597
2.0,2.0,0,2.0,2,1,1,1,2,2.0,1,2.0,2,0,2.0,2,0,0.0,2.0,1,1,2,2.0,1.0,2.0,2.0,2.0,1,2.0,2,1.0,2,2.0,2.0,1,1,0.0,2.0,1,2,1,2,2,1,1,0,0.0,1.0,1,2.0,1.0,2.0,2.0,2.0,1,2.0,2.0,2.0,2.0,2.0,,2,1,2.0,2.0,1,2.0,2.0,1,2.0,1.0,2.0,2.0,2.0,,2.0,2,0,1,1,2.0,1.0,1,2.0,2.0,2.0,0.0,2.0,2.0,2.0,0.0,2.0,131,3,1.1224018475750577,-0.48417102694801406
,,0,,2,1,1,1,0,2.0,1,2.0,1,1,1.0,0,0,2.0,2.0,1,1,2,2.0,2.0,2.0,2.0,2.0,0,1.0,2,2.0,2,2.0,2.0,2,1,2.0,2.0,2,2,1,2,1,1,1,2,2.0,2.0,1,1.0,2.0,2.0,2.0,2.0,2,2.0,2.0,0.0,2.0,2.0,2.0,2,1,2.0,2.0,1,,2.0,1,,2.0,2.0,2.0,1.0,,0.0,2,1,2,1,2.0,1.0,1,2.0,2.0,0.0,1.0,1.0,0.0,,0.0,2.0,132,3,1.1631701631701632,-0.37888572526110686
2.0,,1,,2,1,1,1,2,1.0,2,2.0,2,2,2.0,2,1,2.0,2.0,1,1,1,1.0,2.0,2.0,1.0,1.0,2,1.0,2,2.0,1,2.0,2.0,1,1,2.0,2.0,0,0,1,1,2,0,1,0,1.0,1.0,1,0.0,1.0,2.0,1.0,2.0,1,0.0,2.0,2.0,0.0,0.0,2.0,2,1,2.0,2.0,1,2.0,1.0,2,2.0,2.0,,0.0,2.0,0.0,2.0,2,2,2,2,2.0,2.0,1,1.0,2.0,2.0,2.0,2.0,2.0,2.0,,,133,3,1.1225806451612903,-0.448469624247844
0.0,,1,,2,1,1,1,2,2.0,2,2.0,2,2,2.0,1,1,2.0,2.0,1,0,2,1.0,1.0,,2.0,2.0,1,2.0,2,2.0,2,2.0,2.0,2,1,2.0,2.0,1,2,2,2,1,1,1,2,2.0,2.0,1,2.0,2.0,2.0,2.0,0.0,1,2.0,0.0,2.0,,2.0,,2,2,2.0,2.0,2,,2.0,2,2.0,1.0,,0.0,0.0,,2.0,2,0,2,1,,0.0,1,2.0,,1.0,0.0,2.0,0.0,,2.0,,134,3,1.167032967032967,-0.15175824868931917
2.0,2.0,0,2.0,1,2,0,1,1,2.0,1,2.0,2,1,1.0,1,1,2.0,2.0,1,1,2,2.0,2.0,2.0,2.0,2.0,1,2.0,1,2.0,2,0.0,2.0,1,0,2.0,2.0,1,0,1,1,2,1,0,2,0.0,1.0,1,1.0,2.0,2.0,2.0,2.0,0,1.0,2.0,2.0,1.0,2.0,2.0,1,1,1.0,2.0,1,2.0,1.0,1,2.0,2.0,,1.0,2.0,,,2,1,2,2,2.0,2.0,1,2.0,0.0,2.0,1.0,2.0,2.0,0.0,2.0,2.0,135,3,1.1062906724511932,-0.5547271229978115
,2.0,2,,1,1,1,1,2,2.0,2,2.0,1,1,1.0,1,0,2.0,2.0,0,1,1,2.0,1.0,1.0,2.0,2.0,1,2.0,2,1.0,2,2.0,2.0,1,1,2.0,2.0,1,1,1,0,1,1,0,1,2.0,1.0,2,2.0,1.0,2.0,2.0,2.0,1,2.0,2.0,1.0,1.0,1.0,2.0,0,1,1.0,2.0,0,2.0,1.0,1,,1.0,2.0,2.0,2.0,2.0,2.0,1,1,0,1,0.0,1.0,1,2.0,2.0,2.0,0.0,0.0,2.0,2.0,1.0,2.0,136,3,1.1412037037037037,-0.5959879498281985
0.0,2.0,2,,2,1,0,1,1,2.0,2,2.0,2,1,2.0,2,0,1.0,2.0,1,1,2,1.0,1.0,2.0,2.0,2.0,1,2.0,2,2.0,1,0.0,2.0,2,1,2.0,2.0,2,0,1,2,0,1,2,2,1.0,2.0,1,2.0,2.0,2.0,2.0,,1,2.0,,2.0,0.0,2.0,2.0,2,2,2.0,2.0,1,,1.0,2,2.0,2.0,,1.0,2.0,,2.0,2,2,2,2,,0.0,1,2.0,2.0,0.0,0.0,2.0,2.0,,2.0,2.0,137,3,1.185430463576159,-0.3003860550766779
2.0,,1,2.0,2,1,1,2,0,1.0,2,1.0,2,2,2.0,1,1,1.0,2.0,1,1,2,1.0,2.0,2.0,2.0,2.0,1,1.0,0,0.0,0,2.0,2.0,1,2,2.0,0.0,2,2,0,2,0,0,1,1,2.0,2.0,1,0.0,2.0,2.0,1.0,2.0,2,1.0,2.0,2.0,,2.0,,2,2,2.0,2.0,2,,1.0,1,2.0,1.0,2.0,2.0,2.0,,2.0,1,1,2,2,,0.0,1,2.0,2.0,1.0,2.0,2.0,2.0,2.0,2.0,,138,3,1.1637931034482758,-0.38422329124404525
2.0,,1,2.0,2,2,2,0,1,1.0,0,2.0,1,1,1.0,1,0,2.0,2.0,1,1,2,1.0,0.0,2.0,2.0,2.0,0,1.0,2,2.0,1,2.0,2.0,1,1,0.0,1.0,2,2,2,2,0,2,1,2,1.0,2.0,1,2.0,2.0,2.0,2.0,,1,0.0,2.0,2.0,2.0,2.0,2.0,2,2,2.0,2.0,1,,0.0,2,2.0,2.0,,1.0,1.0,,2.0,0,2,2,2,,2.0,2,2.0,2.0,2.0,1.0,1.0,2.0,2.0,2.0,2.0,139,3,1.1808035714285714,-0.31894523233757893
2.0,0.0,2,,2,1,2,1,2,0.0,2,2.0,0,2,2.0,1,2,2.0,2.0,2,2,2,2.0,,1.0,2.0,,2,2.0,1,1.0,2,2.0,,2,2,,2.0,2,2,1,2,2,1,2,0,2.0,1.0,1,,1.0,2.0,,,0,2.0,2.0,1.0,1.0,1.0,0.0,2,1,2.0,,1,2.0,0.0,2,2.0,0.0,2.0,2.0,,2.0,2.0,1,1,1,1,2.0,2.0,2,2.0,2.0,0.0,1.0,2.0,2.0,0.0,2.0,2.0,140,3,1.1794871794871795,-0.13945143349702963
,0.0,1,,2,1,1,2,2,2.0,0,2.0,2,2,2.0,0,2,,2.0,1,1,1,2.0,2.0,2.0,2.0,2.0,2,2.0,1,2.0,2,2.0,2.0,1,2,2.0,2.0,2,0,1,1,2,1,1,0,0.0,1.0,1,2.0,1.0,0.0,2.0,2.0,2,2.0,2.0,2.0,2.0,2.0,,0,1,1.0,,1,2.0,1.0,2,,2.0,,,,,2.0,2,2,2,1,2.0,2.0,1,2.0,2.0,0.0,2.0,2.0,2.0,0.0,,2.0,141,3,1.173913043478261,-0.3691122028820017
0.0,,2,0.0,2,2,0,0,1,2.0,2,1.0,2,1,0.0,1,0,2.0,2.0,1,1,2,0.0,1.0,,2.0,2.0,1,0.0,2,2.0,1,1.0,2.0,1,2,2.0,1.0,2,2,2,2,0,1,1,2,2.0,2.0,1,2.0,2.0,2.0,2.0,,0,1.0,2.0,2.0,2.0,,,2,2,2.0,2.0,1,,2.0,2,1.0,,,1.0,1.0,,,1,2,2,2,,2.0,2,2.0,2.0,2.0,1.0,2.0,2.0,2.0,,,142,3,1.1820175438596492,-0.1527353650315253
,,1,,1,0,1,2,0,2.0,1,2.0,1,2,2.0,1,2,2.0,2.0,0,1,1,2.0,2.0,2.0,2.0,,1,1.0,2,0.0,2,,2.0,1,1,2.0,2.0,2,1,1,0,1,2,1,1,1.0,2.0,2,0.0,2.0,0.0,2.0,2.0,1,2.0,0.0,0.0,2.0,2.0,2.0,2,1,2.0,2.0,1,2.0,1.0,1,,1.0,2.0,2.0,2.0,,2.0,1,1,2,2,2.0,2.0,1,2.0,2.0,1.0,0.0,1.0,2.0,,2.0,2.0,143,3,1.161147902869757,-0.36748678729783396
,2.0,2,,2,1,2,2,2,0.0,2,,2,2,2.0,1,2,0.0,0.0,2,1,2,1.0,,0.0,,,1,2.0,1,0.0,2,,2.0,1,1,2.0,2.0,1,2,2,1,2,0,2,1,2.0,2.0,2,2.0,1.0,0.0,2.0,2.0,2,,2.0,1.0,1.0,0.0,1.0,2,1,2.0,2.0,1,2.0,1.0,1,,1.0,2.0,,0.0,2.0,1.0,1,2,2,0,2.0,1.0,2,2.0,1.0,1.0,2.0,2.0,,,2.0,,144,3,1.1634819532908705,-0.10748012952568092
0.0,3.0,2,3.0,0,0,2,2,2,2.0,1,1.0,2,2,2.0,1,1,2.0,2.0,1,2,2,2.0,3.0,0.0,2.0,3.0,2,2.0,2,1.0,2,2.0,3.0,2,2,3.0,3.0,2,2,1,0,2,2,0,2,2.0,2.0,2,2.0,2.0,3.0,2.0,3.0,2,2.0,3.0,2.0,1.0,2.0,2.0,1,2,2.0,3.0,1,3.0,2.0,1,3.0,2.0,0.0,3.0,3.0,0.0,1.0,1,2,1,1,3.0,0.0,1,3.0,2.0,3.0,3.0,2.0,2.0,0.0,2.0,3.0,145,3,1.213389121338912,-0.4360221419767253
,,1,0.0,2,1,2,2,2,2.0,1,2.0,2,1,2.0,1,1,2.0,0.0,1,0,1,2.0,0.0,2.0,2.0,2.0,2,2.0,2,1.0,2,,2.0,2,2,,1.0,2,2,1,2,2,1,2,0,2.0,2.0,1,2.0,2.0,2.0,2.0,2.0,2,,2.0,1.0,1.0,2.0,0.0,2,1,2.0,2.0,1,,2.0,1,,0.0,2.0,2.0,,2.0,2.0,0,1,0,1,2.0,1.0,0,2.0,2.0,2.0,1.0,2.0,2.0,,2.0,2.0,146,3,1.161987041036717,-0.2727207476104882
2.0,2.0,1,2.0,1,1,0,1,2,2.0,1,2.0,1,1,2.0,0,1,2.0,2.0,1,1,2,0.0,2.0,2.0,2.0,2.0,2,2.0,1,1.0,2,2.0,2.0,0,2,2.0,2.0,0,1,0,1,1,1,1,2,0.0,0.0,2,2.0,1.0,2.0,2.0,2.0,2,1.0,2.0,2.0,2.0,1.0,2.0,1,1,1.0,2.0,1,2.0,0.0,2,2.0,2.0,0.0,2.0,2.0,,2.0,2,1,2,1,2.0,2.0,1,2.0,2.0,2.0,1.0,2.0,2.0,2.0,2.0,2.0,147,3,1.1541755888650964,-0.5935363267779428
0.0,2.0,2,,2,1,2,1,0,2.0,0,2.0,2,2,2.0,1,2,2.0,2.0,1,2,2,1.0,2.0,,2.0,2.0,1,2.0,2,0.0,2,0.0,,1,2,,2.0,2,2,2,2,2,2,1,2,2.0,0.0,1,2.0,2.0,2.0,,,1,2.0,2.0,2.0,2.0,2.0,,2,2,2.0,,1,2.0,1.0,1,2.0,1.0,2.0,2.0,2.0,,2.0,1,2,2,2,2.0,2.0,2,2.0,2.0,2.0,0.0,0.0,2.0,0.0,2.0,0.0,148,3,1.215962441314554,-0.20925810688274674
2.0,,2,,2,0,1,2,1,,2,2.0,0,0,2.0,1,1,2.0,2.0,1,1,0,2.0,2.0,2.0,2.0,2.0,1,1.0,2,2.0,2,2.0,,2,1,2.0,2.0,2,2,1,1,0,2,2,1,2.0,2.0,1,2.0,0.0,2.0,1.0,,1,2.0,0.0,2.0,2.0,2.0,2.0,1,1,2.0,2.0,1,2.0,2.0,1,,2.0,0.0,2.0,1.0,,2.0,2,2,1,1,2.0,2.0,1,0.0,2.0,0.0,2.0,1.0,2.0,,2.0,2.0,149,3,1.1545064377682404,-0.3348492680181931
,2.0,1,,1,2,1,1,0,2.0,1,2.0,1,2,2.0,1,2,,2.0,1,0,2,2.0,2.0,2.0,2.0,2.0,1,2.0,1,2.0,2,2.0,0.0,1,1,0.0,2.0,1,2,1,1,1,2,1,1,2.0,2.0,0,2.0,2.0,2.0,2.0,2.0,2,2.0,2.0,0.0,2.0,2.0,2.0,2,1,0.0,2.0,1,,2.0,2,2.0,2.0,,1.0,2.0,,2.0,2,2,2,0,2.0,2.0,1,0.0,2.0,1.0,0.0,1.0,2.0,,,,150,3,1.1846153846153846,-0.32142578498109026
2.0,0.0,2,,2,2,2,2,2,2.0,2,2.0,0,2,0.0,0,2,,0.0,1,1,1,1.0,1.0,2.0,2.0,2.0,2,2.0,1,2.0,1,1.0,2.0,1,2,2.0,2.0,0,2,1,2,2,2,1,2,2.0,2.0,0,2.0,2.0,2.0,2.0,,2,2.0,1.0,2.0,2.0,2.0,,2,1,1.0,,1,0.0,2.0,2,2.0,2.0,,2.0,2.0,,2.0,2,2,2,2,2.0,,1,0.0,1.0,1.0,2.0,1.0,2.0,0.0,,,151,3,1.1876430205949657,-0.029653356628909548
2.0,,1,,2,2,2,2,2,2.0,0,2.0,1,1,1.0,2,2,,1.0,1,1,2,2.0,0.0,2.0,2.0,2.0,0,2.0,2,2.0,2,,2.0,2,2,0.0,2.0,1,2,2,2,2,2,2,2,1.0,2.0,1,2.0,2.0,2.0,2.0,0.0,1,2.0,1.0,2.0,2.0,2.0,,2,0,0.0,2.0,1,2.0,2.0,2,0.0,2.0,,2.0,2.0,,0.0,2,2,2,1,2.0,2.0,1,2.0,1.0,2.0,2.0,1.0,,,0.0,2.0,152,3,1.2296296296296296,-0.03984689932166716
1.0,2.0,1,2.0,1,1,2,1,2,2.0,2,1.0,2,0,1.0,0,1,2.0,2.0,1,1,1,1.0,2.0,2.0,0.0,2.0,0,2.0,2,2.0,2,2.0,2.0,2,2,,0.0,2,1,1,0,1,1,1,0,1.0,1.0,1,2.0,0.0,0.0,1.0,2.0,1,2.0,2.0,2.0,2.0,1.0,2.0,1,1,1.0,2.0,1,2.0,1.0,2,0.0,2.0,,2.0,2.0,,2.0,2,1,1,1,2.0,2.0,1,2.0,2.0,1.0,2.0,1.0,2.0,2.0,2.0,2.0,153,3,1.119305856832972,-0.48699392423339427
2.0,,0,0.0,1,0,1,1,1,0.0,1,1.0,1,0,1.0,1,0,2.0,2.0,1,1,2,2.0,2.0,2.0,2.0,2.0,1,1.0,1,2.0,0,1.0,1.0,0,1,2.0,1.0,1,2,0,2,2,1,0,1,2.0,2.0,1,1.0,2.0,2.0,2.0,2.0,1,1.0,2.0,2.0,2.0,2.0,2.0,1,2,2.0,2.0,1,,2.0,1,2.0,2.0,,2.0,2.0,,2.0,2,1,2,2,2.0,2.0,1,2.0,2.0,2.0,2.0,2.0,2.0,2.0,1.0,,154,3,1.1493212669683257,-0.4786275320347256
2.0,0.0,2,,1,1,1,2,2,2.0,2,2.0,0,0,1.0,1,1,2.0,2.0,1,0,2,2.0,2.0,2.0,0.0,2.0,1,2.0,2,2.0,1,2.0,2.0,2,0,1.0,,1,2,1,2,2,1,2,2,2.0,2.0,1,2.0,2.0,2.0,1.0,2.0,2,2.0,2.0,2.0,2.0,2.0,,1,2,2.0,1.0,1,,2.0,2,2.0,2.0,,0.0,2.0,0.0,0.0,2,2,2,1,,2.0,1,2.0,0.0,2.0,2.0,2.0,2.0,,2.0,2.0,155,3,1.2014388489208634,-0.22535450087127618
1.0,2.0,2,,2,2,1,2,2,2.0,2,2.0,2,0,2.0,2,1,2.0,,2,2,2,2.0,2.0,1.0,,2.0,1,2.0,1,2.0,0,2.0,2.0,2,0,,,1,0,1,2,2,1,2,2,2.0,2.0,1,2.0,2.0,2.0,1.0,2.0,1,2.0,,2.0,1.0,2.0,2.0,2,1,2.0,2.0,1,,1.0,2,2.0,2.0,,2.0,2.0,0.0,2.0,2,2,2,1,0.0,2.0,1,2.0,0.0,0.0,0.0,2.0,,,2.0,0.0,156,3,1.2066508313539193,-0.1766954195017679
2.0,2.0,2,,2,2,1,0,2,1.0,2,2.0,2,0,1.0,1,0,2.0,2.0,1,1,2,2.0,2.0,1.0,2.0,2.0,1,2.0,2,0.0,1,2.0,2.0,1,1,2.0,2.0,1,2,1,1,2,0,1,1,2.0,2.0,2,2.0,2.0,2.0,0.0,2.0,1,2.0,0.0,0.0,0.0,1.0,1.0,0,1,1.0,2.0,1,,1.0,1,2.0,2.0,2.0,2.0,2.0,,2.0,1,2,1,2,2.0,2.0,1,2.0,2.0,1.0,2.0,1.0,2.0,2.0,1.0,2.0,157,3,1.1601731601731602,-0.5015342940237162
0.0,2.0,1,0.0,1,0,2,2,2,1.0,2,1.0,2,1,2.0,1,1,2.0,2.0,1,1,2,2.0,2.0,2.0,2.0,,1,2.0,2,1.0,2,2.0,2.0,1,0,2.0,2.0,1,1,1,1,2,0,0,1,2.0,0.0,2,2.0,2.0,2.0,1.0,2.0,1,2.0,2.0,2.0,1.0,1.0,2.0,1,1,2.0,2.0,1,2.0,0.0,1,2.0,2.0,2.0,2.0,2.0,0.0,2.0,2,1,2,1,2.0,2.0,1,,0.0,2.0,2.0,2.0,2.0,2.0,2.0,2.0,158,3,1.1637554585152838,-0.5250717553326911
,,1,,2,1,0,2,0,2.0,2,2.0,2,1,2.0,2,1,2.0,2.0,1,1,2,2.0,0.0,2.0,2.0,1.0,2,1.0,2,2.0,2,2.0,2.0,2,1,2.0,2.0,2,1,1,0,2,0,1,2,1.0,0.0,2,0.0,2.0,2.0,1.0,2.0,2,2.0,2.0,2.0,2.0,1.0,0.0,1,1,2.0,0.0,1,,2.0,2,,0.0,,1.0,2.0,,2.0,2,2,2,2,2.0,2.0,1,2.0,2.0,1.0,1.0,2.0,2.0,,2.0,,159,3,1.1766004415011038,-0.23568022334743927
,2.0,2,,2,1,1,1,0,0.0,1,2.0,0,1,1.0,1,2,2.0,2.0,1,1,2,2.0,,2.0,2.0,,1,2.0,0,1.0,2,2.0,2.0,2,1,2.0,2.0,2,2,1,2,2,0,1,2,0.0,2.0,2,2.0,2.0,2.0,0.0,2.0,2,2.0,2.0,2.0,1.0,1.0,2.0,2,1,2.0,2.0,1,,1.0,2,,2.0,2.0,2.0,2.0,2.0,0.0,2,2,0,1,2.0,2.0,1,,0.0,1.0,2.0,2.0,2.0,,2.0,2.0,160,3,1.1691331923890063,-0.3965308483400281
2.0,2.0,1,2.0,2,1,2,0,1,0.0,2,2.0,2,0,1.0,1,1,2.0,2.0,1,2,2,2.0,2.0,2.0,2.0,2.0,2,2.0,1,0.0,2,2.0,2.0,1,2,,2.0,2,2,2,2,0,1,1,1,2.0,2.0,1,2.0,2.0,2.0,2.0,2.0,1,2.0,2.0,2.0,1.0,2.0,2.0,2,0,2.0,2.0,1,,1.0,0,2.0,1.0,2.0,2.0,2.0,2.0,2.0,1,2,1,1,2.0,1.0,2,0.0,2.0,2.0,2.0,1.0,0.0,2.0,0.0,2.0,161,3,1.1799544419134396,-0.44480206415273554
0.0,,2,,2,1,2,2,2,,2,2.0,1,1,2.0,1,1,,2.0,1,0,0,2.0,2.0,2.0,2.0,2.0,2,2.0,2,2.0,0,1.0,2.0,2,1,2.0,,2,2,0,0,2,1,2,1,2.0,2.0,1,2.0,2.0,2.0,1.0,,1,1.0,2.0,2.0,2.0,2.0,,1,2,2.0,0.0,2,,2.0,2,2.0,2.0,0.0,2.0,2.0,,2.0,0,2,2,1,,2.0,1,2.0,2.0,0.0,2.0,2.0,2.0,,2.0,2.0,162,3,1.2268518518518519,-0.2438012440763483
2.0,,1,0.0,0,2,2,1,2,2.0,2,2.0,2,1,2.0,2,1,0.0,2.0,1,1,2,2.0,2.0,2.0,2.0,,1,2.0,2,1.0,2,2.0,2.0,0,1,2.0,2.0,2,2,1,2,2,1,0,0,2.0,2.0,2,1.0,2.0,1.0,0.0,0.0,0,1.0,2.0,2.0,2.0,2.0,,1,1,2.0,0.0,1,,2.0,2,2.0,2.0,,2.0,,,2.0,2,2,2,2,,2.0,1,2.0,2.0,2.0,2.0,2.0,2.0,2.0,2.0,,163,3,1.1742243436754176,-0.2648031411543836
2.0,2.0,1,0.0,1,1,1,1,2,2.0,2,2.0,2,1,2.0,1,1,2.0,2.0,1,1,2,2.0,2.0,1.0,2.0,2.0,1,2.0,0,2.0,1,0.0,2.0,1,1,2.0,2.0,1,1,0,0,2,1,0,2,1.0,2.0,1,1.0,1.0,2.0,2.0,2.0,1,0.0,1.0,1.0,2.0,2.0,2.0,1,1,1.0,2.0,0,2.0,1.0,1,2.0,1.0,2.0,2.0,2.0,,2.0,2,1,1,0,1.0,2.0,0,2.0,1.0,2.0,2.0,2.0,2.0,2.0,2.0,2.0,164,3,1.135306553911205,-0.5686840534345587
2.0,,1,2.0,0,1,0,2,2,0.0,2,1.0,2,1,1.0,1,1,2.0,2.0,1,1,2,2.0,2.0,1.0,2.0,0.0,1,2.0,2,2.0,2,2.0,2.0,2,2,,0.0,2,2,1,2,2,1,0,2,2.0,2.0,2,2.0,0.0,2.0,2.0,1.0,2,1.0,2.0,2.0,2.0,0.0,2.0,1,2,2.0,2.0,1,2.0,1.0,1,,2.0,0.0,2.0,,,2.0,2,2,2,1,2.0,2.0,1,2.0,2.0,2.0,2.0,0.0,2.0,2.0,1.0,2.0,165,3,1.1838565022421526,-0.33674797612445206
2.0,,1,,2,1,1,1,1,2.0,2,1.0,2,2,2.0,1,1,2.0,2.0,0,1,1,1.0,1.0,2.0,0.0,0.0,2,2.0,1,2.0,1,0.0,2.0,2,2,2.0,2.0,1,0,0,1,2,1,1,0,1.0,0.0,1,2.0,1.0,2.0,2.0,2.0,1,1.0,2.0,2.0,2.0,2.0,,2,1,2.0,,1,2.0,2.0,2,1.0,2.0,,0.0,0.0,,,2,1,2,2,2.0,2.0,2,1.0,2.0,2.0,2.0,2.0,2.0,,,,166,3,1.1383928571428572,-0.3143468066934305
1.0,2.0,0,,2,2,2,1,1,2.0,1,0.0,2,2,2.0,1,2,,2.0,1,1,2,1.0,2.0,2.0,2.0,2.0,1,0.0,2,2.0,2,2.0,2.0,0,2,2.0,2.0,1,2,2,1,2,1,1,1,2.0,0.0,1,0.0,2.0,2.0,2.0,2.0,1,2.0,2.0,2.0,2.0,1.0,2.0,0,0,1.0,,1,,1.0,2,2.0,2.0,1.0,2.0,2.0,,0.0,2,1,2,1,2.0,2.0,1,2.0,2.0,2.0,2.0,2.0,0.0,2.0,,2.0,167,3,1.1907894736842106,-0.40343852109321365
2.0,3.0,2,3.0,2,1,2,1,1,1.0,2,1.0,2,2,0.0,2,1,2.0,2.0,2,2,3,1.0,1.0,2.0,1.0,2.0,0,2.0,2,0.0,0,1.0,3.0,2,2,3.0,2.0,3,2,2,2,2,2,2,2,2.0,2.0,1,2.0,2.0,3.0,3.0,3.0,1,1.0,3.0,2.0,0.0,2.0,0.0,2,2,2.0,3.0,1,3.0,2.0,2,0.0,2.0,1.0,0.0,0.0,0.0,1.0,1,2,2,2,3.0,2.0,2,2.0,2.0,2.0,2.0,2.0,3.0,3.0,2.0,3.0,168,3,1.231920199501247,-0.292519748769768
3.0,3.0,0,3.0,2,1,2,2,2,2.0,2,2.0,2,2,2.0,2,2,0.0,3.0,2,2,3,2.0,2.0,2.0,0.0,0.0,2,3.0,2,1.0,1,3.0,1.0,1,2,3.0,3.0,2,2,2,2,3,1,2,1,2.0,2.0,1,3.0,2.0,0.0,3.0,2.0,2,2.0,3.0,2.0,2.0,0.0,3.0,2,1,2.0,3.0,1,3.0,2.0,1,2.0,2.0,2.0,2.0,3.0,0.0,1.0,2,2,2,0,2.0,1.0,2,2.0,2.0,2.0,3.0,1.0,3.0,0.0,0.0,3.0,169,3,1.2579908675799087,-0.3251167494115594
0.0,1.0,2,,2,2,2,1,2,2.0,2,2.0,2,1,2.0,1,1,2.0,0.0,1,1,2,1.0,2.0,1.0,2.0,2.0,2,2.0,2,1.0,2,2.0,2.0,2,1,2.0,,2,1,2,1,2,2,1,2,2.0,1.0,1,0.0,0.0,2.0,2.0,,1,1.0,0.0,2.0,1.0,1.0,2.0,1,1,2.0,2.0,0,2.0,0.0,0,2.0,1.0,2.0,2.0,,,2.0,1,1,1,1,1.0,2.0,2,0.0,2.0,2.0,2.0,1.0,0.0,,2.0,2.0,170,3,1.1492537313432836,-0.2768335355671002
2.0,0.0,0,2.0,2,2,1,2,1,2.0,2,0.0,1,1,2.0,1,2,2.0,2.0,1,0,2,2.0,2.0,2.0,2.0,2.0,1,2.0,1,2.0,2,2.0,1.0,1,2,2.0,1.0,1,0,1,1,2,0,1,1,2.0,1.0,1,1.0,2.0,2.0,2.0,1.0,1,2.0,2.0,0.0,1.0,2.0,2.0,2,0,1.0,2.0,1,0.0,1.0,2,2.0,1.0,,2.0,2.0,,,2,2,2,2,2.0,,1,2.0,2.0,2.0,2.0,2.0,2.0,0.0,,2.0,171,3,1.1522198731501057,-0.31505057590269137
0.0,3.0,2,3.0,2,2,2,1,2,2.0,2,2.0,1,2,2.0,1,0,0.0,2.0,1,1,2,2.0,2.0,3.0,2.0,3.0,2,2.0,2,2.0,2,2.0,2.0,2,0,2.0,3.0,2,1,2,2,2,1,1,2,2.0,0.0,1,2.0,2.0,0.0,2.0,3.0,2,2.0,0.0,2.0,2.0,2.0,0.0,2,2,2.0,2.0,1,3.0,2.0,1,2.0,2.0,3.0,2.0,3.0,0.0,2.0,2,2,3,2,3.0,2.0,2,3.0,3.0,2.0,3.0,2.0,0.0,3.0,3.0,2.0,172,3,1.25,-0.3570100233688457
2.0,0.0,1,,1,1,2,0,0,2.0,2,2.0,2,2,2.0,2,1,2.0,2.0,1,0,2,2.0,2.0,,2.0,2.0,1,1.0,2,1.0,2,2.0,2.0,2,0,2.0,2.0,1,2,1,2,1,1,1,0,,2.0,1,1.0,2.0,2.0,1.0,0.0,2,2.0,2.0,,,,,2,2,2.0,2.0,1,,2.0,1,,2.0,0.0,2.0,0.0,,2.0,1,2,2,1,,2.0,2,1.0,,1.0,2.0,0.0,2.0,,2.0,,173,3,1.2021505376344086,-0.2390356940967433
,2.0,0,2.0,2,1,0,2,1,2.0,0,2.0,2,1,0.0,1,1,2.0,0.0,1,1,1,2.0,1.0,2.0,2.0,2.0,1,2.0,2,2.0,2,2.0,1.0,1,2,2.0,2.0,1,1,1,0,2,1,0,1,1.0,0.0,1,1.0,1.0,2.0,2.0,2.0,2,2.0,2.0,2.0,2.0,2.0,2.0,1,1,1.0,2.0,1,2.0,1.0,1,,2.0,,2.0,2.0,,2.0,2,1,2,0,2.0,2.0,1,2.0,2.0,2.0,2.0,2.0,2.0,0.0,2.0,2.0,174,3,1.1302428256070638,-0.5294540441993989
2.0,,0,2.0,2,2,1,1,1,2.0,1,2.0,2,2,2.0,2,2,,2.0,1,1,2,1.0,1.0,,0.0,2.0,1,2.0,0,2.0,1,2.0,2.0,1,2,2.0,1.0,2,2,1,2,0,2,1,2,1.0,2.0,1,0.0,2.0,2.0,2.0,,1,0.0,2.0,2.0,2.0,,,2,2,2.0,2.0,2,,1.0,2,2.0,2.0,,2.0,2.0,,,0,2,2,2,,,1,1.0,2.0,1.0,0.0,1.0,2.0,0.0,,0.0,175,3,1.1644736842105263,-0.10360200217092731
2.0,,0,,2,2,2,0,1,1.0,2,2.0,2,2,2.0,1,1,2.0,2.0,1,1,2,2.0,0.0,2.0,2.0,2.0,2,2.0,0,1.0,2,1.0,2.0,0,2,2.0,2.0,1,2,1,2,2,0,1,1,2.0,1.0,1,2.0,2.0,2.0,2.0,2.0,1,2.0,2.0,1.0,1.0,0.0,0.0,1,1,2.0,,1,,2.0,2,2.0,0.0,,2.0,2.0,,2.0,2,0,2,1,1.0,2.0,1,2.0,2.0,2.0,1.0,2.0,1.0,2.0,2.0,,176,3,1.1965065502183405,-0.35813916899164194
,0.0,1,2.0,2,2,1,1,2,1.0,2,2.0,2,1,2.0,1,2,,2.0,1,0,1,2.0,2.0,2.0,0.0,2.0,0,2.0,2,2.0,2,2.0,2.0,1,1,2.0,1.0,1,2,2,2,1,1,1,0,2.0,1.0,1,2.0,1.0,2.0,2.0,,2,2.0,2.0,1.0,2.0,0.0,2.0,0,2,2.0,2.0,1,2.0,1.0,2,2.0,2.0,,1.0,2.0,,2.0,2,1,2,1,2.0,2.0,1,2.0,2.0,2.0,0.0,2.0,0.0,2.0,,0.0,177,3,1.1523178807947019,-0.29870336997007163
2.0,2.0,1,2.0,2,2,1,2,2,2.0,2,2.0,0,2,2.0,1,2,,2.0,1,2,2,2.0,2.0,2.0,2.0,2.0,2,2.0,0,2.0,1,2.0,2.0,2,1,2.0,,0,1,1,1,2,1,1,2,2.0,1.0,1,2.0,2.0,2.0,1.0,0.0,1,2.0,2.0,2.0,2.0,1.0,2.0,0,0,1.0,2.0,1,2.0,1.0,2,2.0,2.0,,0.0,2.0,,,2,2,2,1,0.0,,1,2.0,1.0,0.0,2.0,2.0,0.0,,,2.0,178,3,1.175946547884187,-0.32554165899463716
2.0,2.0,2,,2,2,1,1,2,2.0,2,2.0,2,2,2.0,1,1,1.0,0.0,1,0,0,2.0,2.0,2.0,2.0,2.0,2,2.0,0,1.0,0,2.0,,2,2,,,2,0,1,1,2,2,2,2,1.0,1.0,1,,1.0,2.0,,,1,2.0,2.0,2.0,1.0,2.0,2.0,1,1,2.0,2.0,1,2.0,0.0,1,2.0,2.0,0.0,0.0,,,2.0,0,2,1,1,1.0,2.0,2,2.0,2.0,,2.0,1.0,2.0,,2.0,2.0,179,3,1.185501066098081,-0.34603197549347503
,2.0,2,,2,1,0,1,2,0.0,2,2.0,2,1,1.0,1,0,1.0,2.0,1,2,1,2.0,2.0,2.0,2.0,2.0,2,2.0,1,0.0,2,,2.0,2,2,,,2,1,2,1,2,1,1,2,1.0,1.0,2,,2.0,2.0,2.0,,1,2.0,2.0,2.0,0.0,2.0,2.0,2,1,0.0,,1,0.0,1.0,0,,2.0,2.0,2.0,,2.0,2.0,2,2,1,2,0.0,1.0,2,2.0,1.0,,,1.0,0.0,,1.0,,180,3,1.1869565217391305,-0.18461970368815664
2.0,1.0,1,2.0,1,1,1,1,2,2.0,2,2.0,1,0,2.0,0,1,2.0,2.0,1,1,1,0.0,2.0,1.0,2.0,2.0,2,2.0,2,2.0,1,1.0,2.0,1,0,2.0,2.0,1,1,0,1,2,1,1,0,2.0,1.0,1,1.0,1.0,0.0,1.0,2.0,2,2.0,2.0,2.0,2.0,1.0,2.0,0,1,1.0,0.0,0,2.0,1.0,1,2.0,2.0,2.0,2.0,2.0,,2.0,1,1,1,1,2.0,2.0,1,2.0,1.0,1.0,2.0,2.0,2.0,2.0,2.0,2.0,181,3,1.1315192743764173,-0.5601351138528498
2.0,2.0,1,,1,1,1,2,2,2.0,2,2.0,2,0,2.0,1,1,2.0,2.0,1,1,1,2.0,2.0,2.0,2.0,2.0,1,1.0,2,1.0,2,1.0,2.0,2,1,2.0,2.0,1,1,0,0,2,1,1,1,2.0,0.0,1,2.0,1.0,2.0,1.0,2.0,1,2.0,2.0,2.0,2.0,2.0,,2,1,1.0,2.0,1,2.0,1.0,1,2.0,0.0,2.0,2.0,2.0,,2.0,1,0,0,1,2.0,1.0,0,2.0,2.0,0.0,1.0,0.0,2.0,,2.0,2.0,182,3,1.1230068337129842,-0.6317497046359416
2.0,2.0,2,,1,2,1,2,2,2.0,2,2.0,2,1,2.0,1,2,2.0,2.0,1,0,1,1.0,2.0,2.0,2.0,2.0,1,1.0,0,1.0,2,2.0,2.0,0,1,2.0,2.0,1,0,1,0,1,1,1,2,1.0,1.0,1,1.0,1.0,1.0,0.0,2.0,0,0.0,2.0,2.0,1.0,2.0,2.0,0,1,1.0,2.0,1,2.0,1.0,2,2.0,2.0,,2.0,2.0,,2.0,2,2,2,1,2.0,2.0,1,2.0,2.0,0.0,1.0,2.0,2.0,2.0,2.0,2.0,183,3,1.1409090909090909,-0.5406415420307914
2.0,,2,,2,2,2,0,2,2.0,1,0.0,2,2,2.0,1,2,,0.0,1,1,2,1.0,2.0,2.0,2.0,0.0,2,2.0,2,2.0,1,2.0,,0,2,2.0,2.0,2,2,2,1,2,2,1,2,2.0,2.0,1,0.0,0.0,2.0,2.0,,1,1.0,2.0,0.0,1.0,2.0,2.0,1,2,2.0,2.0,1,1.0,1.0,2,2.0,2.0,,1.0,,,,0,1,2,1,2.0,2.0,2,1.0,2.0,2.0,2.0,2.0,2.0,,,0.0,184,3,1.1882086167800454,-0.15134522070472148
,2.0,2,,2,1,0,2,2,0.0,2,2.0,0,2,1.0,0,2,2.0,2.0,1,1,2,1.0,2.0,2.0,0.0,2.0,2,2.0,1,0.0,1,2.0,,2,2,2.0,2.0,2,1,1,0,2,2,2,2,1.0,2.0,2,2.0,2.0,,,,2,2.0,2.0,1.0,1.0,1.0,2.0,1,1,2.0,2.0,1,,1.0,2,2.0,2.0,0.0,2.0,0.0,0.0,1.0,1,2,1,2,2.0,2.0,2,2.0,1.0,,,2.0,,,2.0,,185,3,1.199546485260771,-0.11678061998310445
2.0,,1,,2,1,0,2,1,2.0,2,2.0,2,1,1.0,2,0,1.0,2.0,1,1,2,2.0,0.0,2.0,2.0,2.0,2,2.0,2,1.0,2,2.0,2.0,2,1,2.0,2.0,2,2,1,2,1,2,2,2,2.0,,1,0.0,2.0,2.0,2.0,,2,1.0,2.0,2.0,2.0,,0.0,2,2,2.0,2.0,1,,2.0,1,2.0,0.0,2.0,1.0,2.0,0.0,1.0,2,2,2,1,,0.0,1,2.0,2.0,2.0,0.0,1.0,,,2.0,0.0,186,3,1.1565420560747663,-0.14591040338313466
2.0,,2,,0,1,1,2,2,2.0,1,2.0,0,0,2.0,1,1,2.0,2.0,2,1,2,2.0,,2.0,,,1,2.0,0,1.0,2,0.0,2.0,2,1,2.0,2.0,2,2,1,2,2,2,1,2,2.0,2.0,1,2.0,2.0,2.0,2.0,,2,2.0,0.0,2.0,2.0,2.0,,2,1,2.0,2.0,1,,2.0,1,,2.0,0.0,2.0,2.0,0.0,1.0,2,2,0,1,2.0,1.0,1,2.0,2.0,2.0,2.0,2.0,2.0,,0.0,2.0,187,3,1.161214953271028,-0.22233141181497473
,2.0,1,,2,2,1,1,1,2.0,1,2.0,2,1,2.0,1,2,,2.0,0,1,2,2.0,1.0,2.0,0.0,2.0,1,1.0,1,2.0,2,2.0,2.0,2,1,2.0,2.0,0,1,1,1,0,1,1,1,0.0,2.0,0,1.0,2.0,2.0,1.0,2.0,2,1.0,2.0,2.0,2.0,2.0,,2,1,2.0,2.0,1,,0.0,2,2.0,2.0,,2.0,1.0,,,2,1,1,1,2.0,2.0,0,2.0,2.0,0.0,1.0,2.0,0.0,,,2.0,188,3,1.1695278969957081,-0.4151453194542828
2.0,2.0,2,,0,1,1,1,2,2.0,1,1.0,2,1,0.0,1,1,2.0,2.0,1,1,2,0.0,1.0,2.0,1.0,1.0,0,2.0,2,2.0,1,1.0,2.0,2,2,2.0,2.0,1,2,2,2,2,2,1,2,0.0,2.0,0,2.0,2.0,2.0,2.0,,2,1.0,1.0,2.0,1.0,0.0,2.0,2,1,1.0,2.0,1,,1.0,1,1.0,2.0,2.0,0.0,2.0,2.0,1.0,2,2,2,1,2.0,0.0,1,1.0,2.0,2.0,2.0,0.0,2.0,,2.0,2.0,189,3,1.15203426124197,-0.3757112252952231
3.0,3.0,2,3.0,2,1,2,2,2,2.0,2,2.0,2,2,1.0,1,2,3.0,2.0,1,2,1,2.0,2.0,2.0,2.0,2.0,0,2.0,2,2.0,3,2.0,3.0,2,2,3.0,3.0,2,2,2,0,2,2,1,2,2.0,1.0,1,2.0,1.0,0.0,2.0,3.0,2,3.0,0.0,2.0,1.0,0.0,2.0,2,1,2.0,3.0,1,0.0,2.0,2,3.0,2.0,3.0,3.0,3.0,0.0,0.0,2,2,2,1,2.0,2.0,2,0.0,2.0,2.0,3.0,1.0,0.0,3.0,2.0,3.0,190,3,1.2126696832579185,-0.36165073799951336
2.0,2.0,0,,2,2,1,0,2,1.0,2,2.0,0,2,2.0,1,1,,2.0,1,1,0,2.0,2.0,2.0,2.0,2.0,1,2.0,0,2.0,1,2.0,2.0,1,1,2.0,2.0,1,2,1,1,2,0,1,1,1.0,0.0,1,2.0,1.0,2.0,2.0,2.0,1,2.0,2.0,1.0,1.0,0.0,2.0,1,1,2.0,2.0,1,2.0,1.0,2,2.0,2.0,,2.0,2.0,,,2,0,2,2,1.0,2.0,1,2.0,2.0,2.0,0.0,2.0,1.0,2.0,,,191,3,1.1453362255965294,-0.49511822007988976
2.0,,2,,0,0,0,0,1,2.0,2,0.0,2,1,2.0,2,1,0.0,2.0,1,1,2,2.0,2.0,2.0,2.0,2.0,2,2.0,2,0.0,2,2.0,2.0,2,1,2.0,,2,1,1,2,2,2,1,1,2.0,2.0,2,2.0,2.0,2.0,0.0,,1,1.0,2.0,2.0,2.0,,,2,2,2.0,0.0,1,,1.0,1,2.0,0.0,2.0,1.0,2.0,2.0,1.0,1,1,1,2,,1.0,1,2.0,2.0,2.0,2.0,1.0,2.0,,2.0,,192,3,1.173913043478261,-0.3244715322539203
3.0,3.0,1,3.0,1,2,1,2,2,2.0,2,3.0,2,2,3.0,1,2,2.0,2.0,1,2,2,3.0,3.0,1.0,2.0,3.0,2,3.0,2,0.0,2,3.0,3.0,1,2,3.0,3.0,2,1,2,2,2,2,2,1,2.0,1.0,2,2.0,0.0,0.0,1.0,0.0,1,0.0,3.0,2.0,2.0,1.0,0.0,1,2,2.0,0.0,1,2.0,0.0,2,3.0,2.0,0.0,2.0,3.0,3.0,2.0,1,0,1,1,2.0,1.0,2,3.0,2.0,2.0,2.0,2.0,2.0,3.0,2.0,3.0,193,3,1.1961206896551724,-0.36080106657430033
3.0,,1,2.0,1,2,2,2,1,2.0,0,2.0,2,0,2.0,2,2,3.0,3.0,1,1,2,2.0,2.0,0.0,3.0,3.0,1,0.0,2,3.0,2,0.0,2.0,1,1,2.0,2.0,1,2,1,3,0,1,1,2,3.0,3.0,1,1.0,3.0,1.0,0.0,0.0,2,2.0,2.0,3.0,3.0,3.0,3.0,2,2,3.0,2.0,2,,3.0,2,3.0,3.0,0.0,2.0,1.0,,3.0,2,2,2,2,3.0,3.0,1,3.0,3.0,0.0,2.0,3.0,2.0,2.0,3.0,3.0,194,3,1.20824295010846,-0.23204716718952687
2.0,,1,,0,1,2,2,2,2.0,2,2.0,2,1,2.0,1,1,2.0,2.0,1,1,1,2.0,2.0,1.0,2.0,,2,0.0,2,2.0,0,1.0,2.0,2,2,,,2,2,1,0,2,1,2,0,2.0,1.0,2,2.0,0.0,2.0,2.0,2.0,2,2.0,2.0,2.0,2.0,0.0,2.0,1,1,2.0,0.0,1,2.0,1.0,2,,2.0,0.0,2.0,,,2.0,1,2,2,1,0.0,2.0,2,2.0,2.0,2.0,,2.0,2.0,,2.0,2.0,195,3,1.1796008869179602,-0.2595586969621716
,,1,2.0,0,1,1,2,2,2.0,2,2.0,2,0,1.0,1,1,2.0,2.0,1,1,2,2.0,2.0,2.0,,,1,2.0,2,2.0,2,2.0,0.0,1,1,2.0,0.0,1,2,1,2,2,2,1,2,2.0,2.0,2,2.0,2.0,2.0,2.0,,2,2.0,2.0,0.0,2.0,2.0,2.0,0,2,2.0,2.0,1,,1.0,1,,0.0,2.0,,2.0,,1.0,2,2,2,1,,2.0,1,,2.0,2.0,0.0,0.0,2.0,2.0,2.0,0.0,196,3,1.1826280623608019,-0.3332217226543268
0.0,2.0,2,,0,1,1,1,0,2.0,2,0.0,2,1,2.0,2,0,,1.0,1,1,0,0.0,2.0,2.0,2.0,2.0,1,2.0,1,2.0,1,2.0,2.0,2,1,2.0,1.0,2,2,1,2,2,2,1,2,2.0,2.0,1,1.0,1.0,2.0,2.0,,0,1.0,2.0,2.0,2.0,2.0,,2,2,2.0,0.0,1,2.0,2.0,2,1.0,2.0,,1.0,2.0,,,2,2,2,2,2.0,2.0,2,2.0,2.0,2.0,2.0,2.0,2.0,0.0,2.0,,197,3,1.1742243436754176,-0.17827338460636763
0.0,,1,,2,2,2,1,0,2.0,0,2.0,2,2,2.0,2,2,,2.0,1,1,1,1.0,2.0,1.0,0.0,2.0,0,1.0,2,,2,2.0,2.0,2,2,2.0,2.0,2,2,2,2,2,2,1,0,0.0,1.0,1,2.0,2.0,2.0,2.0,,2,1.0,2.0,2.0,2.0,2.0,0.0,2,1,2.0,,1,0.0,2.0,2,2.0,2.0,,2.0,2.0,,,2,2,2,1,0.0,,2,2.0,2.0,2.0,1.0,2.0,2.0,,,,198,3,1.2121212121212122,-0.06799608429582313
2.0,2.0,2,,2,1,2,1,2,2.0,1,1.0,2,2,1.0,1,1,,2.0,1,1,0,1.0,2.0,2.0,0.0,1.0,1,2.0,1,2.0,1,1.0,2.0,2,2,2.0,2.0,2,2,2,1,2,2,0,1,0.0,2.0,0,2.0,2.0,2.0,2.0,,2,1.0,0.0,2.0,2.0,2.0,,2,1,1.0,,2,,1.0,1,2.0,2.0,,1.0,0.0,,2.0,2,2,2,0,2.0,2.0,1,0.0,2.0,1.0,2.0,0.0,2.0,,2.0,2.0,199,3,1.1691973969631237,-0.2573791350539849
