0,1,2,3,4,5,6,7,8,9,10,11,12,13,14,15,16,17,18,19,20,21,22,23,24,25,26,27,28,29,30,31,32,33,34,35,36,37,38,39,40,41,42,43,44,45,46,47,48,49,50,51,52,53,54,55,56,57,58,59,60,61,62,63,64,65,66,67,68,69,70,71,72,73,74,seed,simple_param
3.0,3.0,4,1.0,2.0,3.0,,0.0,2.0,1.0,1.0,2.0,4.0,,1.0,,1.0,2.0,4.0,3,2.0,2.0,0.0,1.0,1.0,2.0,0.0,,0.0,2.0,4.0,3.0,3.0,1.0,0.0,,2.0,3.0,3.0,2.0,3.0,1.0,,,1.0,2.0,1.0,1.0,,4,4.0,3.0,0.0,4.0,0.0,2.0,1.0,0.0,,3.0,2.0,,4.0,3.0,4.0,2.0,0.0,2.0,2.0,2.0,3.0,,4.0,3.0,0.0,0,0.04
3.0,2.0,4,2.0,2.0,4.0,,3.0,2.0,2.0,0.0,4.0,2.0,,1.0,,4.0,2.0,1.0,0,3.0,4.0,1.0,2.0,2.0,1.0,0.0,,2.0,1.0,3.0,2.0,3.0,0.0,0.0,,3.0,4.0,1.0,4.0,0.0,1.0,2.0,,4.0,3.0,,1.0,1.0,3,2.0,1.0,2.0,,0.0,0.0,4.0,4.0,3.0,1.0,0.0,3.0,1.0,4.0,2.0,2.0,3.0,4.0,2.0,,0.0,,,,4.0,1,0.04
,0.0,2,2.0,3.0,,3.0,3.0,4.0,1.0,1.0,4.0,3.0,2.0,2.0,5.0,,3.0,0.0,2,3.0,4.0,3.0,3.0,5.0,1.0,5.0,0.0,3.0,4.0,0.0,4.0,0.0,3.0,4.0,4.0,0.0,3.0,,3.0,5.0,4.0,3.0,3.0,4.0,2.0,0.0,1.0,5.0,4,1.0,5.0,4.0,0.0,5.0,4.0,3.0,,3.0,2.0,2.0,5.0,1.0,3.0,3.0,3.0,0.0,2.0,3.0,0.0,,,,2.0,1.0,2,0.04
,2.0,4,3.0,3.0,2.0,0.0,5.0,0.0,4.0,3.0,3.0,3.0,5.0,2.0,3.0,0.0,3.0,4.0,4,2.0,3.0,5.0,3.0,2.0,0.0,1.0,5.0,3.0,,1.0,0.0,3.0,5.0,4.0,1.0,0.0,4.0,5.0,3.0,1.0,4.0,4.0,,4.0,0.0,4.0,3.0,0.0,1,0.0,2.0,4.0,2.0,2.0,1.0,4.0,,3.0,2.0,3.0,,3.0,3.0,2.0,1.0,4.0,5.0,,0.0,1.0,3.0,2.0,5.0,3.0,3,0.04
2.0,1.0,1,1.0,0.0,2.0,3.0,1.0,1.0,2.0,2.0,4.0,3.0,,0.0,,1.0,,2.0,1,3.0,1.0,1.0,2.0,4.0,3.0,3.0,,,0.0,3.0,2.0,1.0,,4.0,2.0,3.0,0.0,,0.0,3.0,2.0,4.0,0.0,1.0,3.0,2.0,0.0,0.0,2,1.0,3.0,3.0,3.0,0.0,,1.0,4.0,2.0,2.0,3.0,4.0,2.0,,3.0,3.0,3.0,,2.0,4.0,4.0,0.0,,4.0,3.0,4,0.04
4.0,2.0,3,2.0,1.0,,4.0,2.0,2.0,2.0,0.0,1.0,0.0,,3.0,3.0,,4.0,4.0,1,2.0,3.0,4.0,3.0,1.0,0.0,0.0,3.0,4.0,4.0,3.0,2.0,2.0,3.0,0.0,0.0,4.0,0.0,2.0,3.0,3.0,3.0,3.0,,,1.0,1.0,3.0,3.0,3,2.0,2.0,4.0,2.0,2.0,,3.0,0.0,0.0,4.0,3.0,,4.0,0.0,3.0,3.0,3.0,,1.0,,,,4.0,4.0,3.0,5,0.04
0.0,2.0,4,2.0,4.0,5.0,5.0,3.0,3.0,2.0,3.0,3.0,3.0,0.0,1.0,5.0,5.0,3.0,2.0,1,5.0,4.0,,2.0,,2.0,1.0,4.0,,0.0,3.0,4.0,0.0,5.0,5.0,3.0,4.0,2.0,0.0,3.0,3.0,1.0,3.0,4.0,4.0,4.0,4.0,4.0,2.0,4,1.0,3.0,3.0,3.0,2.0,0.0,0.0,5.0,2.0,2.0,3.0,0.0,1.0,5.0,1.0,0.0,3.0,2.0,5.0,4.0,3.0,,0.0,,4.0,6,0.04
2.0,3.0,0,1.0,1.0,4.0,3.0,1.0,2.0,2.0,2.0,3.0,0.0,0.0,1.0,4.0,5.0,,2.0,1,3.0,4.0,0.0,4.0,,3.0,2.0,2.0,4.0,2.0,2.0,1.0,2.0,,1.0,4.0,2.0,4.0,3.0,3.0,2.0,2.0,1.0,3.0,,4.0,0.0,2.0,1.0,3,0.0,0.0,0.0,3.0,3.0,1.0,0.0,5.0,,2.0,3.0,2.0,1.0,4.0,0.0,1.0,,2.0,3.0,3.0,5.0,,,,,7,0.04
,0.0,4,0.0,1.0,1.0,2.0,1.0,2.0,2.0,3.0,,0.0,4.0,1.0,2.0,0.0,1.0,2.0,0,1.0,,2.0,2.0,,3.0,4.0,2.0,,2.0,3.0,3.0,0.0,1.0,1.0,0.0,0.0,3.0,3.0,1.0,3.0,4.0,4.0,,3.0,0.0,3.0,1.0,2.0,2,3.0,4.0,3.0,3.0,4.0,3.0,2.0,3.0,3.0,2.0,,4.0,4.0,3.0,,1.0,3.0,1.0,3.0,0.0,4.0,4.0,,3.0,3.0,8,0.04
,2.0,4,0.0,1.0,,2.0,3.0,3.0,3.0,2.0,1.0,2.0,1.0,2.0,1.0,2.0,0.0,2.0,2,2.0,3.0,3.0,2.0,1.0,0.0,0.0,1.0,3.0,4.0,0.0,0.0,0.0,2.0,2.0,3.0,3.0,2.0,2.0,,4.0,1.0,1.0,,3.0,2.0,2.0,2.0,,0,3.0,3.0,1.0,2.0,2.0,3.0,2.0,3.0,4.0,4.0,1.0,1.0,1.0,0.0,2.0,3.0,1.0,,4.0,3.0,3.0,,4.0,1.0,0.0,9,0.04
2.0,1.0,0,0.0,3.0,2.0,0.0,1.0,3.0,3.0,4.0,3.0,2.0,4.0,3.0,3.0,4.0,2.0,4.0,2,0.0,0.0,2.0,3.0,4.0,1.0,0.0,4.0,,3.0,3.0,2.0,2.0,3.0,,3.0,3.0,3.0,2.0,3.0,1.0,0.0,2.0,,0.0,2.0,1.0,2.0,,3,2.0,2.0,1.0,,1.0,,3.0,2.0,,0.0,3.0,,1.0,4.0,3.0,2.0,4.0,0.0,,,3.0,,3.0,4.0,2.0,10,0.04
,2.0,0,1.0,3.0,1.0,3.0,4.0,4.0,0.0,3.0,3.0,3.0,1.0,1.0,2.0,4.0,2.0,2.0,3,,0.0,,4.0,,,0.0,4.0,4.0,3.0,0.0,2.0,1.0,4.0,3.0,1.0,1.0,2.0,,2.0,2.0,2.0,3.0,,2.0,2.0,3.0,0.0,2.0,2,1.0,1.0,3.0,3.0,1.0,3.0,1.0,0.0,2.0,2.0,4.0,,3.0,3.0,0.0,2.0,2.0,1.0,3.0,4.0,0.0,0.0,3.0,,2.0,11,0.04
1.0,1.0,3,2.0,1.0,,3.0,0.0,0.0,2.0,2.0,4.0,2.0,3.0,0.0,2.0,3.0,0.0,2.0,2,3.0,3.0,,0.0,2.0,2.0,0.0,1.0,4.0,0.0,3.0,,3.0,3.0,4.0,3.0,1.0,0.0,4.0,1.0,1.0,1.0,1.0,1.0,0.0,2.0,2.0,4.0,4.0,2,1.0,3.0,4.0,3.0,3.0,,0.0,4.0,3.0,2.0,4.0,4.0,3.0,2.0,3.0,1.0,1.0,3.0,3.0,1.0,,3.0,,3.0,3.0,12,0.04
,2.0,3,3.0,0.0,2.0,4.0,3.0,4.0,1.0,4.0,4.0,3.0,,0.0,,,2.0,4.0,1,3.0,3.0,,0.0,2.0,2.0,2.0,4.0,,,4.0,0.0,3.0,0.0,,1.0,3.0,3.0,,2.0,2.0,2.0,2.0,2.0,4.0,3.0,1.0,0.0,2.0,2,1.0,0.0,4.0,4.0,1.0,3.0,3.0,2.0,4.0,3.0,4.0,4.0,2.0,3.0,2.0,1.0,3.0,,0.0,3.0,,0.0,,0.0,3.0,13,0.04
5.0,1.0,0,1.0,5.0,2.0,0.0,4.0,0.0,3.0,4.0,2.0,1.0,2.0,2.0,4.0,,4.0,4.0,3,3.0,3.0,2.0,3.0,5.0,5.0,4.0,,5.0,5.0,1.0,5.0,2.0,0.0,2.0,3.0,3.0,2.0,,2.0,2.0,1.0,2.0,0.0,1.0,1.0,0.0,1.0,5.0,3,3.0,2.0,1.0,1.0,0.0,3.0,2.0,2.0,,,2.0,4.0,4.0,4.0,2.0,2.0,2.0,0.0,5.0,4.0,3.0,5.0,0.0,1.0,0.0,14,0.04
4.0,2.0,3,2.0,2.0,3.0,2.0,3.0,4.0,0.0,4.0,2.0,2.0,4.0,1.0,,,4.0,0.0,1,,4.0,4.0,3.0,,0.0,2.0,3.0,3.0,4.0,0.0,1.0,1.0,1.0,3.0,0.0,0.0,2.0,,3.0,4.0,2.0,0.0,2.0,3.0,3.0,1.0,3.0,2.0,3,3.0,0.0,4.0,2.0,3.0,0.0,2.0,3.0,0.0,2.0,4.0,2.0,3.0,3.0,1.0,1.0,,,2.0,3.0,,,3.0,,4.0,15,0.04
1.0,3.0,0,1.0,1.0,0.0,2.0,2.0,1.0,1.0,2.0,1.0,1.0,,3.0,3.0,4.0,4.0,1.0,3,3.0,4.0,3.0,2.0,2.0,2.0,2.0,0.0,,4.0,3.0,2.0,3.0,4.0,2.0,2.0,,2.0,3.0,1.0,1.0,2.0,0.0,3.0,4.0,2.0,3.0,0.0,3.0,0,4.0,3.0,4.0,0.0,0.0,1.0,1.0,4.0,2.0,0.0,3.0,2.0,3.0,2.0,2.0,1.0,2.0,4.0,4.0,2.0,,3.0,,0.0,1.0,16,0.04
,3.0,3,2.0,3.0,3.0,3.0,3.0,3.0,1.0,2.0,2.0,2.0,3.0,0.0,1.0,0.0,,0.0,2,3.0,1.0,2.0,3.0,4.0,3.0,2.0,3.0,0.0,,1.0,3.0,,4.0,,0.0,1.0,3.0,4.0,3.0,1.0,2.0,2.0,4.0,,3.0,3.0,1.0,3.0,0,2.0,4.0,4.0,2.0,4.0,3.0,2.0,,4.0,4.0,0.0,3.0,3.0,,4.0,2.0,,0.0,0.0,0.0,3.0,,3.0,,1.0,17,0.04
4.0,2.0,3,3.0,4.0,,4.0,0.0,2.0,1.0,1.0,,3.0,2.0,2.0,5.0,0.0,4.0,,3,5.0,3.0,3.0,3.0,5.0,1.0,3.0,3.0,,2.0,2.0,2.0,5.0,5.0,5.0,5.0,4.0,3.0,,1.0,5.0,0.0,3.0,4.0,0.0,2.0,1.0,3.0,0.0,3,1.0,4.0,,5.0,3.0,3.0,0.0,3.0,0.0,0.0,1.0,5.0,2.0,2.0,4.0,1.0,4.0,3.0,3.0,3.0,0.0,5.0,3.0,0.0,2.0,18,0.04
4.0,0.0,3,4.0,3.0,5.0,0.0,1.0,2.0,3.0,1.0,3.0,4.0,0.0,0.0,3.0,2.0,4.0,5.0,3,2.0,2.0,3.0,4.0,,4.0,0.0,3.0,5.0,,1.0,2.0,1.0,4.0,2.0,5.0,3.0,1.0,,5.0,4.0,3.0,1.0,,2.0,2.0,0.0,0.0,1.0,2,2.0,4.0,4.0,2.0,1.0,5.0,5.0,0.0,,0.0,3.0,0.0,2.0,5.0,4.0,3.0,5.0,,3.0,5.0,4.0,3.0,2.0,,5.0,19,0.04
0.0,2.0,1,2.0,3.0,0.0,4.0,2.0,2.0,4.0,3.0,1.0,0.0,,4.0,2.0,4.0,3.0,1.0,1,4.0,0.0,3.0,2.0,3.0,5.0,4.0,2.0,3.0,,3.0,3.0,,0.0,2.0,4.0,4.0,2.0,0.0,4.0,3.0,4.0,3.0,3.0,5.0,2.0,1.0,5.0,0.0,3,3.0,2.0,,1.0,4.0,3.0,4.0,2.0,5.0,0.0,0.0,5.0,3.0,5.0,3.0,4.0,2.0,5.0,4.0,,3.0,0.0,5.0,,3.0,20,0.04
2.0,2.0,2,0.0,2.0,5.0,,4.0,3.0,1.0,0.0,3.0,1.0,0.0,0.0,3.0,5.0,1.0,4.0,0,1.0,4.0,1.0,0.0,0.0,3.0,1.0,5.0,4.0,5.0,4.0,2.0,0.0,2.0,2.0,2.0,1.0,3.0,,1.0,2.0,2.0,3.0,0.0,3.0,2.0,1.0,3.0,2.0,4,2.0,1.0,5.0,2.0,3.0,2.0,3.0,0.0,5.0,4.0,,1.0,1.0,2.0,5.0,2.0,2.0,4.0,2.0,1.0,3.0,,,,4.0,21,0.04
4.0,2.0,1,1.0,5.0,3.0,3.0,3.0,2.0,4.0,0.0,,5.0,,4.0,0.0,0.0,2.0,3.0,3,3.0,,5.0,2.0,5.0,3.0,3.0,4.0,1.0,,3.0,5.0,0.0,0.0,4.0,3.0,5.0,2.0,3.0,2.0,4.0,1.0,5.0,3.0,2.0,2.0,1.0,1.0,0.0,2,2.0,0.0,1.0,1.0,4.0,3.0,2.0,,,2.0,,,0.0,0.0,3.0,1.0,3.0,3.0,3.0,,,1.0,0.0,,2.0,22,0.04
4.0,2.0,1,2.0,0.0,4.0,,3.0,0.0,0.0,2.0,3.0,1.0,3.0,2.0,,2.0,2.0,2.0,2,0.0,2.0,,0.0,,1.0,1.0,1.0,,,1.0,4.0,1.0,4.0,0.0,,2.0,0.0,,3.0,1.0,3.0,4.0,,1.0,2.0,0.0,3.0,3.0,1,1.0,3.0,4.0,4.0,2.0,1.0,,2.0,0.0,1.0,2.0,2.0,2.0,2.0,1.0,,4.0,4.0,3.0,,2.0,4.0,1.0,3.0,0.0,23,0.04
,4.0,3,1.0,1.0,4.0,,5.0,1.0,1.0,3.0,1.0,2.0,,1.0,2.0,0.0,3.0,5.0,3,1.0,2.0,2.0,0.0,0.0,2.0,3.0,,1.0,0.0,4.0,4.0,3.0,1.0,5.0,2.0,0.0,0.0,,1.0,1.0,2.0,2.0,3.0,2.0,1.0,4.0,3.0,5.0,4,2.0,1.0,5.0,1.0,2.0,3.0,0.0,0.0,3.0,3.0,3.0,,5.0,3.0,2.0,0.0,3.0,3.0,2.0,4.0,1.0,,5.0,,0.0,24,0.04
0.0,3.0,2,2.0,3.0,2.0,0.0,3.0,2.0,3.0,5.0,4.0,3.0,0.0,2.0,3.0,,2.0,1.0,3,2.0,4.0,,1.0,5.0,3.0,1.0,3.0,1.0,0.0,1.0,3.0,3.0,0.0,3.0,3.0,3.0,5.0,5.0,3.0,2.0,1.0,2.0,0.0,2.0,4.0,2.0,3.0,2.0,1,2.0,1.0,3.0,0.0,1.0,2.0,4.0,5.0,0.0,2.0,0.0,,3.0,,,0.0,,3.0,4.0,5.0,5.0,,,,1.0,25,0.04
1.0,1.0,0,0.0,0.0,4.0,3.0,1.0,2.0,3.0,2.0,2.0,1.0,,1.0,1.0,4.0,2.0,2.0,2,3.0,1.0,1.0,1.0,3.0,1.0,0.0,1.0,3.0,3.0,1.0,3.0,1.0,0.0,2.0,1.0,1.0,0.0,,0.0,0.0,3.0,3.0,1.0,4.0,1.0,2.0,3.0,2.0,2,2.0,2.0,,1.0,0.0,3.0,3.0,,2.0,0.0,,3.0,1.0,4.0,4.0,3.0,3.0,2.0,,4.0,3.0,,,,3.0,26,0.04
2.0,2.0,1,1.0,4.0,3.0,0.0,3.0,3.0,2.0,1.0,3.0,3.0,2.0,0.0,5.0,5.0,4.0,0.0,2,4.0,2.0,0.0,,,1.0,2.0,,,,4.0,3.0,3.0,2.0,2.0,2.0,3.0,1.0,5.0,3.0,3.0,4.0,4.0,3.0,0.0,3.0,2.0,3.0,1.0,3,0.0,2.0,2.0,2.0,2.0,2.0,2.0,1.0,5.0,5.0,0.0,3.0,5.0,2.0,,3.0,0.0,0.0,3.0,3.0,0.0,,5.0,4.0,1.0,27,0.04
0.0,3.0,3,3.0,3.0,1.0,5.0,4.0,4.0,1.0,3.0,3.0,3.0,0.0,2.0,,4.0,,,0,3.0,3.0,3.0,3.0,5.0,1.0,1.0,0.0,4.0,,2.0,0.0,4.0,1.0,1.0,0.0,5.0,3.0,4.0,4.0,3.0,4.0,2.0,5.0,5.0,4.0,2.0,3.0,3.0,2,1.0,2.0,0.0,0.0,3.0,0.0,1.0,,0.0,3.0,3.0,1.0,3.0,5.0,4.0,3.0,3.0,3.0,2.0,3.0,,,,,2.0,28,0.04
,,3,2.0,2.0,3.0,4.0,0.0,1.0,0.0,2.0,4.0,2.0,3.0,4.0,1.0,2.0,3.0,,4,3.0,2.0,3.0,3.0,4.0,3.0,2.0,3.0,,,2.0,3.0,4.0,0.0,2.0,3.0,3.0,3.0,,1.0,3.0,0.0,2.0,4.0,0.0,2.0,3.0,3.0,0.0,0,1.0,4.0,4.0,0.0,3.0,,4.0,3.0,3.0,1.0,3.0,1.0,4.0,0.0,,1.0,4.0,1.0,4.0,,3.0,4.0,,3.0,0.0,29,0.04
,1.0,1,2.0,1.0,2.0,,2.0,4.0,1.0,0.0,2.0,3.0,5.0,3.0,4.0,4.0,1.0,4.0,2,0.0,3.0,,2.0,,0.0,3.0,,2.0,4.0,0.0,4.0,3.0,2.0,0.0,1.0,3.0,1.0,5.0,1.0,3.0,1.0,0.0,,,2.0,1.0,0.0,2.0,2,3.0,4.0,3.0,2.0,1.0,,3.0,2.0,2.0,0.0,,5.0,4.0,3.0,4.0,3.0,4.0,0.0,,2.0,3.0,,,0.0,2.0,30,0.04
0.0,2.0,3,4.0,4.0,3.0,2.0,0.0,5.0,3.0,5.0,,2.0,,0.0,4.0,5.0,0.0,1.0,3,,2.0,4.0,4.0,4.0,2.0,3.0,5.0,2.0,0.0,0.0,4.0,3.0,4.0,2.0,3.0,3.0,0.0,,1.0,3.0,3.0,5.0,,1.0,3.0,2.0,2.0,3.0,3,5.0,0.0,5.0,,3.0,4.0,4.0,,4.0,1.0,4.0,0.0,2.0,5.0,,4.0,2.0,,4.0,0.0,3.0,,5.0,5.0,,31,0.04
5.0,0.0,1,2.0,3.0,3.0,5.0,0.0,0.0,4.0,3.0,1.0,0.0,5.0,1.0,2.0,,1.0,2.0,2,4.0,0.0,3.0,0.0,2.0,0.0,1.0,1.0,,,2.0,0.0,2.0,2.0,1.0,2.0,3.0,2.0,3.0,2.0,1.0,3.0,2.0,2.0,2.0,0.0,5.0,1.0,3.0,1,1.0,4.0,2.0,2.0,1.0,1.0,1.0,5.0,4.0,4.0,3.0,4.0,5.0,5.0,2.0,1.0,,2.0,5.0,4.0,,3.0,0.0,4.0,4.0,32,0.04
0.0,5.0,0,2.0,4.0,0.0,0.0,3.0,1.0,3.0,2.0,1.0,3.0,3.0,3.0,4.0,,3.0,2.0,3,3.0,2.0,3.0,3.0,,,4.0,,0.0,,4.0,3.0,4.0,4.0,3.0,4.0,2.0,2.0,,2.0,4.0,3.0,1.0,0.0,,1.0,2.0,1.0,,2,3.0,0.0,3.0,2.0,3.0,1.0,1.0,4.0,4.0,1.0,0.0,4.0,0.0,4.0,,4.0,,5.0,0.0,3.0,,,4.0,4.0,3.0,33,0.04
0.0,0.0,3,0.0,3.0,3.0,4.0,0.0,1.0,2.0,4.0,3.0,4.0,,4.0,0.0,,0.0,2.0,1,1.0,2.0,4.0,2.0,3.0,4.0,,4.0,2.0,4.0,1.0,2.0,4.0,,2.0,2.0,4.0,1.0,,1.0,4.0,2.0,1.0,0.0,4.0,3.0,2.0,2.0,3.0,2,2.0,1.0,4.0,1.0,1.0,1.0,2.0,0.0,4.0,1.0,3.0,3.0,3.0,0.0,1.0,,3.0,4.0,3.0,3.0,3.0,,,0.0,4.0,34,0.04
3.0,1.0,2,1.0,3.0,2.0,4.0,1.0,0.0,2.0,2.0,4.0,1.0,,2.0,,3.0,2.0,2.0,2,2.0,2.0,1.0,0.0,4.0,4.0,1.0,,0.0,0.0,3.0,3.0,,3.0,1.0,3.0,1.0,2.0,,1.0,3.0,2.0,1.0,4.0,2.0,2.0,0.0,1.0,0.0,0,3.0,3.0,3.0,3.0,3.0,,3.0,,0.0,3.0,2.0,,0.0,3.0,4.0,3.0,4.0,,3.0,4.0,3.0,0.0,1.0,1.0,,35,0.04
3.0,3.0,0,1.0,3.0,4.0,3.0,0.0,2.0,3.0,1.0,3.0,2.0,,2.0,0.0,,3.0,3.0,2,4.0,3.0,2.0,0.0,3.0,3.0,2.0,2.0,0.0,0.0,1.0,3.0,4.0,4.0,1.0,3.0,2.0,1.0,4.0,2.0,3.0,2.0,2.0,2.0,4.0,2.0,1.0,3.0,4.0,3,0.0,3.0,,3.0,1.0,,4.0,3.0,2.0,4.0,2.0,2.0,0.0,1.0,3.0,2.0,4.0,0.0,3.0,0.0,3.0,,,3.0,2.0,36,0.04
,3.0,4,2.0,4.0,0.0,,3.0,2.0,0.0,3.0,2.0,4.0,4.0,1.0,3.0,0.0,1.0,0.0,2,4.0,3.0,1.0,0.0,4.0,4.0,2.0,2.0,5.0,2.0,3.0,2.0,2.0,2.0,2.0,5.0,2.0,,5.0,0.0,0.0,1.0,2.0,5.0,0.0,1.0,1.0,3.0,3.0,2,2.0,1.0,2.0,2.0,2.0,1.0,0.0,4.0,,3.0,0.0,5.0,2.0,1.0,3.0,,3.0,1.0,4.0,,1.0,,3.0,5.0,4.0,37,0.04
3.0,2.0,3,3.0,2.0,,,4.0,0.0,4.0,2.0,4.0,2.0,,1.0,,4.0,4.0,,1,3.0,2.0,0.0,2.0,0.0,4.0,3.0,4.0,,4.0,,3.0,0.0,,2.0,2.0,,2.0,0.0,1.0,2.0,3.0,0.0,4.0,0.0,1.0,3.0,4.0,0.0,1,3.0,4.0,3.0,,3.0,4.0,2.0,4.0,3.0,1.0,,3.0,2.0,,0.0,1.0,2.0,2.0,4.0,2.0,0.0,4.0,3.0,3.0,4.0,38,0.04
5.0,4.0,4,2.0,2.0,3.0,3.0,3.0,5.0,5.0,5.0,0.0,4.0,3.0,5.0,0.0,,,3.0,2,5.0,0.0,0.0,3.0,4.0,2.0,2.0,0.0,5.0,5.0,4.0,2.0,5.0,0.0,4.0,2.0,3.0,3.0,3.0,0.0,2.0,3.0,2.0,,3.0,4.0,1.0,3.0,3.0,2,1.0,0.0,4.0,1.0,2.0,,,4.0,,2.0,3.0,4.0,3.0,2.0,,3.0,,,0.0,0.0,2.0,,3.0,,4.0,39,0.04
,1.0,2,2.0,1.0,3.0,2.0,2.0,3.0,2.0,2.0,4.0,1.0,2.0,3.0,1.0,4.0,0.0,,3,0.0,2.0,1.0,3.0,0.0,0.0,0.0,3.0,3.0,1.0,2.0,3.0,3.0,1.0,1.0,2.0,0.0,2.0,2.0,2.0,2.0,1.0,0.0,,,2.0,2.0,0.0,,3,1.0,2.0,4.0,3.0,4.0,3.0,2.0,3.0,3.0,3.0,0.0,0.0,2.0,4.0,1.0,4.0,4.0,4.0,4.0,3.0,2.0,,,4.0,4.0,40,0.04
2.0,4.0,0,2.0,5.0,2.0,5.0,2.0,4.0,2.0,4.0,4.0,4.0,1.0,2.0,5.0,,4.0,0.0,3,,4.0,,2.0,4.0,0.0,2.0,0.0,5.0,0.0,3.0,2.0,0.0,3.0,3.0,4.0,2.0,0.0,,1.0,5.0,4.0,0.0,3.0,1.0,3.0,3.0,1.0,2.0,1,4.0,3.0,,4.0,2.0,2.0,2.0,5.0,2.0,5.0,0.0,3.0,2.0,4.0,4.0,1.0,5.0,1.0,4.0,0.0,3.0,3.0,2.0,5.0,3.0,41,0.04
0.0,3.0,3,4.0,0.0,3.0,2.0,1.0,4.0,1.0,0.0,4.0,0.0,4.0,3.0,5.0,,1.0,1.0,2,4.0,4.0,3.0,1.0,5.0,1.0,3.0,5.0,0.0,3.0,,5.0,5.0,2.0,3.0,0.0,3.0,2.0,,2.0,,3.0,3.0,,4.0,2.0,2.0,3.0,5.0,2,3.0,,2.0,3.0,5.0,5.0,3.0,1.0,3.0,3.0,3.0,0.0,3.0,0.0,0.0,3.0,4.0,5.0,5.0,0.0,,,5.0,5.0,3.0,42,0.04
0.0,1.0,4,4.0,2.0,0.0,5.0,2.0,4.0,1.0,2.0,2.0,2.0,0.0,4.0,0.0,3.0,4.0,,3,,5.0,5.0,0.0,4.0,3.0,3.0,3.0,,4.0,3.0,3.0,1.0,0.0,,3.0,3.0,5.0,0.0,2.0,0.0,2.0,4.0,4.0,2.0,2.0,2.0,2.0,2.0,4,,1.0,,4.0,3.0,0.0,1.0,2.0,3.0,4.0,3.0,4.0,4.0,3.0,4.0,2.0,1.0,5.0,4.0,,0.0,1.0,4.0,,3.0,43,0.04
,2.0,1,2.0,0.0,3.0,,0.0,3.0,4.0,1.0,3.0,1.0,,2.0,2.0,4.0,,1.0,3,3.0,4.0,3.0,2.0,,2.0,1.0,4.0,,4.0,3.0,2.0,2.0,,3.0,3.0,3.0,,,1.0,0.0,1.0,3.0,2.0,3.0,,2.0,2.0,4.0,2,1.0,3.0,2.0,0.0,0.0,2.0,4.0,4.0,3.0,3.0,4.0,4.0,0.0,0.0,2.0,0.0,3.0,4.0,2.0,3.0,3.0,1.0,0.0,4.0,0.0,44,0.04
1.0,2.0,0,3.0,2.0,4.0,5.0,2.0,3.0,4.0,0.0,4.0,2.0,3.0,3.0,3.0,,1.0,1.0,0,3.0,3.0,3.0,1.0,,3.0,1.0,,,,2.0,,4.0,4.0,1.0,,3.0,0.0,,1.0,1.0,0.0,3.0,3.0,5.0,2.0,3.0,0.0,0.0,2,1.0,0.0,4.0,3.0,4.0,4.0,0.0,5.0,5.0,3.0,3.0,,3.0,1.0,4.0,4.0,5.0,2.0,4.0,3.0,4.0,,3.0,0.0,2.0,45,0.04
2.0,2.0,3,2.0,2.0,1.0,3.0,2.0,3.0,1.0,0.0,0.0,4.0,2.0,1.0,,,3.0,1.0,1,4.0,0.0,,1.0,4.0,0.0,2.0,1.0,5.0,3.0,2.0,3.0,3.0,1.0,2.0,0.0,4.0,1.0,,0.0,4.0,4.0,0.0,,2.0,3.0,0.0,3.0,1.0,4,1.0,5.0,3.0,3.0,3.0,3.0,3.0,,2.0,4.0,4.0,,3.0,0.0,2.0,1.0,4.0,0.0,1.0,5.0,,,,4.0,3.0,46,0.04
2.0,1.0,3,3.0,2.0,0.0,,3.0,4.0,2.0,3.0,4.0,3.0,3.0,0.0,2.0,1.0,2.0,0.0,2,0.0,2.0,2.0,3.0,3.0,2.0,1.0,,,0.0,3.0,,1.0,3.0,2.0,3.0,3.0,1.0,3.0,0.0,,2.0,2.0,,3.0,3.0,4.0,3.0,4.0,3,3.0,1.0,4.0,2.0,0.0,,4.0,0.0,4.0,2.0,4.0,,4.0,4.0,2.0,1.0,2.0,0.0,0.0,,4.0,3.0,,,3.0,47,0.04
,1.0,3,2.0,3.0,0.0,2.0,3.0,0.0,2.0,0.0,3.0,3.0,4.0,0.0,4.0,,0.0,,2,2.0,2.0,2.0,2.0,,2.0,1.0,4.0,,1.0,3.0,4.0,4.0,0.0,3.0,2.0,0.0,3.0,0.0,1.0,1.0,1.0,2.0,,2.0,1.0,2.0,3.0,1.0,4,0.0,,3.0,3.0,3.0,4.0,4.0,3.0,4.0,0.0,4.0,,,,3.0,3.0,3.0,,3.0,4.0,3.0,3.0,3.0,4.0,2.0,48,0.04
3.0,2.0,1,1.0,2.0,2.0,3.0,2.0,3.0,2.0,2.0,0.0,3.0,2.0,1.0,,,3.0,1.0,0,1.0,3.0,2.0,1.0,,1.0,1.0,1.0,,2.0,2.0,3.0,2.0,3.0,3.0,2.0,3.0,2.0,0.0,1.0,1.0,0.0,1.0,3.0,3.0,3.0,2.0,0.0,4.0,3,0.0,0.0,3.0,0.0,4.0,3.0,0.0,4.0,3.0,3.0,0.0,3.0,2.0,2.0,,1.0,3.0,4.0,,1.0,,1.0,,4.0,3.0,49,0.04
1.0,1.0,2,2.0,2.0,3.0,2.0,4.0,0.0,1.0,3.0,1.0,3.0,4.0,,4.0,0.0,0.0,0.0,2,,3.0,2.0,2.0,,0.0,4.0,,4.0,1.0,3.0,4.0,3.0,1.0,4.0,,2.0,1.0,,0.0,3.0,3.0,3.0,,4.0,1.0,0.0,1.0,3.0,3,1.0,3.0,4.0,3.0,2.0,3.0,2.0,4.0,0.0,1.0,,4.0,0.0,0.0,,2.0,2.0,2.0,,2.0,4.0,,,3.0,1.0,50,0.04
0.0,2.0,1,4.0,1.0,4.0,,2.0,1.0,1.0,1.0,4.0,1.0,3.0,1.0,0.0,4.0,1.0,4.0,2,,3.0,0.0,2.0,4.0,3.0,0.0,,,0.0,2.0,2.0,0.0,4.0,4.0,2.0,3.0,2.0,,2.0,1.0,2.0,4.0,0.0,0.0,1.0,2.0,3.0,,0,2.0,3.0,1.0,1.0,4.0,1.0,2.0,4.0,,2.0,4.0,4.0,2.0,0.0,,3.0,4.0,3.0,3.0,4.0,,3.0,4.0,4.0,,51,0.04
,2.0,0,0.0,1.0,3.0,,1.0,0.0,3.0,2.0,4.0,1.0,2.0,1.0,3.0,1.0,3.0,3.0,0,1.0,2.0,4.0,4.0,4.0,2.0,2.0,0.0,,,1.0,3.0,3.0,1.0,2.0,2.0,3.0,1.0,,1.0,1.0,3.0,4.0,3.0,4.0,1.0,1.0,2.0,4.0,0,0.0,2.0,3.0,2.0,2.0,1.0,2.0,3.0,1.0,3.0,4.0,,3.0,2.0,0.0,0.0,4.0,0.0,,,3.0,,2.0,3.0,2.0,52,0.04
0.0,3.0,1,0.0,0.0,2.0,3.0,0.0,3.0,2.0,1.0,2.0,1.0,2.0,3.0,0.0,,0.0,5.0,0,2.0,1.0,4.0,1.0,,1.0,3.0,3.0,3.0,3.0,4.0,1.0,3.0,1.0,0.0,2.0,2.0,1.0,,3.0,1.0,2.0,3.0,,3.0,2.0,2.0,2.0,4.0,0,0.0,3.0,5.0,4.0,4.0,2.0,2.0,,1.0,3.0,5.0,,5.0,4.0,4.0,2.0,3.0,,2.0,5.0,4.0,4.0,,1.0,4.0,53,0.04
0.0,2.0,2,3.0,1.0,1.0,,4.0,1.0,1.0,0.0,1.0,2.0,4.0,,,2.0,4.0,2.0,4,3.0,2.0,4.0,2.0,4.0,3.0,2.0,3.0,2.0,3.0,4.0,2.0,3.0,4.0,0.0,3.0,1.0,0.0,,1.0,1.0,2.0,0.0,3.0,1.0,2.0,1.0,4.0,3.0,0,3.0,2.0,3.0,3.0,2.0,,2.0,0.0,3.0,0.0,1.0,0.0,2.0,1.0,,0.0,1.0,4.0,2.0,,4.0,,3.0,3.0,1.0,54,0.04
5.0,1.0,3,4.0,0.0,4.0,0.0,2.0,3.0,3.0,4.0,0.0,2.0,,3.0,0.0,,0.0,5.0,0,2.0,4.0,3.0,2.0,5.0,3.0,3.0,1.0,2.0,3.0,3.0,5.0,4.0,4.0,3.0,3.0,1.0,1.0,0.0,3.0,0.0,2.0,1.0,4.0,5.0,3.0,4.0,3.0,,3,5.0,4.0,0.0,4.0,3.0,5.0,5.0,4.0,2.0,2.0,0.0,5.0,2.0,3.0,2.0,3.0,4.0,2.0,3.0,,4.0,,,2.0,5.0,55,0.04
2.0,1.0,2,2.0,0.0,1.0,1.0,0.0,3.0,0.0,2.0,,2.0,,1.0,3.0,,2.0,3.0,3,1.0,0.0,5.0,0.0,,1.0,2.0,0.0,5.0,1.0,5.0,4.0,3.0,2.0,2.0,2.0,0.0,4.0,3.0,1.0,2.0,1.0,0.0,5.0,5.0,3.0,1.0,3.0,1.0,0,1.0,2.0,2.0,3.0,2.0,5.0,1.0,3.0,3.0,3.0,,5.0,5.0,4.0,3.0,2.0,,0.0,3.0,1.0,1.0,2.0,,,5.0,56,0.04
5.0,3.0,4,4.0,3.0,,4.0,1.0,0.0,2.0,3.0,4.0,3.0,5.0,1.0,1.0,,0.0,4.0,2,2.0,2.0,4.0,2.0,1.0,4.0,5.0,2.0,1.0,,4.0,1.0,3.0,4.0,0.0,3.0,2.0,3.0,5.0,0.0,3.0,3.0,4.0,,1.0,0.0,0.0,1.0,4.0,1,3.0,5.0,3.0,5.0,5.0,0.0,3.0,3.0,5.0,3.0,,4.0,0.0,3.0,5.0,0.0,3.0,3.0,5.0,0.0,3.0,,,4.0,1.0,57,0.04
4.0,4.0,2,3.0,1.0,,0.0,0.0,3.0,4.0,1.0,4.0,1.0,5.0,3.0,0.0,0.0,0.0,3.0,5,5.0,5.0,,1.0,5.0,2.0,2.0,3.0,0.0,4.0,,0.0,5.0,3.0,4.0,,3.0,3.0,4.0,2.0,4.0,2.0,1.0,,,3.0,3.0,4.0,3.0,2,3.0,5.0,5.0,2.0,4.0,,0.0,1.0,5.0,1.0,0.0,2.0,4.0,3.0,2.0,4.0,3.0,3.0,5.0,1.0,,2.0,0.0,,4.0,58,0.04
3.0,3.0,3,2.0,1.0,3.0,3.0,0.0,3.0,1.0,2.0,1.0,3.0,0.0,1.0,0.0,,3.0,3.0,0,2.0,4.0,3.0,1.0,0.0,2.0,2.0,3.0,4.0,4.0,,2.0,,3.0,3.0,1.0,0.0,2.0,,1.0,4.0,2.0,4.0,1.0,3.0,2.0,2.0,2.0,,2,2.0,0.0,4.0,1.0,2.0,2.0,0.0,3.0,4.0,1.0,4.0,4.0,3.0,,2.0,1.0,0.0,,3.0,0.0,,,3.0,,2.0,59,0.04
2.0,4.0,4,3.0,1.0,4.0,2.0,4.0,3.0,2.0,,4.0,1.0,0.0,3.0,3.0,4.0,3.0,3.0,0,,3.0,2.0,0.0,0.0,2.0,3.0,2.0,,,3.0,2.0,1.0,3.0,2.0,2.0,3.0,1.0,3.0,,2.0,0.0,3.0,3.0,4.0,4.0,0.0,2.0,0.0,2,3.0,4.0,0.0,2.0,2.0,3.0,2.0,,3.0,4.0,3.0,0.0,,2.0,1.0,,1.0,3.0,2.0,2.0,3.0,,,3.0,0.0,60,0.04
3.0,0.0,2,2.0,2.0,2.0,2.0,1.0,2.0,2.0,4.0,4.0,1.0,3.0,2.0,4.0,,,3.0,1,3.0,3.0,3.0,3.0,,0.0,4.0,0.0,0.0,,3.0,1.0,2.0,3.0,3.0,3.0,1.0,0.0,4.0,4.0,4.0,2.0,1.0,0.0,2.0,1.0,2.0,3.0,4.0,3,4.0,3.0,2.0,0.0,4.0,,2.0,1.0,,2.0,0.0,2.0,2.0,1.0,0.0,2.0,1.0,2.0,1.0,0.0,,,,2.0,2.0,61,0.04
,3.0,3,3.0,2.0,1.0,3.0,2.0,1.0,3.0,4.0,4.0,3.0,,3.0,3.0,2.0,2.0,2.0,2,0.0,3.0,0.0,4.0,1.0,0.0,0.0,4.0,4.0,1.0,1.0,1.0,4.0,5.0,2.0,4.0,,3.0,5.0,1.0,4.0,4.0,2.0,0.0,4.0,1.0,3.0,0.0,2.0,2,2.0,1.0,3.0,1.0,0.0,5.0,3.0,0.0,4.0,0.0,,5.0,3.0,5.0,1.0,0.0,5.0,3.0,5.0,4.0,,,,3.0,4.0,62,0.04
4.0,3.0,3,0.0,3.0,4.0,5.0,3.0,4.0,2.0,3.0,3.0,1.0,,1.0,3.0,,3.0,2.0,3,3.0,5.0,3.0,0.0,2.0,2.0,2.0,0.0,0.0,1.0,3.0,3.0,2.0,1.0,,2.0,5.0,3.0,5.0,3.0,4.0,2.0,2.0,0.0,4.0,3.0,,5.0,4.0,0,3.0,5.0,2.0,,3.0,5.0,4.0,3.0,0.0,3.0,3.0,2.0,0.0,3.0,4.0,3.0,5.0,5.0,0.0,3.0,,,4.0,0.0,3.0,63,0.04
,2.0,3,3.0,1.0,3.0,,2.0,4.0,1.0,1.0,4.0,2.0,,1.0,2.0,,0.0,2.0,1,2.0,3.0,,0.0,0.0,2.0,4.0,3.0,2.0,2.0,3.0,2.0,2.0,2.0,3.0,1.0,1.0,2.0,3.0,0.0,2.0,0.0,1.0,0.0,2.0,0.0,4.0,1.0,3.0,2,0.0,3.0,0.0,2.0,2.0,3.0,3.0,2.0,,2.0,3.0,1.0,1.0,2.0,0.0,1.0,3.0,2.0,,3.0,,,3.0,,2.0,64,0.04
4.0,3.0,3,2.0,1.0,,1.0,3.0,3.0,3.0,4.0,3.0,3.0,,1.0,3.0,,0.0,4.0,1,2.0,0.0,3.0,1.0,,1.0,2.0,2.0,0.0,3.0,4.0,1.0,4.0,4.0,3.0,2.0,3.0,2.0,,1.0,2.0,3.0,1.0,4.0,3.0,1.0,2.0,4.0,,2,3.0,2.0,0.0,3.0,2.0,3.0,4.0,4.0,,0.0,0.0,0.0,1.0,2.0,0.0,0.0,4.0,,0.0,,3.0,,1.0,,2.0,65,0.04
,1.0,2,0.0,1.0,1.0,4.0,2.0,0.0,4.0,4.0,3.0,2.0,,3.0,2.0,,3.0,3.0,3,2.0,,4.0,2.0,,1.0,2.0,,,0.0,5.0,3.0,5.0,4.0,3.0,5.0,0.0,0.0,0.0,4.0,1.0,2.0,3.0,4.0,2.0,2.0,0.0,1.0,2.0,0,1.0,2.0,4.0,2.0,3.0,1.0,4.0,,2.0,3.0,5.0,5.0,3.0,0.0,0.0,3.0,3.0,3.0,4.0,4.0,,,2.0,4.0,,66,0.04
,3.0,3,2.0,4.0,5.0,3.0,3.0,5.0,2.0,0.0,2.0,1.0,,5.0,2.0,4.0,0.0,5.0,4,3.0,4.0,,1.0,,0.0,2.0,4.0,,3.0,5.0,1.0,4.0,4.0,5.0,2.0,5.0,0.0,5.0,4.0,4.0,5.0,4.0,0.0,0.0,4.0,4.0,1.0,,2,5.0,0.0,1.0,1.0,2.0,3.0,3.0,,3.0,0.0,1.0,0.0,4.0,,3.0,4.0,4.0,,4.0,,0.0,,,1.0,4.0,67,0.04
4.0,1.0,1,0.0,2.0,0.0,3.0,2.0,4.0,2.0,1.0,2.0,3.0,0.0,1.0,,,4.0,4.0,3,3.0,2.0,2.0,3.0,5.0,3.0,1.0,3.0,,5.0,2.0,2.0,2.0,0.0,2.0,2.0,2.0,2.0,0.0,1.0,2.0,4.0,0.0,3.0,3.0,2.0,5.0,3.0,5.0,1,5.0,3.0,3.0,3.0,3.0,0.0,4.0,4.0,4.0,4.0,4.0,,1.0,1.0,,1.0,,0.0,5.0,1.0,0.0,1.0,0.0,,2.0,68,0.04
1.0,0.0,3,1.0,3.0,3.0,,2.0,3.0,2.0,0.0,,3.0,,2.0,0.0,3.0,3.0,4.0,1,2.0,2.0,,3.0,4.0,3.0,1.0,,4.0,3.0,2.0,3.0,0.0,2.0,2.0,,0.0,1.0,,1.0,2.0,0.0,2.0,1.0,1.0,3.0,2.0,2.0,1.0,3,1.0,0.0,3.0,2.0,3.0,1.0,3.0,3.0,2.0,0.0,3.0,,4.0,0.0,2.0,1.0,4.0,3.0,4.0,,,,0.0,1.0,1.0,69,0.04
1.0,2.0,0,0.0,2.0,3.0,3.0,0.0,3.0,0.0,1.0,3.0,2.0,1.0,2.0,2.0,,2.0,3.0,1,3.0,1.0,0.0,3.0,,3.0,,,4.0,3.0,0.0,2.0,3.0,2.0,4.0,3.0,3.0,2.0,3.0,1.0,1.0,3.0,1.0,,2.0,2.0,0.0,3.0,1.0,0,1.0,,1.0,2.0,3.0,2.0,,3.0,3.0,2.0,3.0,3.0,1.0,1.0,0.0,2.0,,2.0,2.0,2.0,,,2.0,4.0,0.0,70,0.04
4.0,1.0,2,4.0,0.0,4.0,2.0,,2.0,2.0,,2.0,2.0,3.0,2.0,1.0,3.0,2.0,3.0,2,1.0,3.0,,3.0,4.0,1.0,0.0,4.0,3.0,0.0,2.0,1.0,4.0,1.0,0.0,1.0,4.0,4.0,,3.0,1.0,0.0,2.0,,2.0,2.0,1.0,1.0,,3,2.0,3.0,1.0,4.0,3.0,1.0,0.0,2.0,2.0,2.0,3.0,0.0,0.0,,0.0,2.0,,4.0,0.0,2.0,3.0,,4.0,3.0,1.0,71,0.04
,4.0,3,3.0,0.0,2.0,3.0,2.0,1.0,4.0,2.0,3.0,3.0,1.0,0.0,4.0,0.0,3.0,2.0,3,0.0,3.0,0.0,3.0,,1.0,3.0,2.0,2.0,,2.0,1.0,3.0,3.0,1.0,3.0,0.0,3.0,0.0,3.0,2.0,2.0,1.0,0.0,4.0,4.0,2.0,2.0,4.0,2,1.0,0.0,1.0,1.0,4.0,4.0,3.0,3.0,2.0,4.0,3.0,4.0,3.0,,4.0,0.0,3.0,4.0,4.0,4.0,,3.0,,2.0,2.0,72,0.04
0.0,2.0,0,1.0,3.0,3.0,4.0,4.0,1.0,1.0,2.0,4.0,2.0,3.0,0.0,2.0,3.0,2.0,1.0,2,,,1.0,4.0,0.0,2.0,1.0,2.0,4.0,4.0,3.0,0.0,,1.0,2.0,2.0,3.0,0.0,,1.0,4.0,1.0,2.0,,3.0,3.0,2.0,3.0,3.0,2,2.0,2.0,4.0,4.0,0.0,4.0,2.0,3.0,0.0,4.0,3.0,0.0,2.0,3.0,3.0,3.0,4.0,,2.0,1.0,3.0,,,0.0,3.0,73,0.04
4.0,2.0,2,2.0,1.0,2.0,3.0,3.0,0.0,3.0,3.0,4.0,4.0,,3.0,5.0,5.0,4.0,0.0,3,5.0,,5.0,3.0,4.0,2.0,0.0,,,5.0,1.0,3.0,3.0,3.0,4.0,4.0,4.0,1.0,,1.0,3.0,0.0,4.0,5.0,4.0,4.0,2.0,2.0,0.0,3,1.0,3.0,2.0,2.0,3.0,1.0,3.0,0.0,2.0,,2.0,4.0,3.0,3.0,5.0,0.0,3.0,0.0,5.0,3.0,,0.0,0.0,,4.0,74,0.04
2.0,3.0,0,1.0,2.0,2.0,4.0,0.0,4.0,3.0,2.0,3.0,2.0,0.0,2.0,4.0,4.0,4.0,3.0,4,3.0,3.0,0.0,1.0,2.0,1.0,3.0,,2.0,2.0,3.0,0.0,3.0,2.0,4.0,4.0,4.0,2.0,2.0,2.0,0.0,1.0,3.0,1.0,,3.0,1.0,2.0,4.0,3,4.0,2.0,2.0,3.0,0.0,1.0,0.0,,3.0,4.0,0.0,,3.0,2.0,2.0,2.0,4.0,3.0,,0.0,3.0,,4.0,,3.0,75,0.04
,4.0,3,1.0,3.0,2.0,2.0,3.0,,4.0,2.0,3.0,4.0,2.0,2.0,1.0,3.0,3.0,0.0,2,3.0,3.0,4.0,1.0,4.0,3.0,3.0,2.0,1.0,2.0,4.0,0.0,0.0,3.0,,2.0,0.0,4.0,3.0,3.0,,4.0,3.0,4.0,0.0,2.0,0.0,1.0,,4,1.0,,4.0,3.0,2.0,,3.0,,4.0,2.0,0.0,2.0,0.0,3.0,2.0,4.0,2.0,3.0,2.0,0.0,,,0.0,,1.0,76,0.04
2.0,2.0,2,3.0,3.0,2.0,,2.0,0.0,1.0,3.0,4.0,3.0,0.0,1.0,3.0,,3.0,3.0,1,3.0,,,0.0,,2.0,1.0,1.0,,4.0,0.0,3.0,1.0,1.0,1.0,1.0,3.0,4.0,3.0,3.0,4.0,1.0,4.0,4.0,2.0,0.0,2.0,3.0,0.0,3,0.0,4.0,,3.0,2.0,3.0,3.0,2.0,,3.0,1.0,4.0,3.0,3.0,3.0,2.0,0.0,3.0,0.0,2.0,1.0,3.0,4.0,0.0,2.0,77,0.04
5.0,0.0,2,4.0,2.0,0.0,,0.0,2.0,3.0,0.0,0.0,5.0,,3.0,1.0,0.0,3.0,,3,1.0,3.0,5.0,2.0,3.0,2.0,3.0,1.0,3.0,,4.0,0.0,5.0,1.0,3.0,4.0,3.0,4.0,,3.0,4.0,4.0,2.0,,2.0,3.0,2.0,1.0,4.0,5,0.0,,1.0,3.0,2.0,,1.0,3.0,5.0,0.0,1.0,,5.0,1.0,3.0,0.0,1.0,4.0,4.0,5.0,4.0,5.0,5.0,3.0,1.0,78,0.04
2.0,3.0,3,3.0,0.0,1.0,2.0,1.0,1.0,1.0,2.0,3.0,1.0,,0.0,1.0,3.0,1.0,0.0,2,3.0,4.0,4.0,1.0,0.0,0.0,2.0,,4.0,2.0,3.0,1.0,2.0,0.0,2.0,3.0,1.0,2.0,4.0,1.0,2.0,2.0,0.0,,,3.0,2.0,4.0,3.0,2,1.0,3.0,3.0,,0.0,,2.0,2.0,3.0,2.0,3.0,,3.0,2.0,2.0,2.0,3.0,4.0,1.0,1.0,0.0,0.0,,1.0,3.0,79,0.04
5.0,1.0,0,4.0,2.0,3.0,0.0,3.0,3.0,3.0,2.0,5.0,1.0,0.0,3.0,2.0,,2.0,5.0,2,3.0,4.0,0.0,3.0,4.0,1.0,0.0,3.0,,2.0,5.0,3.0,5.0,,2.0,4.0,0.0,2.0,,1.0,0.0,3.0,2.0,2.0,4.0,3.0,2.0,1.0,4.0,0,4.0,3.0,0.0,,4.0,3.0,1.0,2.0,4.0,2.0,3.0,5.0,4.0,1.0,3.0,2.0,3.0,3.0,4.0,4.0,,0.0,5.0,,2.0,80,0.04
3.0,,2,2.0,1.0,1.0,,0.0,0.0,3.0,3.0,3.0,2.0,4.0,2.0,2.0,,0.0,4.0,1,2.0,0.0,3.0,2.0,,4.0,0.0,,2.0,2.0,4.0,,0.0,3.0,3.0,,4.0,3.0,3.0,2.0,3.0,2.0,3.0,,,3.0,1.0,4.0,3.0,4,3.0,3.0,2.0,3.0,0.0,3.0,3.0,2.0,2.0,1.0,3.0,0.0,3.0,,4.0,1.0,0.0,3.0,4.0,0.0,4.0,4.0,1.0,3.0,3.0,81,0.04
,1.0,0,4.0,1.0,4.0,,2.0,2.0,1.0,5.0,5.0,4.0,0.0,2.0,5.0,,,5.0,2,2.0,2.0,2.0,0.0,1.0,3.0,4.0,3.0,1.0,3.0,3.0,4.0,1.0,5.0,5.0,0.0,4.0,4.0,0.0,4.0,0.0,4.0,3.0,,0.0,3.0,1.0,3.0,2.0,5,4.0,5.0,5.0,4.0,3.0,0.0,2.0,3.0,,0.0,4.0,0.0,5.0,3.0,5.0,3.0,5.0,5.0,2.0,,,,,2.0,1.0,82,0.04
2.0,1.0,2,1.0,1.0,3.0,,3.0,1.0,3.0,3.0,,3.0,,1.0,4.0,4.0,3.0,3.0,0,2.0,2.0,4.0,1.0,4.0,4.0,2.0,3.0,,3.0,1.0,0.0,1.0,0.0,1.0,,2.0,4.0,4.0,2.0,2.0,2.0,2.0,2.0,0.0,2.0,0.0,0.0,0.0,1,2.0,3.0,2.0,2.0,2.0,4.0,0.0,3.0,2.0,4.0,3.0,1.0,0.0,3.0,2.0,2.0,3.0,,0.0,2.0,1.0,,4.0,2.0,1.0,83,0.04
4.0,2.0,3,4.0,0.0,2.0,4.0,2.0,0.0,0.0,1.0,0.0,2.0,3.0,2.0,3.0,,3.0,4.0,2,2.0,3.0,2.0,1.0,4.0,0.0,1.0,1.0,4.0,2.0,2.0,1.0,1.0,2.0,1.0,0.0,,2.0,0.0,0.0,0.0,2.0,1.0,,4.0,2.0,2.0,2.0,,2,3.0,1.0,2.0,1.0,2.0,2.0,2.0,1.0,4.0,3.0,0.0,1.0,4.0,,3.0,1.0,2.0,,3.0,4.0,4.0,,,,3.0,84,0.04
2.0,1.0,1,1.0,0.0,0.0,4.0,,1.0,1.0,0.0,,2.0,,2.0,2.0,,2.0,0.0,1,0.0,3.0,4.0,3.0,,1.0,1.0,3.0,2.0,3.0,3.0,2.0,,3.0,3.0,2.0,3.0,3.0,,1.0,1.0,1.0,2.0,3.0,3.0,1.0,1.0,1.0,,2,3.0,4.0,2.0,1.0,2.0,1.0,0.0,0.0,2.0,3.0,2.0,,2.0,0.0,0.0,2.0,2.0,0.0,2.0,4.0,1.0,,3.0,4.0,1.0,85,0.04
,1.0,2,1.0,3.0,3.0,,2.0,0.0,1.0,1.0,3.0,1.0,2.0,3.0,3.0,,,1.0,3,2.0,0.0,,1.0,4.0,2.0,2.0,3.0,2.0,,3.0,2.0,0.0,,2.0,4.0,4.0,,4.0,0.0,1.0,2.0,0.0,1.0,3.0,2.0,2.0,0.0,0.0,2,0.0,4.0,,2.0,0.0,2.0,1.0,4.0,4.0,1.0,3.0,2.0,1.0,2.0,2.0,0.0,1.0,4.0,2.0,4.0,3.0,,,,2.0,86,0.04
3.0,2.0,1,0.0,2.0,3.0,,0.0,3.0,1.0,2.0,,0.0,2.0,2.0,4.0,,3.0,1.0,2,4.0,4.0,4.0,,4.0,2.0,2.0,0.0,4.0,0.0,1.0,3.0,3.0,0.0,4.0,1.0,2.0,1.0,3.0,1.0,3.0,3.0,2.0,1.0,2.0,2.0,1.0,0.0,3.0,0,1.0,,0.0,4.0,1.0,2.0,1.0,,4.0,,2.0,2.0,3.0,2.0,4.0,3.0,,1.0,4.0,3.0,0.0,,3.0,,4.0,87,0.04
,2.0,3,1.0,3.0,4.0,,2.0,0.0,0.0,2.0,,1.0,3.0,1.0,3.0,2.0,3.0,,0,3.0,2.0,3.0,2.0,,3.0,1.0,0.0,2.0,,3.0,0.0,2.0,0.0,1.0,3.0,,0.0,,4.0,3.0,3.0,1.0,2.0,2.0,3.0,3.0,3.0,2.0,3,1.0,1.0,3.0,2.0,2.0,4.0,2.0,2.0,2.0,1.0,3.0,,2.0,1.0,0.0,1.0,1.0,,0.0,4.0,,0.0,4.0,3.0,1.0,88,0.04
3.0,0.0,3,2.0,1.0,2.0,4.0,2.0,3.0,3.0,1.0,0.0,2.0,3.0,0.0,4.0,,,,2,3.0,,,2.0,5.0,0.0,2.0,2.0,3.0,3.0,4.0,4.0,0.0,1.0,3.0,3.0,2.0,3.0,2.0,0.0,2.0,4.0,1.0,,4.0,3.0,3.0,2.0,0.0,3,2.0,2.0,2.0,3.0,1.0,2.0,4.0,5.0,5.0,3.0,4.0,,1.0,4.0,,3.0,1.0,3.0,0.0,0.0,0.0,,,5.0,1.0,89,0.04
,3.0,2,0.0,3.0,0.0,4.0,3.0,2.0,1.0,2.0,3.0,1.0,3.0,4.0,1.0,,3.0,4.0,1,0.0,0.0,4.0,2.0,3.0,3.0,3.0,4.0,4.0,3.0,,2.0,1.0,4.0,4.0,0.0,,1.0,,4.0,3.0,0.0,0.0,1.0,,0.0,,2.0,4.0,2,3.0,2.0,0.0,3.0,3.0,3.0,1.0,3.0,3.0,0.0,4.0,3.0,4.0,2.0,4.0,3.0,1.0,2.0,4.0,1.0,,2.0,3.0,,4.0,90,0.04
3.0,1.0,2,1.0,3.0,0.0,4.0,3.0,2.0,1.0,2.0,0.0,1.0,0.0,3.0,3.0,0.0,3.0,2.0,1,2.0,3.0,3.0,3.0,3.0,4.0,4.0,3.0,,,3.0,4.0,,0.0,,2.0,3.0,2.0,0.0,3.0,4.0,0.0,2.0,2.0,2.0,3.0,3.0,0.0,,4,4.0,2.0,3.0,3.0,,3.0,0.0,1.0,4.0,,2.0,0.0,3.0,4.0,4.0,3.0,2.0,2.0,3.0,,2.0,,,4.0,4.0,91,0.04
2.0,2.0,2,2.0,1.0,0.0,0.0,4.0,0.0,3.0,2.0,4.0,2.0,3.0,0.0,2.0,,3.0,4.0,3,4.0,3.0,3.0,1.0,0.0,1.0,1.0,1.0,,4.0,3.0,1.0,0.0,,2.0,2.0,,0.0,0.0,4.0,0.0,2.0,1.0,4.0,0.0,2.0,2.0,3.0,3.0,3,1.0,,,,4.0,,,,3.0,4.0,2.0,3.0,1.0,4.0,3.0,4.0,2.0,,2.0,3.0,,4.0,1.0,4.0,3.0,92,0.04
5.0,0.0,4,2.0,4.0,4.0,0.0,3.0,3.0,5.0,1.0,3.0,3.0,,2.0,,5.0,4.0,1.0,2,0.0,4.0,1.0,3.0,1.0,0.0,1.0,,2.0,1.0,0.0,5.0,2.0,1.0,2.0,5.0,4.0,2.0,,2.0,2.0,4.0,3.0,3.0,1.0,2.0,4.0,2.0,3.0,1,4.0,5.0,,3.0,2.0,2.0,2.0,3.0,3.0,0.0,4.0,4.0,0.0,3.0,0.0,1.0,3.0,5.0,0.0,4.0,3.0,0.0,4.0,,4.0,93,0.04
1.0,3.0,2,3.0,3.0,0.0,,1.0,3.0,3.0,1.0,2.0,0.0,2.0,3.0,2.0,1.0,,2.0,1,2.0,0.0,5.0,2.0,,1.0,1.0,0.0,2.0,3.0,0.0,3.0,3.0,3.0,1.0,2.0,3.0,2.0,,2.0,2.0,4.0,4.0,4.0,2.0,5.0,0.0,0.0,1.0,0,1.0,,3.0,3.0,5.0,,2.0,,4.0,3.0,5.0,,3.0,1.0,5.0,0.0,5.0,4.0,,,,2.0,4.0,0.0,1.0,94,0.04
0.0,2.0,2,,2.0,1.0,2.0,1.0,3.0,0.0,0.0,4.0,2.0,0.0,4.0,1.0,3.0,3.0,3.0,4,4.0,4.0,1.0,4.0,0.0,2.0,3.0,,0.0,3.0,4.0,2.0,3.0,,2.0,,2.0,3.0,4.0,1.0,3.0,2.0,3.0,4.0,0.0,3.0,0.0,1.0,0.0,1,2.0,4.0,4.0,3.0,3.0,,,3.0,,3.0,2.0,1.0,1.0,1.0,2.0,4.0,,,3.0,,,,4.0,0.0,4.0,95,0.04
0.0,2.0,3,1.0,1.0,4.0,2.0,2.0,2.0,0.0,2.0,2.0,2.0,3.0,1.0,3.0,2.0,0.0,,2,4.0,2.0,4.0,1.0,4.0,1.0,1.0,3.0,0.0,3.0,4.0,2.0,3.0,2.0,0.0,2.0,1.0,0.0,4.0,3.0,0.0,2.0,0.0,,1.0,0.0,3.0,3.0,3.0,1,2.0,3.0,4.0,3.0,3.0,2.0,1.0,3.0,4.0,0.0,,3.0,3.0,4.0,4.0,2.0,2.0,1.0,4.0,,,,,3.0,1.0,96,0.04
3.0,3.0,0,1.0,3.0,3.0,,1.0,2.0,0.0,,,1.0,1.0,2.0,4.0,3.0,4.0,,2,3.0,,,2.0,,1.0,3.0,1.0,,,1.0,3.0,4.0,3.0,0.0,2.0,3.0,4.0,4.0,2.0,3.0,4.0,3.0,0.0,4.0,0.0,2.0,2.0,2.0,4,4.0,2.0,2.0,1.0,4.0,,,0.0,0.0,3.0,0.0,1.0,2.0,2.0,3.0,1.0,3.0,0.0,3.0,0.0,4.0,4.0,,3.0,2.0,97,0.04
2.0,4.0,3,2.0,3.0,0.0,,4.0,,,1.0,,2.0,,4.0,1.0,,1.0,2.0,2,4.0,3.0,3.0,3.0,4.0,1.0,3.0,,0.0,0.0,2.0,3.0,2.0,0.0,3.0,4.0,2.0,0.0,1.0,3.0,2.0,2.0,3.0,,0.0,1.0,1.0,,2.0,0,2.0,2.0,3.0,0.0,2.0,1.0,2.0,0.0,4.0,2.0,3.0,3.0,4.0,4.0,3.0,2.0,1.0,3.0,3.0,4.0,4.0,,,0.0,2.0,98,0.04
,1.0,2,2.0,0.0,2.0,0.0,1.0,3.0,2.0,0.0,3.0,2.0,3.0,0.0,2.0,,3.0,2.0,4,3.0,3.0,3.0,2.0,0.0,1.0,1.0,,0.0,4.0,2.0,2.0,3.0,4.0,2.0,4.0,,2.0,4.0,2.0,4.0,3.0,1.0,4.0,0.0,1.0,2.0,0.0,3.0,3,3.0,0.0,2.0,4.0,1.0,2.0,3.0,,2.0,3.0,3.0,0.0,3.0,3.0,2.0,1.0,4.0,3.0,2.0,2.0,4.0,,,,4.0,99,0.04
2.0,2.0,3,2.0,2.0,2.0,3.0,1.0,2.0,2.0,4.0,3.0,2.0,,2.0,2.0,,4.0,1.0,2,0.0,,3.0,4.0,2.0,4.0,0.0,3.0,3.0,4.0,4.0,,0.0,0.0,3.0,1.0,2.0,1.0,,2.0,0.0,0.0,1.0,,4.0,2.0,1.0,2.0,3.0,3,0.0,4.0,4.0,2.0,1.0,3.0,0.0,0.0,1.0,3.0,,,1.0,1.0,0.0,3.0,1.0,,3.0,3.0,,4.0,3.0,,1.0,100,0.04
2.0,4.0,0,2.0,3.0,,0.0,3.0,2.0,2.0,3.0,3.0,1.0,0.0,0.0,4.0,0.0,4.0,,3,,0.0,4.0,2.0,3.0,1.0,1.0,0.0,,,2.0,3.0,3.0,3.0,3.0,4.0,2.0,0.0,3.0,2.0,4.0,1.0,3.0,3.0,3.0,4.0,4.0,1.0,3.0,2,3.0,,3.0,0.0,4.0,3.0,1.0,3.0,2.0,4.0,2.0,,3.0,1.0,3.0,0.0,4.0,3.0,2.0,3.0,2.0,,,4.0,1.0,101,0.04
2.0,0.0,2,1.0,1.0,4.0,2.0,2.0,0.0,0.0,1.0,1.0,3.0,,1.0,2.0,,3.0,2.0,3,0.0,0.0,2.0,0.0,3.0,3.0,1.0,2.0,4.0,,4.0,4.0,2.0,0.0,0.0,4.0,2.0,1.0,,2.0,,3.0,3.0,2.0,,2.0,3.0,1.0,3.0,3,1.0,3.0,0.0,2.0,2.0,3.0,4.0,0.0,2.0,1.0,2.0,,1.0,3.0,2.0,1.0,4.0,4.0,3.0,,3.0,3.0,4.0,1.0,4.0,102,0.04
,2.0,0,0.0,2.0,,,4.0,2.0,5.0,3.0,2.0,1.0,,5.0,5.0,5.0,1.0,0.0,1,4.0,4.0,1.0,3.0,3.0,3.0,4.0,3.0,4.0,,2.0,3.0,0.0,3.0,0.0,1.0,0.0,1.0,2.0,3.0,2.0,0.0,2.0,2.0,3.0,2.0,2.0,2.0,3.0,5,0.0,0.0,2.0,1.0,3.0,3.0,2.0,2.0,2.0,3.0,2.0,1.0,4.0,5.0,3.0,1.0,1.0,4.0,4.0,4.0,,1.0,5.0,5.0,0.0,103,0.04
1.0,2.0,0,1.0,5.0,4.0,,0.0,4.0,2.0,0.0,3.0,2.0,5.0,3.0,4.0,3.0,3.0,,1,2.0,0.0,,2.0,,4.0,2.0,3.0,4.0,,2.0,4.0,0.0,2.0,3.0,4.0,3.0,3.0,,3.0,3.0,2.0,2.0,0.0,5.0,5.0,0.0,4.0,0.0,3,3.0,2.0,4.0,2.0,3.0,3.0,2.0,2.0,4.0,1.0,4.0,,0.0,1.0,4.0,2.0,4.0,4.0,0.0,,4.0,,1.0,,3.0,104,0.04
,3.0,3,2.0,0.0,1.0,,3.0,2.0,,3.0,3.0,4.0,0.0,3.0,4.0,,3.0,1.0,2,1.0,4.0,,2.0,,3.0,1.0,2.0,2.0,,3.0,4.0,2.0,0.0,4.0,4.0,2.0,2.0,0.0,0.0,0.0,2.0,3.0,4.0,3.0,2.0,2.0,3.0,2.0,2,4.0,2.0,,4.0,2.0,3.0,2.0,,,2.0,2.0,4.0,1.0,0.0,3.0,3.0,0.0,3.0,0.0,1.0,3.0,4.0,0.0,,1.0,105,0.04
0.0,0.0,4,2.0,0.0,4.0,3.0,3.0,1.0,2.0,4.0,2.0,0.0,2.0,1.0,0.0,,1.0,1.0,2,1.0,1.0,2.0,0.0,4.0,4.0,2.0,1.0,,4.0,1.0,3.0,3.0,,3.0,3.0,3.0,2.0,3.0,2.0,3.0,4.0,3.0,0.0,,2.0,1.0,2.0,3.0,1,2.0,2.0,3.0,,2.0,3.0,3.0,2.0,2.0,4.0,4.0,0.0,0.0,3.0,,0.0,,3.0,4.0,4.0,,,2.0,,4.0,106,0.04
4.0,1.0,4,1.0,2.0,3.0,,1.0,4.0,3.0,0.0,2.0,0.0,,1.0,2.0,2.0,2.0,2.0,2,2.0,1.0,2.0,3.0,4.0,3.0,3.0,2.0,3.0,0.0,3.0,3.0,3.0,0.0,1.0,,2.0,,4.0,2.0,2.0,,2.0,,3.0,4.0,2.0,1.0,2.0,0,2.0,4.0,1.0,4.0,0.0,4.0,3.0,3.0,,0.0,0.0,3.0,3.0,3.0,2.0,2.0,1.0,3.0,0.0,0.0,1.0,,,4.0,4.0,107,0.04
,2.0,0,2.0,3.0,3.0,,1.0,2.0,2.0,0.0,3.0,2.0,,,3.0,4.0,1.0,2.0,2,2.0,3.0,2.0,3.0,4.0,1.0,1.0,1.0,,2.0,0.0,3.0,,1.0,2.0,3.0,,1.0,3.0,2.0,0.0,2.0,2.0,0.0,2.0,4.0,1.0,2.0,1.0,0,4.0,3.0,3.0,1.0,2.0,1.0,4.0,0.0,1.0,1.0,2.0,2.0,3.0,0.0,2.0,2.0,3.0,0.0,3.0,0.0,,,,3.0,2.0,108,0.04
5.0,3.0,3,0.0,2.0,3.0,,4.0,1.0,2.0,0.0,3.0,3.0,2.0,0.0,4.0,,,3.0,0,1.0,4.0,1.0,2.0,,2.0,1.0,4.0,,3.0,2.0,1.0,0.0,1.0,2.0,3.0,2.0,0.0,5.0,3.0,1.0,1.0,3.0,0.0,0.0,0.0,2.0,4.0,4.0,2,2.0,3.0,4.0,5.0,3.0,2.0,2.0,3.0,3.0,,3.0,3.0,3.0,3.0,5.0,2.0,5.0,0.0,3.0,1.0,5.0,,3.0,,3.0,109,0.04
5.0,3.0,2,1.0,1.0,,2.0,4.0,2.0,3.0,0.0,0.0,2.0,4.0,1.0,2.0,5.0,3.0,2.0,0,0.0,2.0,5.0,3.0,4.0,3.0,2.0,,0.0,5.0,0.0,3.0,2.0,4.0,5.0,,0.0,3.0,,5.0,4.0,3.0,4.0,4.0,2.0,1.0,1.0,2.0,3.0,1,0.0,1.0,3.0,2.0,3.0,,2.0,3.0,5.0,2.0,4.0,4.0,5.0,3.0,1.0,3.0,0.0,0.0,,3.0,5.0,,,5.0,1.0,110,0.04
1.0,3.0,0,5.0,1.0,5.0,,3.0,4.0,3.0,4.0,2.0,4.0,4.0,4.0,3.0,,,0.0,3,0.0,5.0,,3.0,5.0,4.0,0.0,3.0,2.0,4.0,0.0,2.0,0.0,5.0,4.0,3.0,5.0,3.0,,2.0,5.0,5.0,5.0,4.0,4.0,3.0,4.0,2.0,5.0,3,4.0,2.0,5.0,4.0,4.0,4.0,4.0,,2.0,1.0,1.0,,0.0,0.0,5.0,4.0,4.0,5.0,4.0,5.0,5.0,0.0,,0.0,5.0,111,0.04
4.0,2.0,1,1.0,2.0,3.0,4.0,1.0,2.0,1.0,4.0,3.0,2.0,,2.0,,0.0,3.0,3.0,2,3.0,5.0,0.0,2.0,4.0,0.0,3.0,0.0,,4.0,3.0,2.0,1.0,4.0,3.0,3.0,5.0,5.0,4.0,,3.0,1.0,4.0,5.0,1.0,0.0,0.0,1.0,2.0,1,0.0,2.0,1.0,2.0,1.0,0.0,3.0,,5.0,3.0,1.0,5.0,2.0,0.0,1.0,1.0,3.0,0.0,1.0,1.0,,2.0,4.0,,2.0,112,0.04
,4.0,4,2.0,1.0,4.0,3.0,2.0,3.0,2.0,,3.0,0.0,2.0,2.0,4.0,2.0,2.0,1.0,3,3.0,,2.0,1.0,0.0,1.0,2.0,,4.0,0.0,3.0,2.0,2.0,0.0,2.0,4.0,3.0,2.0,0.0,0.0,1.0,2.0,1.0,,0.0,3.0,4.0,1.0,0.0,4,4.0,2.0,,4.0,2.0,3.0,3.0,2.0,1.0,1.0,4.0,2.0,1.0,1.0,2.0,3.0,2.0,,4.0,1.0,,,0.0,0.0,,113,0.04
,0.0,2,3.0,3.0,,,2.0,0.0,2.0,1.0,3.0,2.0,3.0,4.0,2.0,0.0,3.0,3.0,2,0.0,4.0,4.0,1.0,4.0,0.0,2.0,,3.0,3.0,1.0,3.0,1.0,2.0,3.0,3.0,3.0,,3.0,1.0,4.0,3.0,4.0,3.0,4.0,1.0,2.0,3.0,3.0,1,2.0,3.0,0.0,0.0,3.0,,1.0,0.0,1.0,2.0,3.0,,2.0,0.0,4.0,2.0,4.0,,3.0,4.0,0.0,3.0,4.0,,4.0,114,0.04
0.0,4.0,4,2.0,2.0,3.0,3.0,2.0,4.0,2.0,4.0,1.0,2.0,,3.0,0.0,,3.0,,2,3.0,4.0,5.0,0.0,,3.0,2.0,0.0,5.0,,3.0,1.0,3.0,0.0,2.0,0.0,4.0,2.0,,2.0,3.0,3.0,1.0,,0.0,4.0,2.0,4.0,3.0,1,2.0,4.0,1.0,5.0,2.0,4.0,0.0,3.0,4.0,4.0,1.0,5.0,3.0,0.0,2.0,1.0,3.0,,4.0,4.0,,0.0,,4.0,5.0,115,0.04
0.0,2.0,2,2.0,0.0,0.0,3.0,1.0,2.0,3.0,1.0,3.0,4.0,3.0,3.0,4.0,0.0,0.0,,2,2.0,3.0,2.0,1.0,,1.0,1.0,,1.0,,4.0,2.0,2.0,3.0,0.0,,4.0,2.0,,1.0,3.0,2.0,2.0,,,4.0,3.0,1.0,3.0,2,2.0,4.0,0.0,1.0,4.0,,0.0,,4.0,3.0,4.0,,1.0,3.0,3.0,3.0,2.0,4.0,2.0,2.0,0.0,4.0,0.0,3.0,1.0,116,0.04
5.0,3.0,5,4.0,1.0,2.0,3.0,3.0,2.0,5.0,1.0,1.0,2.0,,2.0,2.0,,5.0,5.0,2,,0.0,2.0,2.0,4.0,4.0,3.0,,4.0,0.0,0.0,2.0,3.0,5.0,2.0,4.0,0.0,1.0,4.0,3.0,1.0,3.0,2.0,0.0,0.0,1.0,2.0,0.0,4.0,2,4.0,4.0,1.0,4.0,0.0,4.0,1.0,0.0,2.0,4.0,,3.0,3.0,2.0,3.0,1.0,4.0,,5.0,2.0,4.0,0.0,,4.0,,117,0.04
2.0,2.0,2,1.0,1.0,3.0,4.0,0.0,2.0,,2.0,1.0,1.0,0.0,0.0,3.0,,3.0,3.0,2,3.0,0.0,3.0,1.0,2.0,1.0,1.0,2.0,3.0,4.0,1.0,0.0,4.0,3.0,2.0,3.0,0.0,1.0,4.0,2.0,4.0,2.0,3.0,4.0,,,1.0,3.0,2.0,2,2.0,2.0,3.0,0.0,2.0,2.0,4.0,,,0.0,4.0,0.0,2.0,4.0,2.0,0.0,2.0,4.0,4.0,4.0,,,4.0,4.0,2.0,118,0.04
3.0,2.0,4,2.0,1.0,3.0,4.0,4.0,2.0,1.0,2.0,3.0,1.0,0.0,2.0,,,4.0,2.0,2,0.0,2.0,4.0,0.0,1.0,3.0,2.0,3.0,3.0,,0.0,2.0,1.0,3.0,1.0,2.0,3.0,4.0,0.0,2.0,2.0,1.0,1.0,4.0,3.0,2.0,1.0,2.0,,3,4.0,3.0,3.0,,3.0,4.0,4.0,0.0,2.0,0.0,4.0,0.0,2.0,2.0,4.0,2.0,4.0,,,0.0,0.0,4.0,,,2.0,119,0.04
,0.0,1,0.0,3.0,3.0,3.0,3.0,1.0,3.0,2.0,2.0,0.0,,3.0,,0.0,4.0,0.0,2,1.0,,2.0,2.0,2.0,2.0,,3.0,2.0,3.0,3.0,0.0,2.0,4.0,1.0,4.0,1.0,2.0,,3.0,0.0,4.0,3.0,4.0,2.0,3.0,1.0,1.0,1.0,2,2.0,4.0,3.0,3.0,4.0,1.0,2.0,,4.0,2.0,1.0,3.0,3.0,3.0,2.0,3.0,3.0,0.0,0.0,2.0,,0.0,,,4.0,120,0.04
2.0,3.0,1,3.0,6.0,3.0,1.0,2.0,4.0,2.0,1.0,2.0,3.0,6.0,4.0,0.0,,0.0,1.0,4,0.0,,6.0,1.0,1.0,3.0,0.0,2.0,0.0,3.0,4.0,2.0,2.0,3.0,2.0,4.0,4.0,0.0,,,4.0,,0.0,3.0,,3.0,2.0,2.0,4.0,2,3.0,3.0,2.0,1.0,3.0,2.0,3.0,3.0,3.0,4.0,5.0,0.0,0.0,0.0,1.0,4.0,5.0,1.0,1.0,2.0,,,6.0,,6.0,121,0.04
2.0,2.0,4,0.0,0.0,4.0,,2.0,3.0,2.0,2.0,2.0,0.0,,1.0,1.0,,2.0,1.0,1,2.0,3.0,2.0,3.0,,1.0,2.0,0.0,,3.0,0.0,3.0,2.0,3.0,3.0,3.0,1.0,1.0,3.0,1.0,3.0,3.0,1.0,4.0,0.0,2.0,0.0,0.0,3.0,1,2.0,2.0,3.0,3.0,1.0,1.0,1.0,,2.0,4.0,4.0,,1.0,3.0,3.0,1.0,,1.0,2.0,4.0,3.0,4.0,1.0,0.0,0.0,122,0.04
,3.0,1,2.0,3.0,5.0,4.0,2.0,3.0,2.0,3.0,2.0,2.0,5.0,2.0,2.0,,4.0,1.0,2,3.0,2.0,2.0,0.0,0.0,3.0,2.0,3.0,3.0,4.0,4.0,4.0,2.0,1.0,1.0,1.0,2.0,0.0,4.0,2.0,4.0,3.0,0.0,0.0,3.0,0.0,3.0,1.0,4.0,2,1.0,3.0,3.0,3.0,,5.0,,5.0,4.0,3.0,1.0,2.0,5.0,4.0,1.0,3.0,,5.0,0.0,3.0,0.0,,0.0,0.0,,123,0.04
,2.0,3,1.0,3.0,2.0,0.0,3.0,1.0,2.0,4.0,2.0,2.0,,4.0,2.0,0.0,3.0,4.0,0,3.0,3.0,4.0,2.0,,1.0,3.0,2.0,4.0,,2.0,2.0,0.0,3.0,3.0,0.0,0.0,2.0,1.0,2.0,1.0,1.0,1.0,4.0,4.0,3.0,2.0,0.0,1.0,3,3.0,,1.0,2.0,3.0,,3.0,4.0,0.0,4.0,2.0,,2.0,0.0,,3.0,,0.0,3.0,2.0,,2.0,4.0,4.0,2.0,124,0.04
4.0,3.0,3,3.0,2.0,3.0,0.0,3.0,0.0,1.0,0.0,2.0,1.0,0.0,2.0,2.0,4.0,2.0,2.0,1,4.0,2.0,2.0,3.0,0.0,1.0,2.0,,,4.0,3.0,2.0,1.0,1.0,2.0,2.0,0.0,2.0,3.0,2.0,1.0,3.0,1.0,,3.0,4.0,0.0,2.0,3.0,3,3.0,1.0,4.0,2.0,0.0,1.0,1.0,,3.0,4.0,3.0,,2.0,,3.0,1.0,4.0,3.0,0.0,4.0,,,0.0,3.0,1.0,125,0.04
4.0,3.0,0,4.0,3.0,4.0,,2.0,2.0,3.0,4.0,1.0,1.0,,3.0,3.0,,4.0,3.0,2,0.0,2.0,,0.0,2.0,2.0,4.0,0.0,4.0,,2.0,3.0,0.0,1.0,3.0,0.0,3.0,0.0,0.0,4.0,,4.0,3.0,,1.0,2.0,3.0,0.0,,1,3.0,4.0,,4.0,3.0,4.0,,4.0,3.0,,2.0,3.0,2.0,2.0,1.0,2.0,2.0,1.0,4.0,3.0,,4.0,3.0,0.0,1.0,126,0.04
4.0,0.0,5,2.0,1.0,0.0,0.0,2.0,0.0,1.0,2.0,4.0,3.0,,4.0,4.0,4.0,2.0,4.0,2,4.0,,3.0,3.0,5.0,3.0,0.0,5.0,,2.0,1.0,2.0,2.0,,2.0,5.0,5.0,1.0,5.0,3.0,0.0,1.0,4.0,,4.0,3.0,3.0,0.0,3.0,1,1.0,3.0,2.0,3.0,2.0,1.0,3.0,,5.0,4.0,2.0,0.0,3.0,,2.0,2.0,0.0,2.0,3.0,,,5.0,4.0,2.0,0.0,127,0.04
3.0,1.0,4,4.0,,0.0,4.0,3.0,2.0,3.0,1.0,4.0,3.0,0.0,0.0,5.0,,2.0,0.0,2,5.0,4.0,3.0,2.0,5.0,4.0,4.0,4.0,,,2.0,4.0,0.0,3.0,4.0,4.0,3.0,5.0,,3.0,3.0,2.0,4.0,0.0,4.0,2.0,4.0,2.0,4.0,1,3.0,2.0,2.0,2.0,0.0,5.0,3.0,,4.0,0.0,1.0,3.0,0.0,,5.0,3.0,3.0,,0.0,,3.0,2.0,,4.0,3.0,128,0.04
3.0,3.0,3,2.0,0.0,3.0,1.0,1.0,0.0,0.0,2.0,,1.0,4.0,4.0,2.0,,3.0,3.0,2,1.0,3.0,2.0,0.0,,2.0,4.0,5.0,,,2.0,1.0,2.0,3.0,2.0,3.0,3.0,1.0,0.0,3.0,1.0,5.0,0.0,0.0,3.0,4.0,3.0,1.0,3.0,2,5.0,4.0,4.0,2.0,3.0,0.0,5.0,5.0,5.0,0.0,4.0,,1.0,0.0,3.0,1.0,1.0,2.0,4.0,4.0,2.0,3.0,,5.0,2.0,129,0.04
5.0,3.0,1,0.0,1.0,4.0,0.0,3.0,5.0,3.0,2.0,3.0,2.0,,2.0,3.0,,3.0,1.0,3,3.0,0.0,5.0,3.0,0.0,2.0,2.0,,2.0,5.0,0.0,3.0,2.0,2.0,3.0,0.0,0.0,3.0,,2.0,1.0,2.0,1.0,0.0,1.0,4.0,2.0,1.0,3.0,1,1.0,3.0,0.0,2.0,2.0,4.0,3.0,5.0,4.0,2.0,4.0,,2.0,5.0,4.0,5.0,4.0,3.0,4.0,3.0,4.0,1.0,0.0,2.0,,130,0.04
3.0,4.0,2,5.0,2.0,3.0,,,2.0,,0.0,4.0,2.0,0.0,2.0,3.0,,2.0,3.0,4,3.0,4.0,,2.0,4.0,3.0,1.0,3.0,,3.0,0.0,4.0,1.0,4.0,3.0,0.0,2.0,2.0,4.0,4.0,2.0,0.0,4.0,,4.0,4.0,1.0,1.0,1.0,2,3.0,0.0,4.0,1.0,4.0,1.0,0.0,3.0,0.0,3.0,4.0,0.0,5.0,3.0,1.0,1.0,3.0,,3.0,,5.0,,,,0.0,131,0.04
1.0,3.0,0,4.0,0.0,4.0,3.0,0.0,2.0,1.0,3.0,3.0,2.0,3.0,4.0,3.0,2.0,2.0,2.0,0,2.0,2.0,4.0,0.0,4.0,1.0,1.0,4.0,3.0,0.0,1.0,3.0,1.0,1.0,2.0,3.0,1.0,1.0,4.0,1.0,2.0,3.0,1.0,,,2.0,4.0,3.0,2.0,0,4.0,1.0,0.0,2.0,3.0,3.0,4.0,3.0,2.0,,0.0,2.0,2.0,0.0,1.0,3.0,1.0,1.0,3.0,3.0,,,,2.0,4.0,132,0.04
5.0,1.0,3,2.0,2.0,3.0,4.0,2.0,2.0,1.0,1.0,3.0,3.0,,2.0,0.0,3.0,4.0,,1,3.0,0.0,3.0,1.0,5.0,2.0,0.0,2.0,4.0,,4.0,0.0,4.0,2.0,3.0,2.0,0.0,4.0,4.0,2.0,4.0,0.0,2.0,,4.0,2.0,3.0,4.0,2.0,3,3.0,5.0,1.0,0.0,2.0,2.0,2.0,0.0,,4.0,4.0,,0.0,,3.0,1.0,4.0,,3.0,5.0,0.0,,3.0,4.0,1.0,133,0.04
4.0,2.0,4,3.0,2.0,2.0,5.0,3.0,2.0,4.0,3.0,3.0,0.0,,,3.0,,4.0,5.0,3,0.0,1.0,4.0,5.0,,3.0,2.0,4.0,2.0,,0.0,2.0,5.0,2.0,1.0,3.0,2.0,0.0,5.0,0.0,1.0,4.0,3.0,4.0,2.0,1.0,3.0,2.0,2.0,4,5.0,5.0,1.0,0.0,3.0,4.0,3.0,5.0,0.0,2.0,3.0,0.0,2.0,4.0,3.0,1.0,,3.0,5.0,5.0,,0.0,3.0,0.0,4.0,134,0.04
3.0,3.0,1,4.0,0.0,3.0,,3.0,1.0,4.0,2.0,3.0,2.0,0.0,3.0,2.0,,0.0,4.0,2,3.0,2.0,4.0,5.0,0.0,1.0,2.0,4.0,,4.0,3.0,2.0,3.0,2.0,3.0,3.0,1.0,2.0,0.0,0.0,4.0,2.0,1.0,,2.0,3.0,3.0,1.0,0.0,2,0.0,3.0,3.0,2.0,,,1.0,1.0,,4.0,2.0,5.0,5.0,0.0,0.0,3.0,1.0,4.0,4.0,4.0,3.0,,5.0,2.0,5.0,135,0.04
2.0,0.0,2,3.0,2.0,2.0,,1.0,4.0,2.0,4.0,,3.0,,3.0,,,3.0,1.0,0,,3.0,1.0,1.0,0.0,3.0,1.0,,0.0,4.0,2.0,2.0,1.0,1.0,3.0,1.0,3.0,2.0,4.0,3.0,2.0,0.0,2.0,0.0,4.0,2.0,1.0,2.0,4.0,4,1.0,2.0,,0.0,1.0,0.0,2.0,0.0,3.0,1.0,4.0,2.0,4.0,4.0,4.0,3.0,3.0,0.0,2.0,4.0,3.0,2.0,3.0,4.0,4.0,136,0.04
0.0,2.0,4,2.0,2.0,0.0,,3.0,3.0,2.0,0.0,3.0,3.0,4.0,,,2.0,3.0,,1,,0.0,1.0,4.0,,2.0,2.0,3.0,2.0,3.0,3.0,2.0,3.0,2.0,0.0,2.0,3.0,4.0,2.0,3.0,,2.0,1.0,4.0,0.0,0.0,4.0,0.0,2.0,2,0.0,2.0,4.0,,1.0,4.0,2.0,4.0,4.0,3.0,,0.0,1.0,3.0,3.0,1.0,,3.0,3.0,,3.0,4.0,4.0,2.0,2.0,137,0.04
3.0,2.0,3,0.0,1.0,3.0,3.0,4.0,1.0,3.0,3.0,0.0,0.0,3.0,,2.0,2.0,3.0,3.0,0,1.0,0.0,4.0,2.0,0.0,1.0,3.0,2.0,2.0,4.0,1.0,0.0,1.0,3.0,4.0,2.0,3.0,2.0,4.0,2.0,1.0,2.0,3.0,0.0,4.0,2.0,0.0,3.0,2.0,1,3.0,1.0,2.0,1.0,1.0,4.0,3.0,,,4.0,4.0,3.0,3.0,1.0,4.0,2.0,3.0,1.0,,,4.0,,0.0,,2.0,138,0.04
2.0,2.0,3,2.0,2.0,0.0,,0.0,0.0,1.0,2.0,3.0,1.0,,3.0,3.0,,2.0,2.0,1,2.0,3.0,,1.0,1.0,3.0,1.0,1.0,0.0,2.0,1.0,0.0,0.0,4.0,2.0,4.0,2.0,3.0,4.0,3.0,0.0,3.0,2.0,,2.0,4.0,4.0,1.0,2.0,1,0.0,3.0,,1.0,1.0,3.0,1.0,0.0,2.0,3.0,2.0,3.0,2.0,1.0,4.0,3.0,2.0,0.0,2.0,3.0,3.0,,2.0,4.0,2.0,139,0.04
4.0,0.0,3,2.0,3.0,3.0,4.0,0.0,3.0,0.0,1.0,,2.0,,0.0,2.0,,4.0,1.0,3,2.0,2.0,3.0,1.0,0.0,2.0,0.0,1.0,3.0,3.0,1.0,2.0,1.0,1.0,1.0,3.0,3.0,1.0,4.0,1.0,4.0,0.0,1.0,1.0,1.0,2.0,0.0,2.0,2.0,2,0.0,0.0,4.0,1.0,1.0,4.0,2.0,1.0,4.0,1.0,3.0,4.0,2.0,3.0,3.0,2.0,3.0,3.0,3.0,2.0,3.0,,2.0,3.0,3.0,140,0.04
2.0,0.0,1,3.0,4.0,0.0,3.0,3.0,3.0,4.0,1.0,1.0,3.0,5.0,2.0,0.0,4.0,4.0,5.0,2,0.0,1.0,,5.0,,4.0,3.0,,,,0.0,2.0,3.0,4.0,5.0,5.0,0.0,2.0,,2.0,2.0,0.0,3.0,2.0,2.0,4.0,3.0,0.0,2.0,3,1.0,3.0,4.0,4.0,4.0,4.0,4.0,2.0,0.0,4.0,5.0,3.0,3.0,2.0,2.0,1.0,3.0,,4.0,4.0,0.0,5.0,,,2.0,141,0.04
0.0,1.0,2,0.0,3.0,0.0,4.0,1.0,1.0,3.0,3.0,2.0,1.0,4.0,1.0,5.0,0.0,5.0,3.0,1,2.0,2.0,3.0,4.0,5.0,4.0,3.0,5.0,5.0,,3.0,3.0,4.0,3.0,3.0,2.0,3.0,0.0,4.0,1.0,4.0,0.0,3.0,1.0,3.0,4.0,1.0,0.0,2.0,1,4.0,3.0,2.0,2.0,2.0,3.0,0.0,5.0,0.0,5.0,5.0,,2.0,0.0,3.0,2.0,4.0,,4.0,,5.0,,2.0,3.0,2.0,142,0.04
0.0,4.0,1,3.0,3.0,0.0,1.0,2.0,2.0,2.0,2.0,2.0,4.0,4.0,3.0,3.0,4.0,1.0,5.0,3,3.0,1.0,3.0,3.0,5.0,,2.0,4.0,,1.0,1.0,0.0,4.0,4.0,3.0,5.0,,0.0,,4.0,3.0,3.0,0.0,,0.0,5.0,3.0,3.0,0.0,4,2.0,5.0,4.0,5.0,0.0,3.0,3.0,0.0,4.0,2.0,,4.0,4.0,5.0,2.0,,1.0,4.0,1.0,0.0,,,,4.0,,143,0.04
3.0,3.0,2,2.0,3.0,0.0,,3.0,3.0,2.0,3.0,3.0,2.0,,2.0,2.0,,2.0,3.0,0,,4.0,,2.0,0.0,1.0,4.0,2.0,3.0,1.0,2.0,1.0,1.0,4.0,2.0,2.0,2.0,1.0,,0.0,0.0,2.0,4.0,0.0,0.0,2.0,1.0,0.0,4.0,1,3.0,3.0,3.0,3.0,1.0,0.0,3.0,,2.0,,,4.0,3.0,3.0,,3.0,1.0,1.0,3.0,,0.0,,3.0,1.0,4.0,144,0.04
4.0,4.0,3,4.0,0.0,6.0,,0.0,4.0,2.0,1.0,0.0,5.0,,3.0,,2.0,4.0,5.0,4,3.0,2.0,5.0,2.0,5.0,3.0,2.0,2.0,0.0,4.0,3.0,2.0,3.0,6.0,6.0,1.0,1.0,4.0,,0.0,6.0,2.0,0.0,6.0,0.0,3.0,2.0,4.0,5.0,3,1.0,4.0,4.0,5.0,5.0,6.0,0.0,4.0,,2.0,3.0,5.0,2.0,5.0,2.0,3.0,0.0,,5.0,,0.0,6.0,,,4.0,145,0.04
5.0,4.0,1,2.0,4.0,,,1.0,3.0,4.0,3.0,2.0,1.0,,2.0,3.0,5.0,3.0,2.0,1,3.0,2.0,3.0,0.0,4.0,3.0,1.0,,1.0,4.0,4.0,3.0,2.0,1.0,3.0,3.0,1.0,3.0,,1.0,4.0,5.0,0.0,3.0,,0.0,3.0,3.0,3.0,2,4.0,0.0,2.0,2.0,2.0,,2.0,0.0,2.0,2.0,0.0,0.0,0.0,0.0,1.0,3.0,3.0,3.0,3.0,,4.0,,,0.0,3.0,146,0.04
3.0,1.0,2,2.0,3.0,2.0,,2.0,3.0,0.0,3.0,4.0,2.0,4.0,2.0,3.0,,2.0,2.0,1,2.0,3.0,3.0,2.0,4.0,3.0,0.0,2.0,0.0,4.0,2.0,4.0,0.0,,2.0,3.0,3.0,4.0,2.0,0.0,3.0,1.0,2.0,4.0,3.0,4.0,4.0,1.0,0.0,1,2.0,0.0,0.0,2.0,0.0,0.0,1.0,3.0,,4.0,,,,4.0,4.0,3.0,2.0,,4.0,1.0,,,,3.0,4.0,147,0.04
0.0,1.0,1,1.0,3.0,0.0,2.0,3.0,0.0,1.0,2.0,3.0,2.0,3.0,3.0,,,4.0,2.0,2,4.0,3.0,2.0,0.0,2.0,1.0,2.0,1.0,1.0,4.0,2.0,1.0,1.0,2.0,3.0,4.0,2.0,0.0,,1.0,1.0,3.0,0.0,4.0,3.0,0.0,2.0,3.0,3.0,3,3.0,3.0,,1.0,0.0,2.0,4.0,2.0,4.0,3.0,4.0,3.0,0.0,1.0,3.0,1.0,4.0,,3.0,4.0,3.0,0.0,3.0,2.0,4.0,148,0.04
2.0,,2,5.0,4.0,0.0,,2.0,3.0,3.0,3.0,,2.0,1.0,4.0,5.0,,2.0,1.0,3,0.0,0.0,3.0,2.0,,0.0,4.0,3.0,4.0,5.0,1.0,1.0,4.0,4.0,4.0,3.0,4.0,2.0,5.0,1.0,2.0,3.0,3.0,,0.0,4.0,0.0,1.0,3.0,3,3.0,3.0,2.0,0.0,1.0,2.0,1.0,5.0,5.0,2.0,0.0,2.0,3.0,3.0,1.0,1.0,3.0,3.0,2.0,3.0,2.0,,0.0,,0.0,149,0.04
5.0,4.0,3,2.0,3.0,4.0,,4.0,3.0,1.0,3.0,2.0,2.0,4.0,4.0,4.0,4.0,5.0,2.0,3,0.0,3.0,0.0,4.0,5.0,4.0,2.0,4.0,4.0,3.0,0.0,2.0,2.0,3.0,3.0,0.0,,2.0,5.0,3.0,3.0,0.0,1.0,5.0,2.0,2.0,1.0,3.0,3.0,1,5.0,4.0,4.0,3.0,5.0,4.0,4.0,5.0,3.0,3.0,1.0,0.0,5.0,5.0,0.0,1.0,0.0,0.0,,0.0,3.0,,4.0,4.0,2.0,150,0.04
4.0,0.0,3,2.0,3.0,2.0,4.0,0.0,4.0,,1.0,3.0,4.0,,3.0,0.0,4.0,3.0,0.0,2,4.0,3.0,0.0,2.0,,2.0,3.0,4.0,0.0,,4.0,3.0,3.0,1.0,4.0,,4.0,2.0,,1.0,4.0,1.0,2.0,2.0,3.0,1.0,2.0,1.0,,3,3.0,3.0,0.0,3.0,2.0,,3.0,3.0,4.0,,0.0,4.0,3.0,4.0,3.0,2.0,0.0,,1.0,2.0,3.0,3.0,,0.0,1.0,151,0.04
3.0,1.0,1,1.0,0.0,2.0,1.0,2.0,0.0,3.0,3.0,4.0,0.0,,0.0,2.0,2.0,4.0,3.0,3,2.0,0.0,,1.0,2.0,4.0,3.0,,,,2.0,2.0,2.0,0.0,0.0,3.0,,2.0,4.0,2.0,2.0,2.0,2.0,0.0,2.0,1.0,1.0,1.0,4.0,2,4.0,,3.0,3.0,1.0,3.0,4.0,4.0,1.0,2.0,2.0,3.0,1.0,1.0,,2.0,2.0,0.0,4.0,0.0,,,,4.0,4.0,152,0.04
1.0,4.0,2,2.0,0.0,2.0,3.0,5.0,5.0,2.0,2.0,1.0,4.0,0.0,1.0,5.0,4.0,4.0,0.0,0,1.0,4.0,,1.0,,2.0,1.0,,3.0,3.0,3.0,4.0,1.0,2.0,1.0,4.0,5.0,3.0,4.0,2.0,3.0,2.0,1.0,4.0,0.0,1.0,3.0,2.0,0.0,0,1.0,1.0,1.0,4.0,5.0,3.0,2.0,5.0,5.0,0.0,5.0,1.0,2.0,,0.0,3.0,3.0,2.0,,3.0,2.0,2.0,1.0,5.0,0.0,153,0.04
4.0,4.0,0,0.0,4.0,0.0,0.0,1.0,3.0,2.0,1.0,5.0,3.0,0.0,3.0,5.0,0.0,5.0,4.0,4,2.0,4.0,4.0,3.0,5.0,3.0,4.0,3.0,5.0,0.0,2.0,2.0,4.0,,2.0,1.0,3.0,3.0,5.0,2.0,0.0,2.0,2.0,3.0,4.0,4.0,2.0,4.0,2.0,4,2.0,3.0,1.0,1.0,,2.0,0.0,,4.0,4.0,4.0,5.0,4.0,4.0,,4.0,3.0,,,5.0,4.0,4.0,,,0.0,154,0.04
2.0,1.0,0,2.0,0.0,1.0,1.0,0.0,1.0,2.0,1.0,3.0,0.0,4.0,4.0,3.0,,3.0,3.0,2,3.0,3.0,3.0,2.0,3.0,4.0,3.0,1.0,4.0,4.0,3.0,,3.0,0.0,3.0,3.0,3.0,3.0,,1.0,3.0,4.0,1.0,,,0.0,2.0,3.0,2.0,1,2.0,0.0,1.0,0.0,3.0,2.0,1.0,,2.0,2.0,,,,3.0,0.0,1.0,2.0,4.0,0.0,2.0,1.0,,4.0,3.0,,155,0.04
3.0,1.0,2,2.0,3.0,3.0,0.0,0.0,1.0,0.0,4.0,3.0,2.0,4.0,2.0,4.0,3.0,2.0,0.0,2,,2.0,4.0,4.0,2.0,1.0,1.0,1.0,1.0,2.0,0.0,4.0,3.0,,2.0,0.0,3.0,3.0,3.0,2.0,3.0,2.0,2.0,,,1.0,1.0,3.0,3.0,3,3.0,,3.0,0.0,1.0,,4.0,,3.0,4.0,,2.0,2.0,,4.0,2.0,0.0,4.0,,0.0,2.0,,3.0,0.0,1.0,156,0.04
4.0,1.0,1,2.0,0.0,3.0,4.0,2.0,2.0,3.0,2.0,,1.0,0.0,4.0,2.0,,0.0,1.0,3,4.0,2.0,3.0,2.0,1.0,3.0,0.0,4.0,2.0,,1.0,2.0,2.0,,0.0,,4.0,1.0,1.0,0.0,2.0,3.0,2.0,2.0,0.0,1.0,1.0,3.0,3.0,2,3.0,3.0,,2.0,2.0,2.0,3.0,4.0,0.0,,,2.0,3.0,0.0,4.0,4.0,,,0.0,2.0,4.0,,,4.0,3.0,157,0.04
2.0,1.0,2,0.0,3.0,1.0,3.0,2.0,2.0,2.0,3.0,1.0,1.0,0.0,1.0,3.0,,4.0,3.0,2,4.0,2.0,3.0,3.0,3.0,1.0,2.0,0.0,2.0,,2.0,1.0,0.0,3.0,0.0,2.0,4.0,1.0,,1.0,2.0,3.0,4.0,,0.0,3.0,1.0,1.0,2.0,2,1.0,,2.0,0.0,4.0,3.0,2.0,2.0,3.0,4.0,1.0,,2.0,3.0,0.0,4.0,2.0,,4.0,0.0,,0.0,,,1.0,158,0.04
5.0,0.0,2,5.0,4.0,5.0,,3.0,1.0,3.0,2.0,4.0,4.0,4.0,3.0,,0.0,0.0,2.0,0,3.0,4.0,0.0,3.0,4.0,4.0,1.0,2.0,5.0,3.0,3.0,1.0,3.0,5.0,1.0,5.0,0.0,1.0,3.0,2.0,3.0,3.0,0.0,,3.0,3.0,1.0,2.0,4.0,2,1.0,1.0,5.0,2.0,2.0,4.0,3.0,0.0,3.0,2.0,2.0,0.0,2.0,4.0,3.0,2.0,0.0,4.0,2.0,3.0,5.0,,,5.0,4.0,159,0.04
,1.0,1,4.0,2.0,0.0,3.0,2.0,2.0,0.0,3.0,3.0,5.0,,3.0,4.0,4.0,4.0,2.0,1,3.0,1.0,5.0,2.0,3.0,5.0,1.0,4.0,5.0,0.0,3.0,5.0,2.0,0.0,4.0,,3.0,0.0,4.0,2.0,1.0,3.0,5.0,,4.0,0.0,3.0,2.0,3.0,0,2.0,3.0,3.0,3.0,3.0,3.0,0.0,0.0,2.0,4.0,3.0,,3.0,3.0,4.0,,3.0,,4.0,0.0,,,,,4.0,160,0.04
,1.0,2,1.0,3.0,3.0,,0.0,2.0,0.0,1.0,3.0,3.0,3.0,2.0,3.0,4.0,,3.0,1,,0.0,2.0,3.0,,2.0,2.0,1.0,,2.0,0.0,2.0,1.0,3.0,2.0,1.0,2.0,3.0,3.0,4.0,1.0,1.0,3.0,2.0,1.0,1.0,0.0,2.0,,0,3.0,3.0,2.0,1.0,1.0,1.0,0.0,,1.0,0.0,1.0,2.0,2.0,3.0,3.0,2.0,,3.0,2.0,0.0,2.0,,0.0,,2.0,161,0.04
1.0,2.0,1,3.0,2.0,0.0,4.0,3.0,3.0,1.0,1.0,2.0,1.0,,0.0,2.0,,3.0,3.0,1,0.0,0.0,2.0,2.0,,0.0,3.0,,4.0,0.0,3.0,4.0,0.0,4.0,0.0,4.0,3.0,4.0,2.0,3.0,1.0,2.0,2.0,3.0,1.0,1.0,3.0,2.0,2.0,3,1.0,2.0,4.0,4.0,1.0,,3.0,3.0,4.0,,4.0,1.0,2.0,,0.0,,4.0,4.0,4.0,,,1.0,0.0,2.0,,162,0.04
4.0,3.0,5,2.0,4.0,3.0,4.0,2.0,3.0,2.0,4.0,,3.0,5.0,1.0,1.0,,3.0,2.0,2,5.0,5.0,0.0,1.0,2.0,2.0,2.0,3.0,3.0,0.0,3.0,2.0,4.0,1.0,0.0,4.0,3.0,5.0,0.0,2.0,0.0,,3.0,,2.0,3.0,0.0,4.0,5.0,0,2.0,4.0,3.0,0.0,1.0,2.0,3.0,,,0.0,2.0,2.0,4.0,3.0,4.0,3.0,0.0,,5.0,2.0,2.0,,,3.0,3.0,163,0.04
4.0,2.0,1,2.0,3.0,2.0,4.0,3.0,2.0,1.0,0.0,,2.0,3.0,0.0,,,4.0,1.0,0,3.0,1.0,2.0,2.0,3.0,4.0,0.0,4.0,4.0,,3.0,2.0,4.0,3.0,0.0,3.0,2.0,3.0,,0.0,1.0,3.0,3.0,4.0,,0.0,0.0,3.0,0.0,1,1.0,3.0,3.0,2.0,1.0,4.0,2.0,2.0,,3.0,4.0,3.0,0.0,1.0,,3.0,2.0,,3.0,,4.0,,3.0,,3.0,164,0.04
4.0,4.0,4,1.0,0.0,3.0,2.0,1.0,0.0,1.0,3.0,4.0,2.0,3.0,3.0,,,,,2,0.0,1.0,,2.0,0.0,3.0,2.0,4.0,2.0,4.0,0.0,0.0,2.0,3.0,3.0,,1.0,0.0,2.0,4.0,0.0,2.0,1.0,,2.0,3.0,1.0,3.0,4.0,4,2.0,3.0,4.0,3.0,2.0,2.0,1.0,4.0,4.0,3.0,3.0,2.0,2.0,,,0.0,3.0,4.0,3.0,4.0,0.0,,4.0,,1.0,165,0.04
,1.0,2,2.0,4.0,4.0,4.0,2.0,0.0,1.0,3.0,2.0,1.0,0.0,2.0,5.0,,5.0,1.0,1,3.0,1.0,3.0,3.0,,1.0,3.0,2.0,4.0,0.0,5.0,3.0,1.0,3.0,2.0,4.0,,2.0,4.0,0.0,0.0,5.0,2.0,,5.0,1.0,2.0,0.0,1.0,2,4.0,,2.0,4.0,1.0,2.0,2.0,,1.0,3.0,1.0,0.0,1.0,3.0,0.0,2.0,2.0,2.0,5.0,0.0,5.0,,4.0,0.0,4.0,166,0.04
4.0,1.0,0,2.0,2.0,3.0,2.0,4.0,0.0,1.0,2.0,3.0,3.0,0.0,4.0,4.0,,3.0,1.0,3,1.0,1.0,2.0,2.0,4.0,2.0,2.0,4.0,0.0,0.0,3.0,0.0,0.0,4.0,4.0,4.0,1.0,2.0,,1.0,2.0,0.0,2.0,3.0,3.0,2.0,1.0,2.0,4.0,2,2.0,3.0,4.0,2.0,3.0,3.0,3.0,3.0,3.0,2.0,,,1.0,3.0,1.0,2.0,4.0,4.0,4.0,0.0,,,3.0,,0.0,167,0.04
2.0,4.0,1,2.0,1.0,4.0,3.0,2.0,3.0,3.0,4.0,3.0,1.0,4.0,0.0,2.0,3.0,3.0,0.0,0,2.0,3.0,,2.0,,3.0,2.0,4.0,4.0,,3.0,2.0,3.0,4.0,3.0,3.0,,2.0,4.0,4.0,4.0,4.0,2.0,2.0,3.0,2.0,3.0,3.0,4.0,4,1.0,2.0,0.0,1.0,2.0,3.0,0.0,3.0,0.0,3.0,1.0,2.0,4.0,0.0,0.0,,,,0.0,,3.0,,4.0,0.0,3.0,168,0.04
2.0,2.0,0,3.0,4.0,,3.0,3.0,1.0,3.0,1.0,1.0,4.0,,1.0,3.0,5.0,0.0,3.0,3,3.0,,,2.0,1.0,4.0,4.0,3.0,1.0,0.0,3.0,0.0,3.0,4.0,2.0,4.0,0.0,2.0,5.0,2.0,,4.0,3.0,4.0,4.0,5.0,,3.0,4.0,4,3.0,0.0,1.0,,0.0,5.0,3.0,,3.0,5.0,0.0,2.0,0.0,3.0,,3.0,5.0,1.0,2.0,,,0.0,5.0,,2.0,169,0.04
1.0,3.0,0,2.0,2.0,4.0,,3.0,2.0,3.0,3.0,3.0,1.0,4.0,3.0,,3.0,2.0,4.0,2,2.0,0.0,3.0,3.0,,3.0,1.0,0.0,,0.0,1.0,3.0,1.0,3.0,3.0,2.0,3.0,3.0,,2.0,2.0,1.0,0.0,,4.0,2.0,3.0,0.0,2.0,4,0.0,2.0,4.0,4.0,3.0,3.0,1.0,2.0,1.0,0.0,3.0,3.0,4.0,,0.0,2.0,0.0,4.0,2.0,,4.0,3.0,1.0,2.0,3.0,170,0.04
,0.0,3,1.0,2.0,3.0,4.0,2.0,3.0,1.0,2.0,0.0,1.0,4.0,3.0,0.0,,4.0,,1,3.0,1.0,3.0,,,2.0,1.0,,0.0,3.0,2.0,4.0,3.0,0.0,2.0,,4.0,2.0,4.0,4.0,2.0,2.0,1.0,,2.0,2.0,1.0,0.0,3.0,2,1.0,3.0,4.0,2.0,0.0,,2.0,2.0,1.0,0.0,1.0,3.0,3.0,1.0,2.0,1.0,0.0,,3.0,2.0,0.0,3.0,,3.0,1.0,171,0.04
0.0,4.0,4,1.0,5.0,3.0,3.0,4.0,2.0,1.0,0.0,5.0,5.0,,2.0,3.0,,0.0,0.0,3,5.0,4.0,5.0,4.0,5.0,3.0,4.0,,3.0,0.0,3.0,2.0,5.0,4.0,1.0,4.0,4.0,0.0,,4.0,5.0,3.0,3.0,1.0,4.0,1.0,3.0,3.0,3.0,2,3.0,0.0,2.0,4.0,1.0,5.0,0.0,,5.0,,3.0,5.0,2.0,0.0,5.0,2.0,3.0,5.0,3.0,,,4.0,,5.0,0.0,172,0.04
4.0,0.0,4,3.0,3.0,2.0,3.0,4.0,0.0,1.0,4.0,4.0,2.0,2.0,2.0,4.0,1.0,,2.0,3,0.0,2.0,,2.0,,3.0,1.0,0.0,4.0,,3.0,2.0,4.0,,4.0,0.0,1.0,1.0,,0.0,3.0,0.0,3.0,0.0,,3.0,3.0,3.0,3.0,2,2.0,4.0,4.0,1.0,1.0,0.0,3.0,2.0,,3.0,3.0,3.0,1.0,3.0,2.0,3.0,4.0,,4.0,,4.0,0.0,3.0,3.0,3.0,173,0.04
5.0,3.0,0,4.0,1.0,4.0,,1.0,2.0,3.0,3.0,2.0,3.0,,0.0,4.0,,2.0,,3,4.0,0.0,0.0,3.0,2.0,2.0,0.0,,5.0,3.0,4.0,4.0,4.0,3.0,0.0,1.0,4.0,1.0,5.0,1.0,1.0,3.0,3.0,4.0,1.0,2.0,2.0,2.0,3.0,3,0.0,1.0,5.0,0.0,0.0,3.0,,3.0,2.0,1.0,,3.0,3.0,3.0,3.0,1.0,3.0,4.0,3.0,4.0,3.0,,,0.0,4.0,174,0.04
3.0,2.0,0,1.0,2.0,1.0,,2.0,2.0,2.0,3.0,2.0,1.0,0.0,3.0,2.0,0.0,3.0,2.0,1,3.0,3.0,3.0,3.0,4.0,0.0,1.0,3.0,2.0,,0.0,0.0,1.0,,4.0,4.0,0.0,1.0,2.0,1.0,2.0,1.0,3.0,,2.0,1.0,2.0,3.0,4.0,2,2.0,3.0,0.0,2.0,2.0,4.0,0.0,3.0,,2.0,1.0,,2.0,3.0,3.0,2.0,4.0,,2.0,4.0,0.0,,,3.0,3.0,175,0.04
3.0,1.0,0,1.0,2.0,,4.0,0.0,1.0,3.0,2.0,2.0,2.0,4.0,2.0,3.0,,1.0,3.0,4,2.0,4.0,,0.0,,2.0,1.0,3.0,4.0,2.0,1.0,4.0,0.0,0.0,1.0,,2.0,1.0,,0.0,2.0,1.0,,2.0,3.0,1.0,2.0,3.0,0.0,4,1.0,3.0,3.0,3.0,2.0,0.0,3.0,2.0,1.0,4.0,0.0,1.0,2.0,2.0,2.0,2.0,0.0,4.0,4.0,2.0,2.0,,,,3.0,176,0.04
,2.0,3,2.0,1.0,4.0,,2.0,2.0,2.0,,0.0,2.0,4.0,1.0,,4.0,3.0,,1,3.0,1.0,1.0,2.0,,3.0,4.0,3.0,3.0,,0.0,1.0,4.0,4.0,0.0,4.0,2.0,2.0,,4.0,4.0,3.0,3.0,0.0,,3.0,0.0,3.0,4.0,3,2.0,0.0,1.0,4.0,2.0,4.0,3.0,4.0,1.0,3.0,1.0,4.0,1.0,4.0,4.0,0.0,4.0,0.0,4.0,0.0,3.0,,,0.0,,177,0.04
3.0,4.0,2,3.0,2.0,0.0,,3.0,1.0,4.0,4.0,,3.0,0.0,3.0,2.0,4.0,3.0,0.0,1,3.0,3.0,3.0,4.0,2.0,2.0,1.0,,2.0,0.0,4.0,3.0,2.0,0.0,3.0,4.0,4.0,3.0,0.0,3.0,2.0,0.0,2.0,,1.0,1.0,2.0,3.0,4.0,3,0.0,3.0,2.0,0.0,2.0,3.0,0.0,3.0,3.0,2.0,4.0,4.0,3.0,3.0,3.0,3.0,1.0,,4.0,3.0,,3.0,,4.0,1.0,178,0.04
4.0,1.0,0,3.0,3.0,5.0,2.0,4.0,3.0,3.0,5.0,2.0,3.0,3.0,2.0,1.0,,0.0,3.0,4,3.0,0.0,4.0,3.0,2.0,3.0,1.0,5.0,,5.0,3.0,1.0,5.0,0.0,3.0,0.0,5.0,1.0,3.0,2.0,3.0,4.0,2.0,,3.0,3.0,2.0,3.0,5.0,2,0.0,0.0,1.0,1.0,2.0,0.0,1.0,3.0,0.0,2.0,2.0,5.0,2.0,4.0,3.0,2.0,2.0,5.0,0.0,4.0,3.0,3.0,3.0,,4.0,179,0.04
3.0,2.0,4,4.0,0.0,3.0,4.0,1.0,0.0,2.0,1.0,3.0,1.0,,3.0,0.0,,3.0,1.0,3,2.0,1.0,3.0,1.0,,2.0,1.0,2.0,3.0,2.0,3.0,3.0,0.0,3.0,1.0,2.0,2.0,1.0,,0.0,3.0,2.0,0.0,0.0,4.0,0.0,2.0,2.0,1.0,2,2.0,3.0,4.0,3.0,1.0,1.0,3.0,,2.0,0.0,3.0,0.0,2.0,3.0,1.0,1.0,,3.0,,1.0,,2.0,3.0,,4.0,180,0.04
3.0,2.0,2,3.0,2.0,2.0,0.0,4.0,3.0,1.0,2.0,4.0,3.0,0.0,0.0,3.0,0.0,1.0,3.0,1,4.0,1.0,0.0,2.0,3.0,1.0,2.0,1.0,3.0,4.0,1.0,3.0,2.0,1.0,4.0,4.0,4.0,3.0,,0.0,3.0,2.0,2.0,,2.0,2.0,0.0,2.0,2.0,2,4.0,,,3.0,0.0,,1.0,4.0,3.0,3.0,3.0,,3.0,3.0,,2.0,1.0,,4.0,0.0,,,3.0,0.0,2.0,181,0.04
,1.0,2,2.0,3.0,4.0,3.0,2.0,2.0,2.0,2.0,0.0,1.0,0.0,4.0,,4.0,,1.0,1,3.0,4.0,1.0,3.0,,1.0,0.0,4.0,4.0,,1.0,2.0,,3.0,1.0,3.0,4.0,0.0,3.0,0.0,3.0,3.0,2.0,,2.0,0.0,2.0,0.0,3.0,2,3.0,3.0,0.0,0.0,3.0,4.0,4.0,3.0,3.0,1.0,0.0,3.0,1.0,4.0,3.0,3.0,2.0,,1.0,3.0,3.0,,3.0,,2.0,182,0.04
3.0,2.0,4,1.0,2.0,2.0,4.0,3.0,3.0,,0.0,0.0,1.0,3.0,,3.0,,2.0,2.0,3,1.0,,2.0,1.0,3.0,2.0,0.0,,4.0,0.0,3.0,2.0,4.0,1.0,2.0,4.0,1.0,1.0,2.0,1.0,0.0,4.0,1.0,,,3.0,0.0,2.0,1.0,1,1.0,2.0,2.0,4.0,2.0,,1.0,2.0,,3.0,3.0,0.0,1.0,2.0,4.0,1.0,3.0,4.0,2.0,0.0,,0.0,2.0,2.0,0.0,183,0.04
,3.0,4,3.0,3.0,3.0,2.0,0.0,1.0,3.0,1.0,4.0,2.0,,2.0,0.0,,1.0,0.0,2,,4.0,3.0,,4.0,2.0,3.0,1.0,,2.0,4.0,0.0,0.0,2.0,4.0,3.0,2.0,2.0,,4.0,2.0,3.0,1.0,0.0,4.0,0.0,3.0,3.0,3.0,2,3.0,3.0,,0.0,2.0,1.0,4.0,0.0,2.0,3.0,4.0,,3.0,3.0,3.0,3.0,4.0,,2.0,,,4.0,0.0,3.0,2.0,184,0.04
,3.0,1,1.0,3.0,2.0,1.0,2.0,1.0,4.0,2.0,1.0,0.0,,1.0,0.0,,,4.0,1,4.0,3.0,4.0,3.0,3.0,1.0,0.0,3.0,2.0,0.0,2.0,4.0,3.0,3.0,2.0,0.0,2.0,2.0,4.0,4.0,3.0,0.0,1.0,3.0,2.0,,1.0,0.0,1.0,0,4.0,2.0,,2.0,2.0,1.0,2.0,4.0,3.0,2.0,,,4.0,3.0,1.0,2.0,3.0,3.0,4.0,2.0,0.0,,0.0,2.0,2.0,185,0.04
,1.0,2,3.0,1.0,4.0,,3.0,1.0,1.0,2.0,4.0,2.0,,1.0,2.0,0.0,3.0,3.0,3,4.0,2.0,2.0,0.0,4.0,3.0,1.0,2.0,0.0,0.0,4.0,2.0,0.0,2.0,2.0,2.0,3.0,3.0,,2.0,4.0,1.0,4.0,0.0,4.0,1.0,2.0,3.0,3.0,2,1.0,3.0,0.0,1.0,,2.0,3.0,2.0,2.0,0.0,1.0,,4.0,2.0,,2.0,0.0,3.0,,0.0,,,,4.0,1.0,186,0.04
4.0,3.0,3,2.0,0.0,2.0,0.0,2.0,3.0,3.0,4.0,3.0,1.0,0.0,2.0,1.0,,2.0,3.0,2,4.0,0.0,3.0,,,1.0,3.0,0.0,3.0,0.0,2.0,2.0,4.0,2.0,1.0,3.0,0.0,2.0,,3.0,1.0,2.0,1.0,,,3.0,3.0,2.0,4.0,1,4.0,1.0,2.0,4.0,0.0,0.0,4.0,3.0,2.0,2.0,3.0,3.0,2.0,,1.0,0.0,,,4.0,3.0,,4.0,,4.0,4.0,187,0.04
1.0,1.0,3,3.0,0.0,3.0,4.0,2.0,1.0,1.0,1.0,3.0,2.0,,0.0,3.0,,3.0,2.0,0,1.0,0.0,,3.0,4.0,3.0,3.0,4.0,3.0,4.0,2.0,,3.0,1.0,0.0,2.0,2.0,0.0,,2.0,,3.0,0.0,4.0,,2.0,0.0,3.0,0.0,3,2.0,4.0,4.0,1.0,4.0,3.0,2.0,1.0,2.0,3.0,0.0,4.0,,4.0,3.0,1.0,3.0,4.0,2.0,3.0,2.0,,4.0,,1.0,188,0.04
4.0,,3,2.0,2.0,1.0,1.0,2.0,2.0,0.0,0.0,,1.0,,0.0,1.0,,1.0,2.0,2,0.0,3.0,0.0,3.0,,2.0,2.0,,3.0,2.0,1.0,3.0,4.0,1.0,2.0,3.0,1.0,3.0,3.0,2.0,1.0,2.0,1.0,0.0,,1.0,2.0,3.0,0.0,1,0.0,2.0,,1.0,1.0,3.0,1.0,1.0,2.0,3.0,2.0,0.0,2.0,3.0,3.0,2.0,4.0,1.0,1.0,,0.0,3.0,4.0,3.0,4.0,189,0.04
4.0,1.0,1,3.0,2.0,2.0,,2.0,2.0,2.0,3.0,2.0,2.0,,0.0,0.0,1.0,0.0,3.0,3,4.0,3.0,4.0,0.0,,0.0,2.0,5.0,0.0,4.0,2.0,4.0,3.0,0.0,3.0,4.0,1.0,1.0,1.0,1.0,1.0,3.0,1.0,3.0,4.0,3.0,4.0,3.0,1.0,2,2.0,2.0,1.0,4.0,5.0,,0.0,4.0,4.0,,,,3.0,2.0,2.0,0.0,2.0,,0.0,,3.0,,,4.0,3.0,190,0.04
,1.0,3,1.0,0.0,3.0,5.0,0.0,2.0,3.0,3.0,0.0,2.0,,1.0,2.0,,2.0,3.0,2,5.0,2.0,,5.0,,3.0,2.0,3.0,4.0,5.0,2.0,4.0,4.0,4.0,1.0,3.0,3.0,0.0,3.0,3.0,0.0,0.0,2.0,0.0,1.0,5.0,4.0,0.0,,1,3.0,1.0,1.0,3.0,0.0,,3.0,3.0,0.0,3.0,2.0,4.0,3.0,5.0,2.0,4.0,,1.0,,4.0,4.0,2.0,5.0,2.0,3.0,191,0.04
2.0,3.0,4,3.0,0.0,2.0,3.0,3.0,3.0,0.0,4.0,4.0,2.0,,2.0,3.0,1.0,0.0,3.0,2,2.0,1.0,4.0,,1.0,,4.0,2.0,0.0,4.0,0.0,2.0,,1.0,0.0,,3.0,2.0,,3.0,4.0,2.0,2.0,3.0,2.0,2.0,,2.0,0.0,3,0.0,1.0,0.0,4.0,2.0,4.0,1.0,,2.0,2.0,1.0,4.0,3.0,3.0,,1.0,0.0,,4.0,2.0,,3.0,,1.0,3.0,192,0.04
,2.0,3,1.0,3.0,4.0,0.0,2.0,4.0,5.0,1.0,2.0,3.0,,2.0,3.0,,2.0,2.0,3,5.0,2.0,,2.0,,3.0,1.0,5.0,,4.0,4.0,3.0,0.0,2.0,3.0,2.0,1.0,3.0,2.0,2.0,,3.0,1.0,2.0,4.0,1.0,2.0,0.0,3.0,2,1.0,,0.0,0.0,3.0,4.0,4.0,4.0,0.0,3.0,0.0,0.0,2.0,5.0,5.0,1.0,,2.0,3.0,5.0,0.0,,,3.0,0.0,193,0.04
3.0,3.0,2,3.0,4.0,3.0,4.0,2.0,2.0,2.0,3.0,1.0,0.0,0.0,1.0,3.0,,3.0,,3,0.0,2.0,5.0,2.0,5.0,1.0,4.0,,,5.0,3.0,3.0,0.0,,2.0,0.0,1.0,4.0,,3.0,4.0,0.0,3.0,,4.0,3.0,3.0,0.0,4.0,1,4.0,0.0,3.0,2.0,4.0,2.0,4.0,5.0,4.0,0.0,,2.0,3.0,,5.0,2.0,3.0,5.0,5.0,5.0,4.0,5.0,,0.0,2.0,194,0.04
0.0,1.0,0,2.0,2.0,3.0,3.0,2.0,3.0,2.0,1.0,3.0,2.0,,2.0,3.0,4.0,4.0,2.0,1,4.0,3.0,3.0,2.0,2.0,2.0,4.0,,2.0,2.0,1.0,2.0,0.0,3.0,0.0,4.0,1.0,3.0,,1.0,4.0,0.0,1.0,0.0,3.0,1.0,1.0,0.0,,1,0.0,2.0,0.0,1.0,2.0,3.0,2.0,4.0,2.0,,3.0,4.0,2.0,4.0,3.0,2.0,2.0,3.0,,4.0,,,0.0,2.0,2.0,195,0.04
,1.0,3,4.0,3.0,0.0,,1.0,4.0,2.0,1.0,2.0,3.0,,3.0,3.0,,5.0,5.0,1,2.0,3.0,5.0,0.0,,2.0,2.0,0.0,,5.0,3.0,1.0,3.0,2.0,5.0,3.0,0.0,2.0,2.0,5.0,4.0,4.0,1.0,3.0,3.0,2.0,2.0,4.0,4.0,2,4.0,2.0,,3.0,4.0,5.0,2.0,1.0,3.0,2.0,0.0,0.0,2.0,0.0,0.0,2.0,1.0,3.0,,0.0,0.0,,3.0,3.0,2.0,196,0.04
0.0,2.0,3,1.0,3.0,1.0,3.0,3.0,2.0,1.0,,0.0,,4.0,2.0,3.0,0.0,3.0,4.0,2,4.0,0.0,0.0,3.0,2.0,2.0,4.0,1.0,0.0,2.0,4.0,1.0,3.0,,3.0,1.0,2.0,,,1.0,3.0,3.0,2.0,3.0,0.0,2.0,2.0,2.0,3.0,2,2.0,4.0,3.0,3.0,3.0,1.0,1.0,1.0,4.0,0.0,2.0,0.0,1.0,4.0,4.0,4.0,,3.0,2.0,3.0,3.0,3.0,,2.0,0.0,197,0.04
4.0,2.0,2,2.0,3.0,3.0,,0.0,2.0,1.0,3.0,2.0,1.0,2.0,3.0,4.0,,3.0,3.0,2,3.0,2.0,3.0,1.0,4.0,3.0,2.0,4.0,4.0,,2.0,3.0,3.0,2.0,1.0,3.0,0.0,0.0,0.0,4.0,3.0,2.0,2.0,3.0,2.0,3.0,1.0,1.0,,1,2.0,4.0,4.0,0.0,,3.0,4.0,0.0,,4.0,3.0,3.0,1.0,0.0,3.0,0.0,1.0,0.0,2.0,2.0,0.0,,4.0,3.0,3.0,198,0.04
,3.0,3,3.0,2.0,,,1.0,2.0,3.0,5.0,2.0,4.0,4.0,4.0,0.0,0.0,,4.0,3,2.0,2.0,5.0,1.0,4.0,3.0,2.0,5.0,2.0,1.0,0.0,0.0,4.0,,5.0,3.0,5.0,1.0,5.0,0.0,3.0,4.0,2.0,0.0,3.0,1.0,2.0,3.0,3.0,2,3.0,5.0,5.0,1.0,2.0,5.0,2.0,0.0,5.0,2.0,3.0,3.0,2.0,2.0,0.0,0.0,3.0,2.0,4.0,5.0,0.0,4.0,,4.0,3.0,199,0.04
