0,1,2,3,4,5,6,7,8,9,10,11,12,13,14,15,16,17,18,19,20,21,22,23,24,25,26,27,28,29,30,31,32,33,34,35,36,37,38,39,40,41,42,43,44,45,46,47,48,49,50,51,52,53,54,55,56,57,58,59,60,61,62,63,64,65,66,67,68,69,70,71,72,73,74,seed,simple_param,EPH,corr
,2.0,5.0,2.0,1.0,3.0,3.0,0.0,5.0,5.0,4.0,4.0,3.0,5.0,4.0,1.0,,3.0,,3.0,2.0,6.0,0.0,1.0,,4.0,0.0,2.0,0.0,2.0,1.0,1.0,4.0,4.0,0.0,3.0,2.0,2.0,2.0,2.0,3.0,2.0,2.0,6.0,2.0,2.0,6,4.0,3.0,1.0,1.0,3.0,0.0,3.0,0.0,4.0,3.0,0.0,6.0,3.0,6.0,4.0,,5.0,2.0,3.0,0.0,2.0,4.0,4.0,,,,4.0,0.0,0,0.03,2.5119418483904465,-0.14332483261180404
5.0,4.0,1.0,3.0,4.0,3.0,3.0,4.0,5.0,3.0,0.0,2.0,3.0,5.0,2.0,2.0,4.0,5.0,2.0,0.0,3.0,1.0,4.0,3.0,,2.0,0.0,3.0,2.0,,3.0,1.0,3.0,0.0,0.0,5.0,3.0,2.0,5.0,5.0,0.0,4.0,1.0,1.0,1.0,3.0,1,3.0,4.0,1.0,3.0,3.0,5.0,4.0,0.0,0.0,4.0,4.0,2.0,5.0,0.0,5.0,1.0,3.0,3.0,1.0,5.0,5.0,5.0,4.0,0.0,2.0,,5.0,5.0,1,0.03,2.355460385438972,-0.2457841781243606
5.0,0.0,3.0,4.0,3.0,5.0,,1.0,4.0,4.0,5.0,5.0,4.0,5.0,3.0,3.0,,,0.0,3.0,,4.0,5.0,3.0,,1.0,3.0,0.0,5.0,1.0,0.0,4.0,0.0,4.0,4.0,5.0,0.0,2.0,4.0,2.0,3.0,1.0,,5.0,4.0,2.0,0,3.0,4.0,2.0,2.0,1.0,,0.0,3.0,3.0,5.0,3.0,,3.0,2.0,4.0,,2.0,5.0,3.0,0.0,,,0.0,2.0,,3.0,3.0,5.0,2,0.03,2.4635416666666665,-0.21423685375667526
5.0,2.0,3.0,3.0,3.0,2.0,0.0,2.0,0.0,1.0,3.0,2.0,2.0,,1.0,5.0,0.0,4.0,1.0,2.0,3.0,3.0,4.0,4.0,3.0,0.0,2.0,5.0,2.0,1.0,2.0,0.0,1.0,2.0,1.0,3.0,0.0,5.0,,3.0,2.0,3.0,1.0,5.0,2.0,0.0,5,3.0,0.0,2.0,0.0,2.0,,5.0,3.0,3.0,2.0,5.0,,2.0,3.0,,1.0,4.0,2.0,5.0,1.0,3.0,3.0,0.0,,1.0,4.0,2.0,2.0,3,0.03,2.167202572347267,-0.06704094616538889
5.0,2.0,1.0,4.0,0.0,3.0,1.0,3.0,6.0,4.0,6.0,6.0,1.0,1.0,0.0,,6.0,4.0,5.0,4.0,6.0,2.0,2.0,3.0,,2.0,3.0,,6.0,0.0,1.0,3.0,1.0,1.0,3.0,3.0,5.0,0.0,,0.0,2.0,4.0,2.0,0.0,5.0,4.0,2,0.0,0.0,4.0,2.0,2.0,5.0,3.0,0.0,,1.0,,2.0,5.0,6.0,4.0,5.0,3.0,4.0,3.0,6.0,4.0,3.0,6.0,,0.0,,,3.0,4,0.03,2.686612576064909,-0.18817150637012378
6.0,2.0,3.0,2.0,1.0,2.0,6.0,3.0,4.0,3.0,0.0,5.0,0.0,2.0,4.0,2.0,6.0,3.0,3.0,4.0,2.0,1.0,3.0,3.0,4.0,0.0,0.0,,6.0,6.0,4.0,1.0,2.0,6.0,0.0,0.0,5.0,0.0,,3.0,2.0,2.0,5.0,,,4.0,1,4.0,2.0,2.0,6.0,1.0,3.0,2.0,2.0,1.0,3.0,0.0,0.0,6.0,4.0,6.0,2.0,0.0,,1.0,3.0,2.0,,4.0,4.0,,6.0,,4.0,5,0.03,2.62564632885212,-0.2999791738581465
0.0,2.0,5.0,5.0,2.0,3.0,,3.0,3.0,2.0,1.0,5.0,1.0,0.0,1.0,3.0,3.0,3.0,3.0,1.0,2.0,5.0,2.0,1.0,4.0,2.0,2.0,3.0,,0.0,1.0,3.0,0.0,2.0,4.0,4.0,2.0,3.0,0.0,3.0,4.0,2.0,2.0,3.0,3.0,4.0,2,3.0,5.0,3.0,4.0,5.0,3.0,2.0,3.0,0.0,0.0,,4.0,5.0,4.0,0.0,,3.0,4.0,0.0,3.0,5.0,5.0,3.0,,,0.0,5.0,3.0,6,0.03,2.143617021276596,-0.11855231123079929
1.0,3.0,0.0,4.0,4.0,2.0,,3.0,2.0,4.0,3.0,6.0,0.0,0.0,5.0,5.0,6.0,,3.0,3.0,2.0,3.0,0.0,1.0,,4.0,2.0,6.0,6.0,2.0,4.0,3.0,5.0,,6.0,3.0,3.0,5.0,,1.0,4.0,4.0,1.0,1.0,5.0,2.0,0,2.0,4.0,5.0,0.0,0.0,0.0,6.0,1.0,2.0,0.0,6.0,2.0,3.0,1.0,2.0,4.0,2.0,0.0,1.0,6.0,6.0,4.0,,,4.0,1.0,4.0,2.0,7,0.03,2.609406952965235,-0.12476477742143521
,0.0,6.0,0.0,4.0,5.0,5.0,2.0,6.0,3.0,5.0,2.0,0.0,4.0,4.0,4.0,0.0,1.0,5.0,0.0,3.0,4.0,6.0,4.0,4.0,5.0,4.0,,,5.0,4.0,1.0,0.0,3.0,5.0,0.0,0.0,3.0,,2.0,2.0,4.0,2.0,2.0,4.0,0.0,1,5.0,3.0,3.0,1.0,2.0,,2.0,2.0,3.0,3.0,6.0,4.0,3.0,4.0,2.0,1.0,3.0,1.0,3.0,5.0,5.0,6.0,0.0,,,5.0,6.0,2.0,8,0.03,2.6790123456790123,-0.255586207720904
4.0,3.0,4.0,0.0,2.0,6.0,6.0,2.0,4.0,2.0,1.0,3.0,3.0,2.0,1.0,5.0,5.0,0.0,6.0,1.0,2.0,5.0,2.0,3.0,,0.0,0.0,4.0,,2.0,0.0,0.0,0.0,4.0,,5.0,5.0,5.0,2.0,1.0,3.0,2.0,2.0,,3.0,4.0,2,4.0,4.0,0.0,4.0,5.0,6.0,3.0,1.0,2.0,2.0,3.0,4.0,5.0,4.0,,2.0,0.0,1.0,1.0,6.0,5.0,,6.0,,5.0,,5.0,0.0,9,0.03,2.7274590163934427,-0.44914019362025276
,1.0,0.0,0.0,3.0,1.0,0.0,3.0,4.0,1.0,4.0,4.0,5.0,,2.0,3.0,,4.0,3.0,2.0,0.0,0.0,3.0,3.0,3.0,1.0,0.0,3.0,4.0,,,2.0,5.0,3.0,4.0,4.0,3.0,1.0,3.0,3.0,5.0,0.0,5.0,4.0,0.0,,3,2.0,4.0,1.0,4.0,,3.0,1.0,4.0,1.0,4.0,4.0,,0.0,5.0,,2.0,5.0,1.0,5.0,1.0,0.0,3.0,,,3.0,2.0,5.0,1.0,10,0.03,2.553719008264463,-0.11654957795078202
1.0,2.0,0.0,1.0,1.0,1.0,1.0,4.0,4.0,0.0,3.0,1.0,1.0,2.0,2.0,2.0,,,2.0,2.0,1.0,0.0,3.0,2.0,,1.0,0.0,3.0,,1.0,0.0,3.0,1.0,1.0,2.0,2.0,4.0,3.0,2.0,4.0,3.0,3.0,1.0,,,,4,0.0,2.0,3.0,2.0,3.0,3.0,2.0,3.0,3.0,1.0,0.0,,4.0,2.0,1.0,2.0,,0.0,3.0,3.0,,2.0,,0.0,0.0,1.0,2.0,4.0,11,0.03,2.04135737009544,0.12694533354435103
,1.0,2.0,1.0,4.0,6.0,4.0,0.0,0.0,2.0,3.0,6.0,3.0,3.0,0.0,6.0,4.0,0.0,2.0,1.0,5.0,3.0,1.0,0.0,2.0,6.0,0.0,3.0,,0.0,6.0,,2.0,3.0,2.0,,2.0,0.0,4.0,3.0,2.0,5.0,5.0,1.0,0.0,2.0,2,3.0,4.0,2.0,2.0,5.0,3.0,5.0,4.0,1.0,0.0,4.0,,3.0,,3.0,1.0,,6.0,2.0,2.0,2.0,2.0,4.0,4.0,,,,3.0,12,0.03,2.830072090628218,-0.1970428208655116
5.0,5.0,2.0,2.0,0.0,2.0,5.0,4.0,4.0,2.0,5.0,,4.0,,0.0,3.0,,4.0,2.0,1.0,1.0,3.0,2.0,0.0,3.0,2.0,5.0,5.0,2.0,5.0,1.0,0.0,3.0,0.0,4.0,,3.0,5.0,5.0,5.0,5.0,2.0,1.0,,1.0,3.0,2,0.0,2.0,2.0,1.0,0.0,2.0,2.0,2.0,,3.0,1.0,5.0,5.0,2.0,1.0,2.0,,3.0,3.0,3.0,,0.0,4.0,1.0,0.0,,0.0,5.0,13,0.03,2.497894736842105,-0.050835465474538336
,2.0,0.0,3.0,2.0,2.0,0.0,2.0,0.0,2.0,4.0,4.0,1.0,5.0,1.0,6.0,,4.0,2.0,6.0,5.0,5.0,4.0,5.0,6.0,1.0,3.0,,,5.0,3.0,2.0,3.0,0.0,3.0,5.0,4.0,5.0,4.0,1.0,3.0,3.0,5.0,0.0,4.0,,0,3.0,3.0,5.0,2.0,5.0,6.0,2.0,0.0,4.0,5.0,6.0,4.0,4.0,4.0,,,5.0,3.0,3.0,3.0,0.0,,,5.0,,0.0,4.0,0.0,14,0.03,2.7401015228426395,-0.236021834826715
5.0,2.0,2.0,4.0,6.0,4.0,4.0,5.0,4.0,0.0,2.0,5.0,1.0,1.0,2.0,5.0,,5.0,0.0,4.0,6.0,6.0,5.0,4.0,2.0,0.0,3.0,3.0,4.0,3.0,0.0,3.0,1.0,1.0,1.0,0.0,0.0,2.0,3.0,1.0,3.0,3.0,0.0,2.0,,4.0,2,2.0,2.0,1.0,3.0,0.0,5.0,4.0,4.0,0.0,1.0,2.0,0.0,6.0,6.0,1.0,3.0,2.0,2.0,4.0,,3.0,1.0,6.0,6.0,,,2.0,6.0,15,0.03,2.5785714285714287,-0.11046766357936783
3.0,2.0,0.0,1.0,3.0,0.0,3.0,4.0,1.0,3.0,,3.0,3.0,,3.0,4.0,5.0,5.0,6.0,4.0,2.0,3.0,,4.0,2.0,2.0,2.0,0.0,4.0,,3.0,1.0,2.0,6.0,1.0,3.0,2.0,1.0,,2.0,2.0,2.0,0.0,3.0,5.0,2.0,2,0.0,3.0,0.0,,3.0,4.0,0.0,0.0,4.0,4.0,4.0,,0.0,3.0,4.0,2.0,5.0,3.0,3.0,1.0,,4.0,,,,,0.0,3.0,16,0.03,2.6215932914046123,-0.34355950577068545
5.0,4.0,6.0,2.0,4.0,5.0,6.0,5.0,3.0,2.0,2.0,,1.0,,0.0,3.0,0.0,1.0,0.0,3.0,2.0,8.0,8.0,5.0,,2.0,2.0,,0.0,4.0,2.0,5.0,2.0,3.0,5.0,0.0,4.0,3.0,,3.0,5.0,3.0,1.0,,,1.0,3,2.0,6.0,0.0,5.0,5.0,8.0,4.0,5.0,1.0,6.0,,4.0,2.0,0.0,8.0,3.0,7.0,4.0,3.0,,0.0,0.0,0.0,8.0,7.0,7.0,,2.0,17,0.03,3.160860655737705,-0.18817228940488234
3.0,1.0,2.0,2.0,2.0,4.0,6.0,0.0,5.0,3.0,2.0,7.0,6.0,,2.0,4.0,0.0,4.0,,2.0,5.0,6.0,3.0,5.0,6.0,2.0,4.0,,,,6.0,7.0,3.0,4.0,3.0,7.0,6.0,3.0,6.0,3.0,3.0,0.0,1.0,,0.0,3.0,2,3.0,0.0,6.0,7.0,5.0,4.0,3.0,4.0,4.0,0.0,,0.0,0.0,,4.0,2.0,7.0,2.0,3.0,5.0,3.0,6.0,4.0,0.0,,7.0,0.0,2.0,18,0.03,2.936991869918699,-0.1906757986381155
2.0,0.0,2.0,1.0,1.0,4.0,0.0,2.0,4.0,2.0,3.0,5.0,4.0,0.0,0.0,2.0,,5.0,1.0,4.0,4.0,3.0,4.0,1.0,5.0,4.0,0.0,4.0,4.0,5.0,5.0,3.0,2.0,,2.0,3.0,4.0,3.0,1.0,1.0,2.0,1.0,2.0,3.0,5.0,4.0,0,0.0,1.0,1.0,1.0,,5.0,1.0,4.0,2.0,2.0,0.0,1.0,0.0,3.0,0.0,3.0,5.0,4.0,3.0,2.0,3.0,,3.0,4.0,,,,5.0,19,0.03,2.3752598752598755,-0.2200473730988442
0.0,3.0,1.0,3.0,5.0,0.0,4.0,5.0,3.0,1.0,1.0,5.0,0.0,5.0,4.0,3.0,,,3.0,5.0,6.0,0.0,3.0,1.0,1.0,3.0,4.0,6.0,,5.0,,2.0,4.0,0.0,3.0,5.0,4.0,2.0,0.0,6.0,1.0,,3.0,5.0,2.0,4.0,4,5.0,0.0,2.0,6.0,3.0,2.0,4.0,4.0,6.0,4.0,,,0.0,0.0,,6.0,2.0,5.0,2.0,6.0,3.0,6.0,,,0.0,,,3.0,20,0.03,2.783181357649443,0.02805076820343399
,6.0,1.0,0.0,1.0,4.0,4.0,3.0,3.0,3.0,0.0,4.0,3.0,0.0,0.0,5.0,3.0,1.0,4.0,0.0,3.0,6.0,5.0,0.0,0.0,1.0,4.0,6.0,,6.0,1.0,1.0,0.0,2.0,4.0,4.0,2.0,5.0,1.0,4.0,4.0,2.0,4.0,0.0,,1.0,2,2.0,6.0,2.0,4.0,3.0,5.0,1.0,3.0,2.0,1.0,0.0,1.0,5.0,6.0,5.0,6.0,4.0,2.0,2.0,5.0,,4.0,3.0,,1.0,,6.0,6.0,21,0.03,2.6801619433198383,-0.17240715527809805
6.0,2.0,4.0,3.0,3.0,4.0,4.0,3.0,1.0,3.0,0.0,5.0,3.0,,3.0,0.0,0.0,3.0,1.0,,3.0,6.0,3.0,1.0,2.0,3.0,2.0,2.0,6.0,4.0,3.0,4.0,0.0,0.0,3.0,5.0,3.0,2.0,,4.0,3.0,4.0,3.0,4.0,6.0,2.0,2,2.0,0.0,4.0,4.0,0.0,,2.0,4.0,2.0,5.0,3.0,1.0,3.0,2.0,4.0,0.0,0.0,4.0,2.0,2.0,6.0,3.0,3.0,6.0,,0.0,,6.0,22,0.03,2.3254310344827585,-0.10249625980620754
4.0,2.0,3.0,1.0,0.0,5.0,4.0,4.0,0.0,0.0,1.0,5.0,4.0,6.0,3.0,,,3.0,6.0,1.0,0.0,3.0,,0.0,,2.0,3.0,,2.0,,5.0,5.0,4.0,,0.0,6.0,6.0,0.0,4.0,5.0,1.0,3.0,4.0,5.0,3.0,3.0,0,4.0,5.0,3.0,2.0,2.0,4.0,4.0,4.0,4.0,4.0,1.0,0.0,,5.0,3.0,6.0,4.0,4.0,3.0,,3.0,,4.0,4.0,4.0,3.0,6.0,0.0,23,0.03,2.8641078838174274,-0.3625279171136017
2.0,3.0,4.0,2.0,2.0,4.0,,3.0,4.0,1.0,,4.0,2.0,,2.0,3.0,0.0,3.0,4.0,2.0,,3.0,3.0,0.0,0.0,1.0,2.0,3.0,,0.0,3.0,1.0,3.0,2.0,3.0,4.0,0.0,0.0,3.0,1.0,2.0,2.0,2.0,3.0,4.0,1.0,2,3.0,4.0,3.0,3.0,2.0,3.0,3.0,4.0,,0.0,0.0,,3.0,3.0,2.0,4.0,1.0,4.0,0.0,,4.0,1.0,4.0,4.0,2.0,1.0,3.0,0.0,24,0.03,1.9661733615221988,-0.14571735128734742
0.0,4.0,2.0,5.0,5.0,2.0,0.0,2.0,6.0,1.0,4.0,,4.0,0.0,,6.0,,6.0,7.0,2.0,4.0,4.0,5.0,5.0,5.0,5.0,6.0,6.0,3.0,0.0,3.0,1.0,2.0,0.0,3.0,6.0,4.0,4.0,6.0,1.0,5.0,6.0,4.0,0.0,3.0,7.0,4,1.0,3.0,6.0,4.0,7.0,5.0,0.0,2.0,6.0,2.0,,0.0,6.0,0.0,,5.0,,4.0,0.0,3.0,4.0,4.0,7.0,7.0,,,2.0,5.0,25,0.03,2.951417004048583,0.05632077397892515
3.0,4.0,0.0,0.0,0.0,,,1.0,1.0,3.0,3.0,4.0,2.0,,3.0,3.0,3.0,1.0,4.0,1.0,3.0,3.0,4.0,2.0,5.0,3.0,0.0,5.0,5.0,2.0,1.0,4.0,2.0,0.0,2.0,3.0,2.0,0.0,,0.0,0.0,4.0,1.0,,1.0,1.0,2,3.0,2.0,3.0,3.0,1.0,3.0,3.0,0.0,4.0,1.0,4.0,3.0,0.0,5.0,3.0,3.0,2.0,1.0,3.0,5.0,1.0,3.0,2.0,,,4.0,,5.0,26,0.03,2.237486687965921,-0.4037480111082474
4.0,1.0,6.0,2.0,3.0,3.0,0.0,3.0,,3.0,1.0,5.0,3.0,,0.0,5.0,,2.0,0.0,2.0,4.0,4.0,0.0,4.0,,4.0,4.0,4.0,,,1.0,5.0,4.0,1.0,6.0,3.0,2.0,4.0,,2.0,2.0,2.0,2.0,3.0,0.0,3.0,2,3.0,4.0,5.0,0.0,5.0,5.0,4.0,6.0,3.0,5.0,2.0,6.0,5.0,0.0,4.0,4.0,3.0,4.0,2.0,0.0,0.0,6.0,2.0,0.0,,6.0,3.0,6.0,27,0.03,2.5099061522419186,-0.024152687566865935
0.0,3.0,,4.0,3.0,4.0,5.0,1.0,6.0,3.0,4.0,6.0,2.0,0.0,5.0,2.0,,6.0,5.0,0.0,6.0,4.0,3.0,4.0,,1.0,3.0,0.0,3.0,1.0,3.0,0.0,3.0,,1.0,0.0,5.0,2.0,4.0,6.0,2.0,2.0,5.0,6.0,4.0,5.0,3,3.0,6.0,1.0,2.0,5.0,0.0,0.0,5.0,0.0,1.0,5.0,0.0,4.0,,4.0,6.0,4.0,,5.0,2.0,2.0,,5.0,5.0,6.0,,4.0,5.0,28,0.03,2.7472194135490393,-0.08187190943587729
5.0,1.0,4.0,4.0,2.0,4.0,,0.0,5.0,0.0,5.0,2.0,4.0,4.0,2.0,,,6.0,6.0,2.0,3.0,3.0,,2.0,7.0,1.0,5.0,7.0,,6.0,4.0,5.0,3.0,0.0,1.0,4.0,4.0,3.0,,1.0,1.0,0.0,6.0,2.0,0.0,3.0,3,2.0,0.0,0.0,2.0,4.0,2.0,0.0,4.0,4.0,6.0,4.0,2.0,2.0,6.0,,5.0,0.0,2.0,3.0,1.0,,7.0,4.0,,6.0,4.0,7.0,0.0,29,0.03,2.910386965376782,-0.29568805818065497
,1.0,3.0,2.0,3.0,5.0,1.0,1.0,2.0,4.0,0.0,2.0,2.0,,4.0,,,4.0,,3.0,0.0,4.0,4.0,5.0,4.0,0.0,1.0,2.0,1.0,5.0,0.0,2.0,,3.0,0.0,3.0,3.0,2.0,,5.0,4.0,3.0,0.0,4.0,3.0,3.0,1,0.0,5.0,1.0,2.0,5.0,5.0,5.0,4.0,,3.0,5.0,2.0,0.0,1.0,4.0,1.0,3.0,3.0,3.0,4.0,0.0,2.0,4.0,,,,0.0,2.0,30,0.03,2.4543589743589744,-0.19525205314057847
0.0,3.0,2.0,3.0,3.0,5.0,2.0,0.0,3.0,2.0,3.0,4.0,5.0,1.0,0.0,2.0,,0.0,5.0,1.0,5.0,5.0,3.0,2.0,4.0,2.0,2.0,4.0,3.0,0.0,0.0,2.0,3.0,,5.0,5.0,4.0,0.0,,,4.0,2.0,5.0,,,2.0,3,4.0,3.0,1.0,2.0,0.0,,4.0,3.0,,5.0,3.0,3.0,1.0,5.0,0.0,1.0,4.0,5.0,3.0,5.0,5.0,3.0,0.0,4.0,5.0,,,,31,0.03,2.460662525879917,-0.11220462482807764
2.0,0.0,6.0,4.0,1.0,3.0,4.0,0.0,0.0,2.0,2.0,,0.0,2.0,3.0,1.0,,4.0,1.0,1.0,3.0,0.0,1.0,0.0,1.0,0.0,,,5.0,3.0,5.0,0.0,4.0,1.0,3.0,2.0,5.0,2.0,,4.0,1.0,3.0,3.0,5.0,2.0,0.0,2,3.0,4.0,4.0,5.0,3.0,5.0,4.0,5.0,3.0,3.0,6.0,,4.0,1.0,1.0,2.0,3.0,3.0,1.0,4.0,,6.0,6.0,,6.0,0.0,,2.0,32,0.03,2.797116374871267,-0.23326832566661865
0.0,4.0,0.0,1.0,1.0,0.0,0.0,,4.0,1.0,3.0,,3.0,3.0,5.0,6.0,6.0,2.0,7.0,3.0,4.0,,6.0,4.0,5.0,4.0,3.0,5.0,0.0,6.0,3.0,1.0,2.0,5.0,5.0,2.0,7.0,6.0,,5.0,4.0,2.0,4.0,0.0,,4.0,6,5.0,3.0,5.0,2.0,0.0,5.0,3.0,5.0,6.0,2.0,,7.0,7.0,0.0,7.0,0.0,6.0,6.0,3.0,,5.0,0.0,,2.0,7.0,,5.0,6.0,33,0.03,2.9721115537848606,-0.15316169573847802
0.0,0.0,3.0,0.0,3.0,3.0,5.0,0.0,4.0,4.0,3.0,,1.0,4.0,3.0,0.0,,0.0,3.0,1.0,2.0,6.0,6.0,4.0,,1.0,4.0,,5.0,3.0,3.0,3.0,3.0,6.0,4.0,6.0,2.0,5.0,,2.0,4.0,2.0,3.0,0.0,5.0,5.0,2,5.0,3.0,4.0,2.0,2.0,5.0,2.0,3.0,5.0,6.0,0.0,3.0,2.0,6.0,5.0,4.0,0.0,4.0,1.0,,5.0,,4.0,5.0,,,0.0,5.0,34,0.03,2.5325749741468457,-0.20263421644729038
4.0,3.0,1.0,2.0,1.0,2.0,,2.0,0.0,3.0,5.0,,3.0,4.0,3.0,,5.0,3.0,4.0,2.0,1.0,5.0,3.0,0.0,,2.0,3.0,5.0,0.0,0.0,2.0,5.0,4.0,1.0,2.0,2.0,,4.0,3.0,2.0,3.0,4.0,1.0,,4.0,2.0,0,4.0,0.0,0.0,2.0,3.0,2.0,3.0,3.0,4.0,4.0,4.0,0.0,2.0,5.0,5.0,0.0,3.0,3.0,4.0,5.0,,3.0,4.0,,0.0,,,3.0,35,0.03,2.2763713080168775,-0.23199733253063878
1.0,4.0,0.0,3.0,3.0,5.0,,0.0,3.0,1.0,2.0,,3.0,,2.0,0.0,,,4.0,4.0,2.0,4.0,3.0,0.0,2.0,5.0,1.0,,0.0,0.0,2.0,4.0,5.0,1.0,5.0,3.0,3.0,3.0,4.0,1.0,3.0,2.0,1.0,5.0,4.0,3.0,2,4.0,2.0,1.0,0.0,3.0,4.0,4.0,2.0,2.0,1.0,2.0,3.0,4.0,3.0,1.0,0.0,4.0,3.0,3.0,5.0,0.0,1.0,0.0,4.0,1.0,5.0,,5.0,36,0.03,2.239289446185998,-0.037368144161458346
2.0,5.0,2.0,3.0,2.0,0.0,5.0,1.0,5.0,0.0,2.0,3.0,4.0,3.0,4.0,4.0,0.0,2.0,0.0,3.0,1.0,2.0,5.0,0.0,,4.0,3.0,4.0,,3.0,4.0,1.0,5.0,3.0,3.0,,3.0,3.0,,0.0,0.0,3.0,1.0,,0.0,5.0,3,1.0,4.0,3.0,1.0,1.0,4.0,2.0,2.0,3.0,0.0,5.0,,4.0,0.0,3.0,2.0,5.0,,3.0,3.0,,4.0,2.0,,,5.0,,3.0,37,0.03,2.3403361344537816,-0.1269799832770284
4.0,1.0,3.0,2.0,3.0,,2.0,3.0,0.0,1.0,5.0,2.0,1.0,,3.0,,,4.0,3.0,2.0,5.0,2.0,0.0,4.0,0.0,1.0,2.0,,2.0,5.0,3.0,5.0,0.0,,1.0,5.0,1.0,1.0,0.0,2.0,3.0,,0.0,3.0,0.0,4.0,4,4.0,0.0,1.0,2.0,5.0,,4.0,3.0,5.0,2.0,5.0,2.0,5.0,3.0,,4.0,,0.0,3.0,2.0,4.0,4.0,4.0,0.0,,,3.0,4.0,38,0.03,2.446138211382114,-0.10790663548883402
6.0,2.0,3.0,2.0,1.0,,2.0,3.0,4.0,4.0,3.0,0.0,4.0,5.0,1.0,0.0,,3.0,4.0,3.0,6.0,0.0,0.0,2.0,2.0,1.0,2.0,0.0,3.0,5.0,5.0,1.0,4.0,0.0,2.0,4.0,3.0,2.0,,0.0,2.0,1.0,1.0,1.0,3.0,5.0,3,4.0,4.0,1.0,6.0,0.0,3.0,5.0,3.0,3.0,2.0,2.0,3.0,3.0,6.0,4.0,6.0,5.0,3.0,1.0,,,0.0,0.0,,,,4.0,2.0,39,0.03,2.475257731958763,-0.08550019441068937
2.0,1.0,3.0,1.0,2.0,3.0,3.0,1.0,2.0,5.0,3.0,,1.0,,3.0,1.0,5.0,0.0,2.0,4.0,0.0,4.0,1.0,4.0,0.0,0.0,0.0,5.0,5.0,5.0,3.0,5.0,3.0,4.0,4.0,5.0,0.0,4.0,,4.0,4.0,4.0,0.0,5.0,3.0,2.0,2,0.0,4.0,3.0,4.0,4.0,1.0,1.0,4.0,1.0,1.0,5.0,,,0.0,0.0,2.0,3.0,1.0,4.0,,2.0,5.0,,,,,,1.0,40,0.03,2.5131440588853837,-0.16620405109837982
3.0,4.0,0.0,2.0,2.0,6.0,,1.0,1.0,3.0,6.0,3.0,1.0,,2.0,6.0,,3.0,0.0,1.0,2.0,3.0,2.0,3.0,,0.0,3.0,0.0,6.0,0.0,2.0,4.0,0.0,1.0,1.0,5.0,4.0,0.0,4.0,2.0,4.0,3.0,0.0,6.0,4.0,2.0,3,4.0,3.0,3.0,2.0,4.0,,3.0,3.0,3.0,6.0,3.0,4.0,4.0,0.0,5.0,,2.0,1.0,2.0,4.0,4.0,5.0,0.0,4.0,,3.0,5.0,4.0,41,0.03,2.4883474576271185,-0.3122603661728177
0.0,3.0,4.0,2.0,0.0,5.0,3.0,1.0,1.0,,0.0,5.0,0.0,5.0,2.0,4.0,,,4.0,,3.0,5.0,5.0,4.0,4.0,3.0,3.0,5.0,0.0,,4.0,4.0,2.0,5.0,1.0,0.0,2.0,1.0,1.0,3.0,,2.0,2.0,,1.0,2.0,2,2.0,1.0,3.0,4.0,1.0,3.0,4.0,4.0,2.0,5.0,3.0,4.0,3.0,4.0,0.0,4.0,0.0,0.0,,1.0,4.0,3.0,0.0,2.0,,,,2.0,42,0.03,2.471134020618557,-0.08307789192703846
0.0,3.0,3.0,6.0,1.0,0.0,,,4.0,2.0,5.0,5.0,2.0,0.0,4.0,0.0,5.0,5.0,3.0,1.0,6.0,3.0,3.0,0.0,6.0,1.0,4.0,4.0,4.0,,3.0,4.0,3.0,0.0,6.0,6.0,5.0,5.0,0.0,5.0,0.0,3.0,5.0,,,3.0,3,3.0,5.0,2.0,4.0,6.0,5.0,2.0,4.0,0.0,2.0,,5.0,3.0,4.0,5.0,4.0,1.0,6.0,2.0,3.0,5.0,2.0,,0.0,,,4.0,6.0,43,0.03,2.6063072227873856,-0.05554073057666762
,4.0,2.0,2.0,0.0,5.0,5.0,0.0,1.0,1.0,3.0,5.0,2.0,2.0,4.0,3.0,5.0,2.0,4.0,1.0,3.0,4.0,1.0,1.0,,1.0,3.0,4.0,3.0,4.0,3.0,,2.0,4.0,3.0,5.0,3.0,4.0,2.0,2.0,0.0,2.0,4.0,,4.0,3.0,4,1.0,,1.0,5.0,1.0,2.0,0.0,0.0,5.0,4.0,,5.0,2.0,5.0,,0.0,0.0,1.0,0.0,1.0,,3.0,5.0,5.0,,0.0,5.0,0.0,44,0.03,2.439503619441572,-0.364672654184692
4.0,5.0,0.0,2.0,2.0,3.0,1.0,3.0,3.0,2.0,0.0,3.0,2.0,,4.0,,2.0,1.0,6.0,0.0,5.0,5.0,,1.0,2.0,2.0,5.0,2.0,5.0,4.0,2.0,3.0,2.0,6.0,3.0,4.0,4.0,0.0,4.0,5.0,1.0,0.0,2.0,6.0,,,4,0.0,0.0,3.0,3.0,0.0,1.0,3.0,1.0,1.0,0.0,6.0,,4.0,,5.0,6.0,4.0,4.0,5.0,1.0,4.0,3.0,2.0,5.0,6.0,5.0,0.0,4.0,45,0.03,2.709807886754297,-0.24257871977137488
7.0,4.0,4.0,2.0,1.0,3.0,4.0,2.0,3.0,2.0,0.0,0.0,2.0,5.0,4.0,3.0,4.0,3.0,7.0,4.0,3.0,0.0,6.0,1.0,7.0,0.0,3.0,2.0,4.0,5.0,5.0,4.0,2.0,3.0,4.0,0.0,3.0,1.0,7.0,0.0,3.0,1.0,0.0,6.0,6.0,3.0,0,5.0,5.0,6.0,2.0,6.0,,4.0,5.0,7.0,2.0,5.0,7.0,3.0,7.0,3.0,,0.0,4.0,5.0,5.0,0.0,7.0,2.0,7.0,3.0,,,4.0,46,0.03,2.8953846153846152,-0.3806770879491563
3.0,4.0,1.0,1.0,2.0,0.0,6.0,1.0,2.0,1.0,4.0,6.0,2.0,,0.0,2.0,,4.0,0.0,3.0,0.0,4.0,2.0,4.0,6.0,3.0,5.0,2.0,,0.0,5.0,5.0,,1.0,3.0,1.0,2.0,3.0,6.0,0.0,1.0,5.0,4.0,,6.0,3.0,2,3.0,3.0,2.0,6.0,5.0,4.0,1.0,0.0,,3.0,0.0,6.0,5.0,3.0,4.0,,1.0,5.0,2.0,,0.0,0.0,5.0,4.0,1.0,,4.0,5.0,47,0.03,2.6571719226856563,-0.13604670001108804
1.0,3.0,3.0,2.0,2.0,0.0,5.0,4.0,0.0,2.0,0.0,3.0,2.0,6.0,0.0,3.0,,0.0,2.0,4.0,2.0,3.0,,3.0,,1.0,1.0,1.0,,6.0,2.0,5.0,3.0,0.0,2.0,2.0,0.0,5.0,0.0,1.0,1.0,6.0,4.0,,1.0,3.0,2,1.0,2.0,2.0,0.0,,3.0,6.0,5.0,5.0,2.0,,,0.0,6.0,4.0,4.0,4.0,2.0,4.0,2.0,4.0,1.0,3.0,3.0,,,3.0,4.0,48,0.03,2.5825545171339566,-0.11774752344195441
2.0,5.0,3.0,4.0,5.0,2.0,,3.0,2.0,3.0,,0.0,1.0,,3.0,1.0,,,5.0,0.0,,5.0,4.0,2.0,4.0,2.0,3.0,4.0,,3.0,2.0,1.0,3.0,3.0,3.0,3.0,3.0,4.0,0.0,3.0,2.0,0.0,2.0,,1.0,2.0,3,0.0,3.0,1.0,0.0,0.0,,0.0,1.0,2.0,0.0,5.0,5.0,2.0,0.0,4.0,4.0,1.0,4.0,1.0,5.0,4.0,5.0,1.0,5.0,3.0,,5.0,,49,0.03,2.4926931106471817,-0.23546285570089145
2.0,1.0,3.0,1.0,3.0,3.0,,1.0,0.0,2.0,3.0,,1.0,2.0,1.0,4.0,0.0,0.0,0.0,4.0,1.0,5.0,,3.0,,0.0,3.0,5.0,4.0,3.0,3.0,4.0,3.0,,1.0,5.0,5.0,1.0,5.0,0.0,4.0,2.0,3.0,,2.0,3.0,0,5.0,2.0,3.0,3.0,5.0,,,,4.0,3.0,1.0,0.0,4.0,,5.0,0.0,0.0,2.0,2.0,2.0,4.0,2.0,4.0,4.0,,,4.0,2.0,50,0.03,2.4386149003147954,-0.21017173717203583
0.0,2.0,2.0,4.0,2.0,1.0,7.0,2.0,1.0,5.0,2.0,5.0,2.0,7.0,6.0,0.0,4.0,4.0,4.0,3.0,1.0,3.0,0.0,2.0,6.0,1.0,0.0,5.0,5.0,0.0,6.0,5.0,0.0,3.0,3.0,,3.0,6.0,3.0,3.0,5.0,1.0,3.0,0.0,0.0,7.0,3,2.0,7.0,0.0,4.0,2.0,,3.0,2.0,3.0,5.0,7.0,2.0,6.0,6.0,,1.0,0.0,5.0,4.0,4.0,7.0,3.0,7.0,7.0,,,,3.0,51,0.03,2.8375634517766497,-0.22162462046903467
4.0,1.0,0.0,0.0,2.0,4.0,4.0,3.0,0.0,4.0,4.0,3.0,3.0,5.0,4.0,3.0,5.0,,3.0,0.0,2.0,3.0,2.0,3.0,4.0,3.0,2.0,0.0,5.0,5.0,3.0,1.0,,3.0,2.0,,3.0,1.0,3.0,2.0,3.0,2.0,3.0,5.0,5.0,2.0,5,4.0,2.0,0.0,0.0,3.0,3.0,3.0,1.0,4.0,3.0,3.0,2.0,3.0,4.0,3.0,5.0,,0.0,0.0,3.0,0.0,2.0,2.0,2.0,,3.0,4.0,2.0,52,0.03,2.2855579868708973,-0.3861660051315763
0.0,3.0,4.0,0.0,0.0,1.0,,0.0,3.0,2.0,2.0,6.0,1.0,4.0,4.0,0.0,1.0,0.0,2.0,0.0,5.0,3.0,5.0,3.0,2.0,1.0,4.0,3.0,5.0,2.0,4.0,2.0,6.0,2.0,0.0,5.0,1.0,2.0,3.0,3.0,2.0,6.0,4.0,,6.0,1.0,3,2.0,1.0,0.0,0.0,5.0,6.0,2.0,6.0,2.0,3.0,5.0,3.0,5.0,5.0,,6.0,,2.0,2.0,3.0,4.0,4.0,3.0,,5.0,,4.0,6.0,53,0.03,2.6952089704383284,-0.25821456220980404
0.0,2.0,1.0,3.0,4.0,4.0,3.0,2.0,,3.0,0.0,4.0,2.0,4.0,2.0,1.0,5.0,1.0,5.0,5.0,,3.0,3.0,1.0,3.0,1.0,2.0,3.0,1.0,3.0,4.0,4.0,,4.0,0.0,,3.0,0.0,3.0,3.0,2.0,2.0,0.0,,3.0,1.0,4,2.0,4.0,0.0,1.0,,4.0,1.0,5.0,3.0,5.0,0.0,3.0,0.0,5.0,0.0,4.0,4.0,2.0,0.0,3.0,5.0,3.0,5.0,,2.0,,,5.0,54,0.03,2.457317073170732,-0.2093738470331809
5.0,4.0,4.0,3.0,0.0,,0.0,3.0,3.0,,6.0,0.0,3.0,6.0,6.0,0.0,6.0,0.0,2.0,0.0,4.0,3.0,2.0,4.0,5.0,1.0,4.0,4.0,5.0,,5.0,4.0,5.0,6.0,1.0,4.0,4.0,3.0,0.0,3.0,0.0,5.0,4.0,2.0,3.0,6.0,3,2.0,4.0,2.0,5.0,,0.0,3.0,3.0,4.0,3.0,2.0,,4.0,0.0,2.0,3.0,,5.0,2.0,,,2.0,,4.0,6.0,,,4.0,55,0.03,2.6859504132231407,-0.0528188825970674
4.0,2.0,5.0,1.0,0.0,2.0,1.0,0.0,3.0,0.0,5.0,,2.0,2.0,1.0,3.0,5.0,3.0,2.0,3.0,1.0,0.0,,0.0,5.0,2.0,1.0,0.0,4.0,,1.0,1.0,5.0,3.0,5.0,,0.0,1.0,,5.0,1.0,1.0,0.0,5.0,4.0,5.0,2,1.0,2.0,0.0,3.0,,3.0,5.0,4.0,2.0,3.0,4.0,5.0,4.0,3.0,4.0,4.0,4.0,4.0,4.0,4.0,0.0,,5.0,,,5.0,,1.0,56,0.03,2.6259067357512955,-0.36115993149666875
5.0,3.0,3.0,4.0,2.0,3.0,,2.0,0.0,3.0,2.0,3.0,2.0,,2.0,1.0,4.0,0.0,3.0,3.0,2.0,4.0,2.0,2.0,,3.0,1.0,5.0,4.0,2.0,3.0,1.0,2.0,4.0,0.0,3.0,3.0,1.0,,0.0,2.0,1.0,1.0,4.0,2.0,0.0,0,1.0,2.0,4.0,,2.0,3.0,2.0,1.0,0.0,,3.0,3.0,2.0,5.0,,0.0,1.0,4.0,0.0,2.0,3.0,3.0,0.0,,4.0,,,1.0,57,0.03,2.197662061636557,-0.3340749649960332
2.0,4.0,3.0,1.0,3.0,,0.0,0.0,3.0,1.0,5.0,3.0,2.0,1.0,4.0,0.0,0.0,0.0,,3.0,,4.0,1.0,1.0,3.0,3.0,3.0,1.0,0.0,5.0,3.0,0.0,3.0,2.0,4.0,1.0,4.0,4.0,1.0,2.0,,1.0,1.0,,3.0,2.0,2,2.0,5.0,2.0,3.0,5.0,2.0,,1.0,3.0,0.0,5.0,,2.0,0.0,1.0,5.0,5.0,3.0,4.0,3.0,3.0,2.0,1.0,5.0,,0.0,5.0,4.0,58,0.03,2.2808290155440414,0.08324502341714973
3.0,,3.0,2.0,1.0,1.0,,0.0,2.0,4.0,5.0,,1.0,0.0,3.0,0.0,,3.0,2.0,0.0,5.0,5.0,5.0,3.0,0.0,1.0,2.0,4.0,4.0,2.0,3.0,5.0,1.0,,2.0,2.0,0.0,1.0,5.0,3.0,1.0,4.0,2.0,2.0,3.0,3.0,3,5.0,5.0,1.0,2.0,0.0,5.0,4.0,1.0,2.0,0.0,3.0,4.0,3.0,4.0,5.0,3.0,2.0,2.0,3.0,0.0,5.0,4.0,0.0,,3.0,,,4.0,59,0.03,2.3499480789200415,-0.1563575392489683
6.0,4.0,4.0,4.0,1.0,6.0,5.0,4.0,2.0,,5.0,3.0,3.0,0.0,,,3.0,3.0,3.0,0.0,3.0,,1.0,0.0,0.0,3.0,3.0,4.0,5.0,5.0,1.0,2.0,4.0,,2.0,6.0,6.0,3.0,3.0,4.0,3.0,0.0,5.0,,2.0,5.0,0,1.0,0.0,1.0,3.0,3.0,0.0,1.0,1.0,1.0,2.0,1.0,,6.0,4.0,0.0,4.0,6.0,4.0,2.0,5.0,5.0,6.0,6.0,,,5.0,,0.0,60,0.03,2.822110552763819,-0.22309742524070544
5.0,0.0,2.0,1.0,2.0,4.0,7.0,2.0,2.0,3.0,3.0,3.0,3.0,7.0,1.0,1.0,,2.0,6.0,5.0,7.0,2.0,2.0,3.0,7.0,0.0,2.0,0.0,0.0,7.0,5.0,3.0,2.0,1.0,2.0,1.0,3.0,0.0,7.0,1.0,5.0,1.0,2.0,0.0,1.0,6.0,2,4.0,3.0,4.0,1.0,5.0,5.0,0.0,3.0,3.0,1.0,6.0,3.0,7.0,0.0,6.0,3.0,7.0,0.0,4.0,,3.0,5.0,0.0,7.0,,3.0,,3.0,61,0.03,2.731757451181912,-0.2623221235554692
5.0,3.0,4.0,3.0,3.0,,,2.0,4.0,5.0,1.0,2.0,4.0,5.0,4.0,,4.0,1.0,1.0,3.0,0.0,4.0,0.0,3.0,,0.0,0.0,4.0,,6.0,4.0,5.0,4.0,3.0,6.0,5.0,5.0,3.0,4.0,3.0,2.0,2.0,2.0,0.0,,1.0,6,0.0,6.0,5.0,1.0,6.0,6.0,1.0,0.0,3.0,4.0,0.0,6.0,0.0,5.0,5.0,5.0,4.0,1.0,0.0,,4.0,1.0,3.0,,,,4.0,3.0,62,0.03,2.7077856420626896,-0.19762775948479971
4.0,1.0,3.0,0.0,2.0,3.0,5.0,3.0,5.0,4.0,3.0,3.0,3.0,5.0,2.0,,,,2.0,4.0,1.0,4.0,4.0,0.0,,3.0,3.0,0.0,0.0,5.0,3.0,2.0,5.0,3.0,,2.0,3.0,3.0,,3.0,4.0,2.0,2.0,0.0,4.0,3.0,3,4.0,5.0,0.0,4.0,2.0,4.0,,2.0,,5.0,4.0,0.0,,3.0,1.0,0.0,3.0,,5.0,1.0,,0.0,2.0,2.0,,4.0,0.0,5.0,63,0.03,2.3846153846153846,-0.0010041673349367782
1.0,2.0,4.0,2.0,4.0,2.0,,1.0,2.0,6.0,6.0,,2.0,,3.0,4.0,2.0,0.0,,2.0,4.0,3.0,1.0,0.0,0.0,3.0,3.0,6.0,3.0,6.0,3.0,3.0,1.0,3.0,1.0,2.0,2.0,1.0,3.0,0.0,4.0,0.0,3.0,0.0,,0.0,2,2.0,5.0,1.0,0.0,6.0,0.0,1.0,5.0,4.0,2.0,3.0,5.0,4.0,2.0,,3.0,,0.0,2.0,3.0,3.0,4.0,,2.0,2.0,5.0,,3.0,64,0.03,2.618848167539267,-0.13337771962533673
,2.0,2.0,3.0,4.0,7.0,,2.0,3.0,4.0,7.0,2.0,3.0,3.0,1.0,6.0,,0.0,2.0,3.0,5.0,0.0,5.0,4.0,,2.0,2.0,4.0,0.0,2.0,5.0,2.0,5.0,4.0,4.0,4.0,4.0,3.0,,2.0,2.0,4.0,1.0,7.0,2.0,1.0,1,2.0,5.0,3.0,4.0,4.0,0.0,1.0,4.0,6.0,7.0,,2.0,0.0,0.0,0.0,,7.0,0.0,0.0,4.0,,0.0,5.0,,,,6.0,5.0,65,0.03,2.9107883817427385,-0.12827423706378366
5.0,2.0,4.0,0.0,4.0,3.0,5.0,5.0,0.0,4.0,,2.0,2.0,5.0,,,1.0,3.0,5.0,1.0,4.0,2.0,5.0,5.0,2.0,3.0,2.0,3.0,4.0,0.0,1.0,3.0,,2.0,1.0,,0.0,0.0,0.0,4.0,5.0,3.0,4.0,,3.0,5.0,0,2.0,4.0,0.0,3.0,3.0,3.0,1.0,1.0,1.0,3.0,3.0,5.0,2.0,3.0,3.0,3.0,0.0,0.0,2.0,1.0,3.0,,4.0,,2.0,5.0,4.0,4.0,66,0.03,2.465979381443299,-0.15635796365355278
1.0,2.0,1.0,3.0,1.0,2.0,3.0,3.0,,3.0,0.0,1.0,2.0,,5.0,3.0,3.0,0.0,,1.0,4.0,2.0,4.0,3.0,4.0,0.0,3.0,4.0,5.0,2.0,2.0,3.0,5.0,5.0,5.0,5.0,4.0,0.0,2.0,2.0,2.0,4.0,1.0,0.0,0.0,5.0,3,4.0,3.0,1.0,2.0,0.0,1.0,4.0,3.0,5.0,1.0,3.0,3.0,0.0,,0.0,2.0,4.0,5.0,1.0,,4.0,,,0.0,,,5.0,2.0,67,0.03,2.3106295149638805,-0.10848817194159902
,5.0,3.0,0.0,4.0,0.0,,5.0,4.0,3.0,5.0,4.0,1.0,0.0,4.0,,4.0,4.0,5.0,3.0,2.0,3.0,,6.0,4.0,2.0,4.0,5.0,3.0,,1.0,4.0,3.0,0.0,5.0,6.0,6.0,4.0,0.0,5.0,2.0,4.0,0.0,3.0,,4.0,3,6.0,2.0,4.0,4.0,1.0,5.0,3.0,,0.0,6.0,,1.0,5.0,2.0,5.0,3.0,2.0,4.0,3.0,1.0,0.0,6.0,6.0,0.0,,0.0,5.0,2.0,68,0.03,2.637385086823289,0.13083100842858647
6.0,0.0,4.0,4.0,1.0,4.0,2.0,1.0,5.0,1.0,0.0,6.0,2.0,6.0,2.0,0.0,,3.0,4.0,2.0,1.0,4.0,5.0,2.0,,4.0,1.0,3.0,5.0,2.0,5.0,2.0,0.0,5.0,3.0,5.0,0.0,4.0,,3.0,5.0,0.0,3.0,,3.0,2.0,1,3.0,,3.0,5.0,0.0,3.0,2.0,3.0,5.0,4.0,6.0,,0.0,4.0,6.0,4.0,0.0,1.0,3.0,2.0,3.0,3.0,,4.0,6.0,0.0,2.0,4.0,69,0.03,2.4790174002047083,-0.29377772219304155
,2.0,0.0,0.0,1.0,,2.0,0.0,2.0,0.0,1.0,5.0,2.0,,2.0,4.0,4.0,2.0,5.0,4.0,1.0,2.0,0.0,3.0,1.0,1.0,1.0,2.0,,3.0,0.0,2.0,3.0,5.0,4.0,3.0,2.0,1.0,,1.0,,5.0,2.0,,4.0,1.0,0,1.0,4.0,0.0,1.0,4.0,1.0,3.0,3.0,3.0,3.0,4.0,2.0,,2.0,5.0,3.0,3.0,0.0,3.0,,2.0,3.0,2.0,2.0,,,,0.0,70,0.03,2.445960125918153,-0.35183867025460075
5.0,2.0,3.0,2.0,0.0,,,2.0,1.0,2.0,5.0,,4.0,2.0,4.0,4.0,3.0,2.0,5.0,2.0,1.0,1.0,3.0,1.0,2.0,1.0,0.0,2.0,5.0,0.0,2.0,3.0,4.0,3.0,0.0,,3.0,2.0,2.0,4.0,,0.0,1.0,2.0,1.0,4.0,1,3.0,,1.0,1.0,,2.0,4.0,2.0,4.0,0.0,3.0,4.0,5.0,2.0,0.0,0.0,,0.0,1.0,4.0,3.0,0.0,2.0,1.0,4.0,2.0,3.0,2.0,71,0.03,2.3810020876826723,-0.19486043937619882
,4.0,3.0,2.0,0.0,3.0,5.0,2.0,2.0,2.0,,,5.0,4.0,0.0,5.0,0.0,,3.0,1.0,0.0,4.0,0.0,1.0,4.0,4.0,3.0,4.0,4.0,,2.0,2.0,4.0,3.0,3.0,3.0,0.0,5.0,0.0,3.0,4.0,3.0,5.0,0.0,5.0,4.0,2,1.0,3.0,1.0,4.0,0.0,3.0,4.0,1.0,,4.0,,2.0,3.0,,3.0,4.0,4.0,2.0,0.0,3.0,,1.0,1.0,5.0,,5.0,4.0,3.0,72,0.03,2.3952772073921973,-0.13277093526061454
0.0,6.0,0.0,1.0,3.0,4.0,1.0,,3.0,1.0,2.0,5.0,3.0,,0.0,5.0,3.0,1.0,1.0,5.0,7.0,5.0,,,0.0,5.0,2.0,5.0,,2.0,3.0,0.0,,3.0,3.0,4.0,2.0,0.0,5.0,7.0,1.0,4.0,3.0,7.0,7.0,4.0,4,4.0,,3.0,4.0,6.0,,7.0,0.0,7.0,4.0,7.0,0.0,5.0,4.0,0.0,6.0,6.0,7.0,4.0,,6.0,,3.0,6.0,5.0,4.0,0.0,6.0,73,0.03,3.23733862959285,-0.11437453745721544
,2.0,2.0,1.0,1.0,,4.0,2.0,0.0,3.0,5.0,3.0,3.0,,1.0,1.0,4.0,3.0,0.0,1.0,2.0,2.0,3.0,5.0,3.0,1.0,0.0,5.0,5.0,4.0,2.0,,1.0,4.0,2.0,4.0,,3.0,4.0,3.0,3.0,0.0,1.0,,2.0,4.0,2,4.0,0.0,2.0,3.0,2.0,4.0,1.0,3.0,3.0,4.0,0.0,,,5.0,4.0,4.0,2.0,2.0,0.0,4.0,0.0,2.0,2.0,5.0,0.0,0.0,5.0,2.0,74,0.03,2.299476439790576,-0.28873631533375077
4.0,3.0,0.0,1.0,4.0,1.0,,0.0,4.0,2.0,3.0,,6.0,0.0,2.0,4.0,3.0,3.0,5.0,4.0,3.0,4.0,0.0,4.0,4.0,2.0,3.0,5.0,5.0,,6.0,0.0,4.0,4.0,5.0,,5.0,6.0,5.0,2.0,0.0,4.0,3.0,4.0,1.0,6.0,2,4.0,,2.0,3.0,2.0,3.0,,0.0,2.0,0.0,6.0,5.0,1.0,0.0,6.0,2.0,3.0,5.0,1.0,4.0,4.0,2.0,0.0,2.0,2.0,,4.0,3.0,75,0.03,2.632398753894081,-0.10651629948253692
,4.0,2.0,2.0,1.0,2.0,6.0,2.0,3.0,2.0,1.0,,3.0,3.0,3.0,2.0,,6.0,0.0,3.0,5.0,3.0,1.0,6.0,4.0,5.0,2.0,3.0,1.0,4.0,4.0,0.0,0.0,3.0,3.0,6.0,0.0,2.0,5.0,5.0,3.0,3.0,1.0,4.0,0.0,2.0,0,,,2.0,3.0,1.0,,3.0,3.0,4.0,3.0,2.0,,3.0,0.0,4.0,0.0,,6.0,4.0,4.0,6.0,5.0,0.0,4.0,,0.0,5.0,4.0,76,0.03,2.6302083333333335,-0.1926653919367867
4.0,3.0,2.0,2.0,2.0,6.0,2.0,4.0,0.0,3.0,2.0,5.0,4.0,0.0,1.0,5.0,,6.0,6.0,2.0,3.0,4.0,,0.0,,1.0,2.0,3.0,,4.0,0.0,3.0,1.0,3.0,4.0,6.0,3.0,2.0,,1.0,2.0,1.0,3.0,5.0,3.0,0.0,5,2.0,0.0,4.0,0.0,3.0,5.0,4.0,4.0,,2.0,3.0,4.0,3.0,4.0,6.0,2.0,6.0,4.0,1.0,0.0,3.0,0.0,2.0,5.0,,4.0,0.0,2.0,77,0.03,2.410176531671859,-0.30662857135063887
4.0,0.0,3.0,3.0,3.0,0.0,4.0,0.0,3.0,3.0,0.0,0.0,1.0,,3.0,2.0,0.0,,2.0,2.0,2.0,2.0,5.0,1.0,,3.0,2.0,4.0,5.0,5.0,3.0,0.0,2.0,1.0,2.0,5.0,3.0,2.0,,4.0,,4.0,2.0,,4.0,1.0,1,1.0,2.0,1.0,0.0,3.0,1.0,3.0,3.0,3.0,2.0,3.0,4.0,0.0,3.0,,3.0,3.0,4.0,0.0,5.0,1.0,3.0,2.0,,1.0,,,4.0,78,0.03,2.2208067940552016,-0.27594832445331074
,2.0,5.0,1.0,0.0,4.0,,4.0,,1.0,1.0,3.0,4.0,2.0,0.0,2.0,5.0,2.0,0.0,2.0,,4.0,4.0,3.0,0.0,0.0,1.0,1.0,3.0,4.0,2.0,4.0,1.0,0.0,2.0,3.0,3.0,5.0,2.0,3.0,4.0,5.0,0.0,,3.0,4.0,1,3.0,1.0,5.0,2.0,1.0,,2.0,0.0,,2.0,2.0,5.0,2.0,1.0,2.0,5.0,4.0,,2.0,,3.0,5.0,2.0,0.0,0.0,,,2.0,79,0.03,2.5102459016393444,-0.0522621571804326
,3.0,0.0,2.0,1.0,3.0,0.0,2.0,1.0,3.0,1.0,,3.0,0.0,4.0,2.0,6.0,,3.0,1.0,3.0,5.0,0.0,,2.0,1.0,0.0,,2.0,5.0,6.0,3.0,3.0,5.0,3.0,2.0,0.0,4.0,6.0,2.0,0.0,4.0,1.0,4.0,3.0,2.0,3,4.0,2.0,0.0,1.0,5.0,0.0,1.0,3.0,4.0,2.0,6.0,4.0,1.0,,,4.0,4.0,3.0,3.0,6.0,4.0,4.0,,,0.0,4.0,4.0,3.0,80,0.03,2.602711157455683,-0.28213909270629456
,3.0,5.0,2.0,1.0,,,0.0,0.0,6.0,4.0,6.0,2.0,5.0,2.0,3.0,,0.0,5.0,3.0,3.0,0.0,2.0,6.0,,4.0,0.0,6.0,5.0,5.0,3.0,3.0,0.0,4.0,2.0,6.0,4.0,3.0,4.0,3.0,3.0,1.0,2.0,,2.0,1.0,2,2.0,2.0,2.0,4.0,3.0,2.0,4.0,0.0,2.0,,,1.0,2.0,,0.0,2.0,6.0,1.0,3.0,0.0,4.0,6.0,0.0,4.0,,,6.0,2.0,81,0.03,2.685416666666667,-0.2542190480720633
4.0,5.0,0.0,2.0,1.0,,5.0,4.0,1.0,3.0,,3.0,3.0,0.0,3.0,,,4.0,2.0,3.0,3.0,2.0,4.0,0.0,1.0,4.0,1.0,2.0,5.0,,2.0,5.0,1.0,,4.0,0.0,,3.0,0.0,3.0,0.0,1.0,3.0,3.0,0.0,3.0,2,4.0,2.0,2.0,4.0,5.0,2.0,2.0,3.0,0.0,4.0,5.0,1.0,0.0,1.0,0.0,5.0,4.0,2.0,3.0,,5.0,2.0,4.0,5.0,,4.0,4.0,4.0,82,0.03,2.271884654994851,-0.07069502733642789
5.0,1.0,4.0,3.0,3.0,3.0,5.0,1.0,4.0,3.0,2.0,2.0,1.0,,4.0,2.0,5.0,3.0,2.0,0.0,2.0,2.0,6.0,1.0,2.0,3.0,2.0,4.0,,2.0,4.0,0.0,6.0,0.0,4.0,2.0,,2.0,5.0,3.0,4.0,3.0,2.0,,0.0,3.0,0,0.0,0.0,2.0,5.0,2.0,4.0,3.0,3.0,5.0,0.0,,6.0,5.0,,6.0,0.0,1.0,3.0,2.0,,1.0,0.0,3.0,2.0,,5.0,,4.0,83,0.03,2.594111461619348,-0.2893459454832399
4.0,4.0,3.0,2.0,0.0,5.0,4.0,1.0,0.0,0.0,1.0,0.0,3.0,2.0,1.0,5.0,,3.0,3.0,2.0,1.0,3.0,4.0,3.0,,0.0,4.0,5.0,4.0,4.0,3.0,3.0,4.0,2.0,3.0,0.0,3.0,2.0,0.0,0.0,0.0,3.0,2.0,4.0,1.0,2.0,3,2.0,5.0,5.0,1.0,3.0,4.0,4.0,3.0,4.0,5.0,3.0,2.0,2.0,0.0,4.0,2.0,3.0,3.0,1.0,4.0,3.0,5.0,3.0,,,,5.0,1.0,84,0.03,2.1856540084388185,-0.31791131741727896
4.0,2.0,2.0,4.0,0.0,0.0,6.0,1.0,1.0,2.0,0.0,5.0,2.0,5.0,5.0,4.0,2.0,3.0,0.0,1.0,0.0,1.0,5.0,3.0,,2.0,4.0,,,,5.0,3.0,2.0,3.0,4.0,6.0,4.0,4.0,,3.0,3.0,2.0,3.0,2.0,5.0,5.0,3,,6.0,3.0,3.0,5.0,,4.0,2.0,,0.0,0.0,4.0,4.0,3.0,6.0,2.0,0.0,0.0,2.0,1.0,0.0,2.0,4.0,2.0,,,6.0,2.0,85,0.03,2.5507692307692307,-0.18018923160409783
3.0,2.0,2.0,3.0,2.0,5.0,,5.0,0.0,5.0,3.0,4.0,1.0,4.0,3.0,2.0,,4.0,,3.0,4.0,0.0,4.0,2.0,5.0,3.0,1.0,4.0,4.0,4.0,,4.0,0.0,1.0,3.0,1.0,1.0,3.0,2.0,0.0,3.0,5.0,0.0,4.0,4.0,1.0,2,0.0,0.0,2.0,0.0,3.0,4.0,2.0,0.0,4.0,,,,4.0,5.0,5.0,5.0,4.0,3.0,0.0,2.0,5.0,2.0,1.0,,,,2.0,4.0,86,0.03,2.51440329218107,-0.38947505768125684
4.0,3.0,3.0,0.0,1.0,4.0,,0.0,3.0,4.0,3.0,3.0,0.0,5.0,2.0,5.0,,2.0,3.0,3.0,3.0,4.0,2.0,3.0,,5.0,2.0,0.0,,0.0,3.0,2.0,,0.0,1.0,5.0,4.0,1.0,3.0,3.0,2.0,2.0,2.0,,,3.0,2,0.0,2.0,0.0,4.0,1.0,0.0,2.0,3.0,5.0,3.0,,4.0,3.0,4.0,4.0,1.0,1.0,1.0,3.0,4.0,1.0,4.0,1.0,0.0,5.0,,,4.0,87,0.03,2.2924226254002136,-0.21902351783899116
,1.0,1.0,3.0,1.0,2.0,5.0,2.0,0.0,0.0,1.0,3.0,3.0,6.0,2.0,4.0,3.0,,5.0,0.0,5.0,2.0,6.0,5.0,,3.0,5.0,0.0,,,4.0,0.0,4.0,0.0,5.0,4.0,2.0,0.0,,4.0,6.0,4.0,2.0,,5.0,4.0,3,3.0,4.0,2.0,4.0,1.0,3.0,5.0,5.0,3.0,3.0,,3.0,6.0,3.0,6.0,1.0,2.0,0.0,4.0,3.0,,0.0,5.0,6.0,0.0,,1.0,3.0,88,0.03,2.662886597938144,-0.1812122619830185
4.0,0.0,4.0,2.0,4.0,3.0,2.0,3.0,2.0,1.0,1.0,0.0,1.0,2.0,0.0,,,2.0,5.0,2.0,4.0,1.0,4.0,4.0,,0.0,1.0,,,5.0,5.0,5.0,0.0,4.0,3.0,4.0,2.0,,5.0,0.0,1.0,1.0,3.0,,2.0,1.0,3,3.0,0.0,4.0,2.0,4.0,2.0,1.0,3.0,4.0,2.0,3.0,,,3.0,5.0,4.0,1.0,5.0,1.0,3.0,,0.0,0.0,0.0,,,4.0,1.0,89,0.03,2.39632277834525,-0.20476705277675836
3.0,2.0,3.0,0.0,5.0,0.0,,1.0,2.0,1.0,4.0,5.0,2.0,3.0,3.0,2.0,,4.0,5.0,2.0,0.0,0.0,,3.0,4.0,2.0,2.0,4.0,4.0,4.0,1.0,2.0,2.0,4.0,,0.0,5.0,3.0,3.0,1.0,4.0,0.0,0.0,,3.0,0.0,3,1.0,4.0,,4.0,3.0,0.0,4.0,1.0,4.0,3.0,3.0,2.0,0.0,2.0,5.0,2.0,,5.0,1.0,,2.0,4.0,3.0,,,,,4.0,90,0.03,2.45010395010395,-0.37977586300974986
4.0,2.0,5.0,3.0,3.0,0.0,,4.0,2.0,2.0,1.0,0.0,2.0,0.0,5.0,1.0,0.0,,5.0,2.0,5.0,4.0,,1.0,3.0,4.0,2.0,4.0,3.0,5.0,3.0,,3.0,0.0,3.0,2.0,3.0,4.0,0.0,4.0,,0.0,3.0,2.0,1.0,5.0,2,0.0,4.0,2.0,3.0,3.0,1.0,2.0,4.0,3.0,0.0,2.0,,3.0,,0.0,3.0,3.0,2.0,5.0,2.0,5.0,3.0,,4.0,5.0,5.0,3.0,1.0,91,0.03,2.2840670859538785,0.0008844483586807247
,1.0,4.0,2.0,3.0,0.0,0.0,3.0,0.0,2.0,2.0,,3.0,,0.0,2.0,,2.0,1.0,4.0,,4.0,2.0,1.0,0.0,1.0,4.0,3.0,1.0,5.0,2.0,3.0,0.0,5.0,2.0,4.0,2.0,0.0,0.0,3.0,0.0,3.0,1.0,,0.0,2.0,3,2.0,1.0,2.0,3.0,2.0,4.0,3.0,2.0,3.0,5.0,,5.0,,5.0,5.0,1.0,5.0,4.0,3.0,2.0,1.0,1.0,,,,4.0,,4.0,92,0.03,2.2560335781741867,-0.002844355026666381
,0.0,5.0,1.0,3.0,5.0,0.0,2.0,4.0,3.0,4.0,3.0,3.0,,2.0,4.0,,4.0,4.0,1.0,0.0,5.0,5.0,5.0,1.0,0.0,3.0,6.0,5.0,,0.0,3.0,5.0,6.0,3.0,6.0,3.0,2.0,6.0,,2.0,3.0,1.0,4.0,1.0,2.0,5,6.0,3.0,1.0,3.0,4.0,4.0,4.0,3.0,5.0,2.0,6.0,5.0,0.0,2.0,2.0,0.0,4.0,0.0,4.0,4.0,,0.0,6.0,3.0,0.0,,2.0,,93,0.03,2.620304568527919,-0.19856225409940706
5.0,1.0,2.0,4.0,2.0,0.0,,1.0,5.0,1.0,5.0,2.0,0.0,4.0,1.0,,,2.0,3.0,1.0,,0.0,4.0,3.0,,2.0,3.0,0.0,,4.0,0.0,2.0,2.0,3.0,1.0,4.0,4.0,5.0,,1.0,3.0,2.0,1.0,,2.0,3.0,0,0.0,2.0,0.0,2.0,3.0,1.0,2.0,4.0,3.0,1.0,5.0,5.0,5.0,4.0,3.0,2.0,2.0,3.0,0.0,3.0,5.0,5.0,5.0,,5.0,,0.0,2.0,94,0.03,2.4276729559748427,-0.4538942502316689
0.0,2.0,4.0,5.0,2.0,5.0,3.0,3.0,,0.0,0.0,2.0,4.0,0.0,1.0,4.0,,3.0,,3.0,4.0,6.0,6.0,1.0,0.0,1.0,3.0,6.0,0.0,,4.0,2.0,5.0,,5.0,4.0,3.0,2.0,5.0,1.0,4.0,2.0,2.0,5.0,0.0,3.0,0,3.0,0.0,3.0,2.0,2.0,5.0,,3.0,4.0,5.0,6.0,5.0,4.0,2.0,6.0,2.0,5.0,4.0,4.0,3.0,,4.0,,,,,0.0,4.0,95,0.03,2.635330578512397,-0.17897312937101756
0.0,1.0,2.0,1.0,5.0,3.0,6.0,2.0,1.0,0.0,4.0,1.0,3.0,4.0,2.0,,2.0,0.0,3.0,3.0,3.0,4.0,,2.0,,1.0,1.0,4.0,0.0,2.0,2.0,5.0,6.0,,0.0,3.0,5.0,0.0,3.0,3.0,0.0,4.0,0.0,,4.0,0.0,4,2.0,4.0,2.0,3.0,6.0,4.0,3.0,5.0,5.0,1.0,3.0,3.0,0.0,6.0,,,5.0,2.0,2.0,4.0,6.0,3.0,3.0,2.0,,,5.0,6.0,96,0.03,2.696938775510204,-0.26621112254735435
2.0,1.0,0.0,4.0,2.0,1.0,3.0,1.0,4.0,0.0,2.0,3.0,3.0,5.0,4.0,4.0,4.0,4.0,5.0,1.0,,3.0,4.0,5.0,4.0,4.0,5.0,,,4.0,3.0,3.0,2.0,5.0,0.0,2.0,,2.0,,1.0,3.0,3.0,4.0,0.0,3.0,0.0,1,3.0,,1.0,3.0,2.0,5.0,4.0,2.0,2.0,1.0,0.0,0.0,3.0,0.0,2.0,2.0,4.0,2.0,2.0,4.0,0.0,5.0,0.0,3.0,,,4.0,5.0,97,0.03,2.274896265560166,-0.10718102976906217
2.0,,4.0,1.0,4.0,0.0,3.0,2.0,3.0,3.0,3.0,,1.0,,3.0,4.0,,1.0,4.0,2.0,1.0,4.0,1.0,4.0,3.0,2.0,4.0,3.0,0.0,0.0,3.0,2.0,,0.0,4.0,3.0,1.0,0.0,2.0,2.0,4.0,1.0,4.0,,0.0,,2,1.0,4.0,0.0,2.0,2.0,2.0,0.0,1.0,3.0,2.0,0.0,,,2.0,,3.0,1.0,1.0,3.0,1.0,4.0,,3.0,3.0,,4.0,0.0,4.0,98,0.03,2.1532004197271775,0.0697967253132769
2.0,3.0,3.0,3.0,0.0,3.0,0.0,3.0,5.0,4.0,0.0,2.0,1.0,6.0,0.0,2.0,,4.0,1.0,2.0,4.0,1.0,4.0,4.0,0.0,5.0,3.0,3.0,0.0,,2.0,4.0,1.0,5.0,1.0,4.0,3.0,2.0,4.0,3.0,3.0,1.0,1.0,,0.0,3.0,3,0.0,3.0,2.0,1.0,0.0,5.0,4.0,3.0,,3.0,,6.0,5.0,,0.0,3.0,4.0,6.0,5.0,6.0,5.0,2.0,4.0,5.0,6.0,,,6.0,99,0.03,2.5067637877211237,-0.21727865129833657
,4.0,4.0,3.0,1.0,1.0,2.0,4.0,5.0,5.0,3.0,1.0,3.0,5.0,2.0,5.0,3.0,1.0,5.0,3.0,0.0,5.0,3.0,1.0,3.0,1.0,0.0,2.0,4.0,,4.0,4.0,0.0,0.0,3.0,3.0,1.0,3.0,,2.0,0.0,0.0,2.0,,2.0,2.0,1,2.0,2.0,2.0,0.0,5.0,4.0,3.0,3.0,5.0,0.0,0.0,5.0,2.0,3.0,,5.0,,0.0,4.0,3.0,,4.0,1.0,,5.0,,5.0,4.0,100,0.03,2.3852544132917965,-0.18083873187635985
,1.0,0.0,1.0,1.0,4.0,0.0,2.0,2.0,2.0,4.0,1.0,1.0,0.0,0.0,5.0,0.0,3.0,1.0,1.0,2.0,0.0,5.0,2.0,,3.0,3.0,0.0,3.0,,1.0,3.0,2.0,1.0,4.0,4.0,3.0,0.0,,2.0,2.0,1.0,,2.0,1.0,3.0,3,2.0,3.0,3.0,2.0,4.0,2.0,0.0,3.0,1.0,3.0,,,4.0,4.0,5.0,3.0,,3.0,0.0,3.0,,3.0,1.0,5.0,,,4.0,2.0,101,0.03,2.246040126715945,-0.18031954425872013
,0.0,3.0,5.0,1.0,6.0,6.0,4.0,0.0,0.0,4.0,3.0,2.0,3.0,6.0,5.0,,1.0,4.0,3.0,0.0,0.0,,0.0,,4.0,6.0,4.0,4.0,,1.0,,5.0,0.0,0.0,4.0,4.0,3.0,3.0,4.0,3.0,3.0,2.0,4.0,4.0,4.0,5,1.0,4.0,4.0,5.0,6.0,0.0,5.0,5.0,5.0,6.0,0.0,5.0,2.0,,4.0,6.0,,2.0,5.0,4.0,,6.0,,4.0,,6.0,,4.0,102,0.03,2.8733401430030643,-0.1169876181599554
1.0,2.0,0.0,0.0,3.0,3.0,2.0,,4.0,5.0,3.0,4.0,5.0,,6.0,,3.0,6.0,0.0,5.0,5.0,4.0,2.0,1.0,,4.0,1.0,5.0,,6.0,6.0,5.0,0.0,1.0,0.0,2.0,0.0,1.0,,5.0,2.0,0.0,3.0,5.0,4.0,5.0,3,3.0,,1.0,0.0,0.0,2.0,2.0,2.0,,1.0,1.0,,6.0,4.0,6.0,3.0,5.0,6.0,1.0,4.0,5.0,6.0,5.0,5.0,,4.0,,0.0,103,0.03,3.0091185410334345,-0.251616342094101
,5.0,0.0,3.0,4.0,2.0,,0.0,5.0,3.0,0.0,6.0,2.0,4.0,3.0,5.0,6.0,1.0,5.0,3.0,6.0,0.0,,1.0,,1.0,3.0,4.0,2.0,5.0,4.0,4.0,0.0,2.0,5.0,,5.0,4.0,5.0,5.0,2.0,2.0,2.0,0.0,1.0,4.0,0,3.0,0.0,1.0,2.0,2.0,3.0,4.0,3.0,5.0,4.0,6.0,5.0,6.0,3.0,,0.0,4.0,,3.0,2.0,,0.0,,3.0,,,4.0,5.0,104,0.03,2.7031408308004052,-0.23008766689527815
,5.0,1.0,2.0,0.0,1.0,5.0,3.0,1.0,4.0,2.0,4.0,1.0,0.0,4.0,2.0,3.0,2.0,,1.0,3.0,,2.0,3.0,4.0,3.0,1.0,5.0,,2.0,3.0,3.0,3.0,0.0,1.0,,5.0,2.0,0.0,0.0,0.0,4.0,2.0,4.0,2.0,3.0,3,1.0,1.0,2.0,3.0,4.0,4.0,3.0,4.0,,3.0,,4.0,3.0,2.0,4.0,4.0,0.0,3.0,4.0,0.0,5.0,0.0,4.0,,,0.0,1.0,1.0,105,0.03,2.2716701902748415,-0.07252037308125667
0.0,0.0,2.0,4.0,0.0,4.0,1.0,3.0,,4.0,3.0,2.0,0.0,,2.0,0.0,6.0,1.0,4.0,3.0,6.0,2.0,2.0,0.0,4.0,5.0,4.0,6.0,,5.0,3.0,3.0,,5.0,6.0,5.0,3.0,4.0,6.0,2.0,1.0,5.0,2.0,0.0,,1.0,3,5.0,6.0,3.0,4.0,4.0,5.0,4.0,4.0,6.0,3.0,3.0,2.0,1.0,5.0,0.0,0.0,5.0,2.0,0.0,4.0,6.0,5.0,1.0,5.0,,,5.0,2.0,106,0.03,2.669379450661241,-0.22262619030853306
1.0,2.0,1.0,3.0,3.0,3.0,,4.0,,5.0,0.0,,0.0,,3.0,1.0,,,2.0,1.0,5.0,4.0,1.0,3.0,,2.0,1.0,,2.0,0.0,4.0,,3.0,0.0,4.0,5.0,5.0,3.0,5.0,1.0,2.0,2.0,2.0,5.0,3.0,1.0,2,4.0,5.0,0.0,3.0,3.0,2.0,3.0,0.0,,4.0,3.0,4.0,0.0,0.0,1.0,3.0,3.0,,1.0,,3.0,0.0,0.0,2.0,2.0,4.0,5.0,4.0,107,0.03,2.4769703172978508,-0.14417814962355374
2.0,1.0,0.0,3.0,1.0,5.0,2.0,4.0,3.0,1.0,0.0,3.0,3.0,4.0,1.0,5.0,,3.0,5.0,2.0,3.0,2.0,3.0,3.0,,4.0,2.0,,4.0,,0.0,4.0,2.0,2.0,3.0,2.0,4.0,2.0,4.0,3.0,0.0,4.0,1.0,0.0,2.0,1.0,2,1.0,1.0,0.0,1.0,4.0,2.0,4.0,2.0,3.0,2.0,0.0,,1.0,,5.0,5.0,0.0,3.0,3.0,2.0,0.0,,0.0,3.0,3.0,,5.0,3.0,108,0.03,2.183350895679663,-0.16849096378918713
3.0,4.0,3.0,0.0,3.0,2.0,,4.0,3.0,2.0,0.0,3.0,3.0,,0.0,2.0,,4.0,1.0,0.0,3.0,3.0,2.0,1.0,3.0,1.0,4.0,2.0,4.0,4.0,1.0,2.0,0.0,3.0,3.0,3.0,6.0,0.0,,2.0,,1.0,4.0,0.0,0.0,0.0,3,1.0,5.0,2.0,4.0,3.0,1.0,4.0,3.0,1.0,4.0,6.0,5.0,6.0,5.0,5.0,4.0,5.0,5.0,3.0,6.0,0.0,1.0,6.0,6.0,6.0,4.0,,4.0,109,0.03,2.5010460251046025,-0.3065436230627328
1.0,4.0,3.0,1.0,1.0,4.0,4.0,2.0,3.0,3.0,0.0,0.0,4.0,5.0,1.0,3.0,,3.0,6.0,0.0,0.0,1.0,3.0,1.0,5.0,4.0,2.0,4.0,0.0,1.0,0.0,2.0,1.0,2.0,2.0,2.0,0.0,2.0,,1.0,1.0,1.0,2.0,,,4.0,3,2.0,1.0,2.0,0.0,6.0,6.0,4.0,1.0,3.0,2.0,4.0,2.0,2.0,,,4.0,2.0,5.0,2.0,0.0,0.0,6.0,2.0,,,,,3.0,110,0.03,2.398286937901499,-0.14112255666454004
3.0,4.0,0.0,2.0,5.0,,,5.0,5.0,2.0,2.0,2.0,1.0,,4.0,,4.0,3.0,0.0,2.0,0.0,4.0,5.0,2.0,3.0,1.0,0.0,,4.0,5.0,0.0,1.0,0.0,3.0,3.0,4.0,,,5.0,2.0,4.0,2.0,2.0,,3.0,5.0,3,2.0,5.0,3.0,4.0,2.0,4.0,1.0,5.0,1.0,4.0,5.0,4.0,5.0,2.0,3.0,0.0,0.0,,4.0,4.0,1.0,,5.0,4.0,0.0,5.0,0.0,3.0,111,0.03,2.540847983453981,-0.16399136699938055
6.0,2.0,4.0,6.0,2.0,2.0,3.0,1.0,2.0,2.0,1.0,3.0,1.0,,6.0,4.0,0.0,6.0,2.0,3.0,2.0,2.0,0.0,1.0,6.0,0.0,3.0,0.0,2.0,,4.0,3.0,3.0,2.0,6.0,3.0,,1.0,,4.0,2.0,4.0,5.0,2.0,6.0,0.0,0,2.0,5.0,2.0,0.0,5.0,4.0,4.0,1.0,0.0,3.0,1.0,3.0,3.0,5.0,5.0,4.0,0.0,5.0,1.0,3.0,0.0,3.0,1.0,4.0,,,5.0,,112,0.03,2.58739837398374,-0.07803601964228851
2.0,3.0,1.0,5.0,2.0,5.0,4.0,5.0,2.0,3.0,,,0.0,,4.0,,,1.0,5.0,2.0,5.0,5.0,3.0,3.0,0.0,5.0,5.0,2.0,5.0,0.0,4.0,6.0,6.0,0.0,1.0,4.0,3.0,2.0,0.0,0.0,3.0,5.0,4.0,5.0,0.0,3.0,5,1.0,0.0,3.0,3.0,,6.0,5.0,4.0,,6.0,5.0,4.0,6.0,4.0,4.0,4.0,3.0,6.0,2.0,6.0,5.0,6.0,5.0,4.0,,0.0,0.0,4.0,113,0.03,2.6156982670744138,-0.008133530354482598
1.0,0.0,4.0,2.0,2.0,1.0,,1.0,0.0,5.0,3.0,2.0,2.0,6.0,3.0,3.0,0.0,4.0,6.0,2.0,0.0,3.0,6.0,5.0,7.0,0.0,5.0,3.0,7.0,7.0,3.0,3.0,4.0,7.0,3.0,,3.0,3.0,4.0,,4.0,3.0,4.0,3.0,,6.0,4,2.0,3.0,2.0,4.0,4.0,0.0,0.0,4.0,3.0,4.0,0.0,3.0,2.0,1.0,7.0,3.0,0.0,3.0,4.0,5.0,,6.0,,0.0,3.0,7.0,,6.0,114,0.03,2.785932721712538,-0.1456725841494219
0.0,2.0,4.0,2.0,1.0,4.0,2.0,,3.0,3.0,2.0,5.0,4.0,5.0,1.0,0.0,,6.0,4.0,5.0,,4.0,,0.0,4.0,4.0,4.0,0.0,,5.0,6.0,6.0,1.0,0.0,4.0,0.0,4.0,4.0,,5.0,6.0,4.0,4.0,6.0,0.0,,3,1.0,3.0,2.0,2.0,6.0,1.0,5.0,3.0,3.0,0.0,5.0,4.0,,5.0,,3.0,0.0,5.0,6.0,4.0,5.0,5.0,5.0,,0.0,5.0,6.0,3.0,115,0.03,2.7038539553752536,-0.12544352074275916
0.0,4.0,4.0,4.0,0.0,0.0,6.0,2.0,4.0,2.0,2.0,5.0,3.0,6.0,3.0,,0.0,0.0,4.0,2.0,4.0,3.0,5.0,2.0,3.0,4.0,3.0,,,,3.0,4.0,3.0,6.0,0.0,5.0,1.0,1.0,6.0,3.0,4.0,3.0,3.0,6.0,3.0,4.0,3,1.0,3.0,3.0,2.0,3.0,0.0,2.0,2.0,4.0,0.0,6.0,3.0,4.0,6.0,4.0,2.0,5.0,1.0,4.0,5.0,5.0,3.0,6.0,0.0,4.0,0.0,3.0,,116,0.03,2.343073593073593,-0.2466025769164567
4.0,3.0,2.0,4.0,3.0,1.0,4.0,4.0,2.0,1.0,2.0,4.0,1.0,3.0,4.0,4.0,6.0,,5.0,2.0,5.0,0.0,,5.0,6.0,1.0,3.0,6.0,,0.0,0.0,4.0,3.0,2.0,,2.0,0.0,3.0,5.0,2.0,4.0,2.0,3.0,0.0,0.0,1.0,2,0.0,2.0,4.0,3.0,,4.0,1.0,0.0,5.0,1.0,0.0,3.0,6.0,3.0,3.0,2.0,3.0,4.0,2.0,,6.0,,4.0,5.0,0.0,,4.0,5.0,117,0.03,2.5097636176772866,-0.24643505779460806
,,5.0,3.0,1.0,3.0,4.0,0.0,4.0,3.0,3.0,3.0,3.0,0.0,0.0,,,2.0,4.0,4.0,2.0,0.0,,5.0,5.0,3.0,1.0,3.0,,3.0,2.0,0.0,2.0,3.0,5.0,2.0,0.0,4.0,2.0,1.0,3.0,4.0,2.0,5.0,4.0,5.0,5,3.0,3.0,1.0,3.0,5.0,2.0,0.0,3.0,,2.0,5.0,3.0,0.0,,0.0,2.0,3.0,5.0,0.0,4.0,3.0,,4.0,,4.0,3.0,3.0,5.0,118,0.03,2.4348739495798317,-0.1521968088702171
,4.0,4.0,4.0,2.0,5.0,,1.0,2.0,1.0,2.0,4.0,3.0,0.0,2.0,2.0,,3.0,4.0,1.0,0.0,5.0,5.0,0.0,4.0,,3.0,5.0,,4.0,0.0,1.0,2.0,2.0,3.0,2.0,3.0,3.0,0.0,1.0,2.0,1.0,1.0,,5.0,1.0,4,2.0,2.0,4.0,4.0,2.0,2.0,3.0,3.0,,3.0,0.0,3.0,0.0,2.0,0.0,3.0,4.0,5.0,1.0,2.0,2.0,,0.0,0.0,2.0,,,3.0,119,0.03,2.2437759336099585,7.793724047416635e-05
,0.0,3.0,0.0,5.0,,,4.0,4.0,1.0,4.0,4.0,0.0,1.0,3.0,5.0,0.0,,0.0,3.0,2.0,3.0,2.0,2.0,5.0,3.0,1.0,6.0,6.0,6.0,3.0,0.0,1.0,6.0,,4.0,4.0,2.0,4.0,3.0,0.0,1.0,3.0,5.0,3.0,5.0,2,2.0,2.0,2.0,3.0,4.0,3.0,4.0,2.0,3.0,3.0,,,1.0,5.0,5.0,6.0,3.0,1.0,1.0,5.0,0.0,0.0,,2.0,0.0,,3.0,4.0,120,0.03,2.656024716786818,-0.21055032755950487
4.0,,3.0,2.0,2.0,6.0,3.0,2.0,4.0,6.0,4.0,,4.0,5.0,3.0,0.0,5.0,0.0,4.0,3.0,0.0,1.0,2.0,3.0,,3.0,0.0,6.0,0.0,2.0,2.0,2.0,4.0,1.0,3.0,,2.0,0.0,4.0,4.0,4.0,2.0,0.0,1.0,6.0,2.0,2,1.0,2.0,1.0,4.0,5.0,3.0,5.0,4.0,2.0,3.0,,6.0,,,0.0,0.0,0.0,2.0,3.0,5.0,2.0,,,5.0,6.0,,6.0,5.0,121,0.03,2.753086419753086,-0.19282733966516458
5.0,1.0,3.0,0.0,0.0,,1.0,4.0,1.0,1.0,4.0,3.0,0.0,4.0,5.0,3.0,,3.0,4.0,5.0,,1.0,2.0,2.0,3.0,3.0,5.0,0.0,,4.0,0.0,3.0,3.0,2.0,3.0,5.0,4.0,2.0,2.0,4.0,5.0,5.0,4.0,3.0,0.0,2.0,0,0.0,4.0,3.0,2.0,2.0,4.0,3.0,4.0,5.0,5.0,,,3.0,5.0,,,5.0,,5.0,,3.0,4.0,,5.0,2.0,5.0,0.0,0.0,122,0.03,2.607843137254902,-0.10659346877896313
,2.0,3.0,2.0,,3.0,5.0,1.0,6.0,3.0,4.0,3.0,3.0,,1.0,2.0,,,3.0,1.0,2.0,6.0,,0.0,0.0,4.0,5.0,3.0,,6.0,5.0,3.0,4.0,5.0,3.0,6.0,6.0,0.0,,5.0,3.0,5.0,0.0,0.0,5.0,0.0,2,6.0,5.0,4.0,4.0,4.0,5.0,4.0,2.0,4.0,3.0,6.0,3.0,5.0,2.0,6.0,2.0,1.0,,5.0,2.0,,0.0,1.0,0.0,,0.0,0.0,,123,0.03,2.7688442211055277,0.05599116373609876
3.0,5.0,1.0,2.0,4.0,6.0,0.0,3.0,6.0,1.0,2.0,5.0,1.0,,5.0,5.0,0.0,2.0,5.0,0.0,3.0,3.0,4.0,1.0,1.0,3.0,4.0,2.0,2.0,5.0,3.0,5.0,0.0,3.0,4.0,0.0,0.0,1.0,,1.0,3.0,3.0,1.0,6.0,5.0,3.0,6,0.0,,3.0,5.0,6.0,3.0,2.0,,3.0,2.0,4.0,0.0,5.0,5.0,4.0,4.0,0.0,,3.0,2.0,0.0,5.0,2.0,,6.0,,2.0,2.0,124,0.03,2.6493374108053005,-0.05513200732051177
3.0,6.0,4.0,4.0,4.0,3.0,0.0,5.0,0.0,4.0,0.0,7.0,2.0,0.0,1.0,4.0,5.0,2.0,5.0,2.0,7.0,5.0,2.0,4.0,0.0,4.0,4.0,6.0,2.0,7.0,2.0,3.0,,4.0,5.0,3.0,0.0,1.0,7.0,1.0,7.0,2.0,5.0,,6.0,2.0,0,1.0,4.0,4.0,5.0,6.0,3.0,5.0,0.0,,3.0,3.0,,,5.0,6.0,2.0,5.0,4.0,4.0,,6.0,0.0,5.0,7.0,5.0,0.0,,4.0,125,0.03,2.920245398773006,-0.19154972136072282
4.0,3.0,0.0,3.0,3.0,2.0,,,1.0,2.0,2.0,2.0,2.0,1.0,,4.0,,4.0,,3.0,0.0,5.0,4.0,0.0,5.0,1.0,1.0,0.0,5.0,2.0,2.0,3.0,0.0,4.0,3.0,0.0,4.0,0.0,0.0,2.0,,,3.0,,4.0,2.0,4,0.0,5.0,1.0,,4.0,3.0,3.0,4.0,5.0,4.0,5.0,4.0,4.0,2.0,3.0,2.0,1.0,1.0,2.0,3.0,1.0,4.0,2.0,,,,0.0,2.0,126,0.03,2.413111342351717,-0.16026940037667292
4.0,0.0,,4.0,2.0,0.0,0.0,6.0,0.0,3.0,2.0,3.0,1.0,,3.0,,,3.0,4.0,4.0,,1.0,1.0,3.0,1.0,2.0,0.0,,4.0,4.0,3.0,6.0,2.0,4.0,5.0,6.0,2.0,3.0,,2.0,0.0,3.0,1.0,5.0,5.0,2.0,3,0.0,1.0,2.0,4.0,3.0,1.0,3.0,3.0,2.0,5.0,6.0,2.0,3.0,,0.0,2.0,3.0,2.0,1.0,0.0,,5.0,3.0,3.0,3.0,2.0,2.0,0.0,127,0.03,2.6649484536082473,-0.12718929825259814
4.0,5.0,4.0,,2.0,0.0,,5.0,3.0,1.0,3.0,3.0,3.0,0.0,0.0,5.0,5.0,4.0,0.0,1.0,3.0,5.0,2.0,2.0,5.0,3.0,4.0,5.0,,,1.0,5.0,0.0,2.0,1.0,3.0,2.0,1.0,,2.0,4.0,2.0,1.0,0.0,5.0,4.0,4,2.0,4.0,4.0,5.0,3.0,4.0,2.0,0.0,2.0,2.0,3.0,5.0,0.0,5.0,1.0,0.0,4.0,1.0,4.0,4.0,4.0,0.0,,,,4.0,3.0,3.0,128,0.03,2.408333333333333,-0.11852624980074687
,1.0,1.0,2.0,0.0,3.0,1.0,4.0,0.0,0.0,1.0,3.0,1.0,,3.0,4.0,,,2.0,2.0,,3.0,3.0,0.0,4.0,3.0,3.0,3.0,1.0,2.0,2.0,4.0,2.0,4.0,4.0,4.0,3.0,1.0,0.0,2.0,1.0,4.0,0.0,0.0,,3.0,2,3.0,,1.0,1.0,1.0,4.0,3.0,3.0,0.0,3.0,3.0,3.0,0.0,4.0,,2.0,0.0,,4.0,,3.0,2.0,4.0,2.0,,4.0,3.0,,129,0.03,2.1501597444089455,-0.16513843380094986
,3.0,4.0,0.0,3.0,4.0,0.0,4.0,3.0,1.0,3.0,3.0,3.0,3.0,3.0,5.0,,,4.0,2.0,5.0,0.0,5.0,1.0,0.0,5.0,3.0,2.0,4.0,4.0,0.0,3.0,4.0,5.0,4.0,0.0,0.0,3.0,3.0,4.0,2.0,1.0,4.0,0.0,5.0,3.0,4,3.0,4.0,2.0,1.0,5.0,0.0,5.0,4.0,,3.0,5.0,3.0,,4.0,3.0,4.0,2.0,5.0,3.0,2.0,5.0,5.0,,,,0.0,5.0,4.0,130,0.03,2.2349137931034484,-0.09533789472129255
3.0,4.0,1.0,3.0,2.0,4.0,4.0,5.0,2.0,5.0,0.0,,2.0,0.0,2.0,,,5.0,3.0,1.0,5.0,3.0,4.0,2.0,2.0,1.0,3.0,4.0,,,0.0,1.0,3.0,2.0,2.0,0.0,2.0,2.0,3.0,3.0,4.0,0.0,1.0,1.0,,1.0,3,2.0,2.0,4.0,4.0,0.0,2.0,4.0,3.0,4.0,0.0,4.0,0.0,4.0,4.0,0.0,4.0,3.0,3.0,3.0,1.0,,,2.0,4.0,,,2.0,0.0,131,0.03,2.280922431865828,-0.04306880186185655
,2.0,0.0,3.0,0.0,3.0,3.0,0.0,1.0,2.0,4.0,3.0,4.0,3.0,2.0,,4.0,3.0,2.0,0.0,1.0,2.0,1.0,0.0,,1.0,2.0,,,0.0,3.0,1.0,1.0,1.0,4.0,4.0,3.0,3.0,2.0,3.0,2.0,2.0,3.0,3.0,3.0,2.0,2,3.0,4.0,0.0,,3.0,0.0,3.0,,3.0,1.0,3.0,1.0,4.0,0.0,,3.0,0.0,2.0,1.0,3.0,,1.0,,3.0,,,1.0,2.0,132,0.03,2.104589114194237,-0.1557447754092192
,4.0,3.0,1.0,3.0,4.0,,2.0,4.0,4.0,4.0,4.0,2.0,3.0,3.0,0.0,,3.0,3.0,2.0,2.0,0.0,1.0,1.0,4.0,3.0,0.0,4.0,2.0,3.0,2.0,0.0,3.0,,3.0,4.0,0.0,3.0,,2.0,2.0,0.0,3.0,,4.0,3.0,2,2.0,2.0,2.0,1.0,3.0,2.0,0.0,2.0,4.0,3.0,0.0,,2.0,2.0,,0.0,4.0,,1.0,4.0,4.0,1.0,4.0,0.0,2.0,,,3.0,133,0.03,1.9611650485436893,-0.17986744268314964
3.0,3.0,3.0,1.0,1.0,3.0,,3.0,3.0,,2.0,3.0,0.0,,3.0,4.0,2.0,4.0,3.0,1.0,0.0,2.0,1.0,2.0,,,3.0,,5.0,4.0,0.0,,1.0,2.0,5.0,2.0,1.0,0.0,,0.0,1.0,2.0,4.0,5.0,1.0,3.0,2,3.0,3.0,4.0,2.0,3.0,4.0,0.0,3.0,4.0,4.0,,0.0,5.0,1.0,0.0,1.0,3.0,3.0,3.0,1.0,2.0,4.0,2.0,2.0,0.0,,0.0,4.0,134,0.03,2.323624595469256,-0.046698629243665794
1.0,3.0,3.0,1.0,0.0,6.0,6.0,3.0,4.0,2.0,4.0,5.0,2.0,0.0,2.0,5.0,,0.0,4.0,1.0,2.0,5.0,6.0,2.0,0.0,4.0,2.0,4.0,3.0,2.0,2.0,3.0,3.0,5.0,3.0,,6.0,3.0,0.0,0.0,1.0,3.0,4.0,6.0,5.0,2.0,2,2.0,0.0,5.0,0.0,2.0,4.0,6.0,5.0,,,6.0,,2.0,6.0,2.0,3.0,0.0,0.0,3.0,3.0,1.0,,5.0,,4.0,5.0,,4.0,135,0.03,2.6194415718717683,-0.18522719719033548
2.0,0.0,6.0,2.0,2.0,2.0,,4.0,5.0,4.0,2.0,,1.0,,2.0,4.0,3.0,4.0,3.0,0.0,2.0,4.0,2.0,3.0,0.0,1.0,4.0,5.0,0.0,5.0,4.0,5.0,3.0,5.0,6.0,1.0,1.0,6.0,,3.0,2.0,0.0,1.0,0.0,6.0,4.0,4,2.0,3.0,3.0,4.0,,2.0,0.0,1.0,0.0,3.0,0.0,,4.0,4.0,6.0,4.0,6.0,2.0,3.0,3.0,0.0,,4.0,6.0,4.0,,,3.0,136,0.03,2.662839248434238,-0.0941473422137724
0.0,2.0,2.0,4.0,2.0,0.0,,2.0,5.0,1.0,0.0,6.0,1.0,3.0,1.0,3.0,,3.0,6.0,2.0,3.0,0.0,1.0,1.0,,3.0,1.0,6.0,6.0,6.0,5.0,3.0,2.0,3.0,0.0,5.0,2.0,2.0,,3.0,5.0,2.0,4.0,,0.0,0.0,1,0.0,6.0,3.0,0.0,4.0,3.0,6.0,4.0,3.0,4.0,5.0,5.0,2.0,5.0,0.0,4.0,5.0,5.0,3.0,1.0,,3.0,3.0,2.0,,5.0,3.0,3.0,137,0.03,2.5,-0.2992918704312624
4.0,3.0,3.0,0.0,2.0,1.0,5.0,2.0,3.0,5.0,1.0,0.0,0.0,,4.0,1.0,,2.0,2.0,0.0,3.0,0.0,,3.0,0.0,3.0,3.0,,1.0,1.0,2.0,0.0,2.0,3.0,3.0,4.0,4.0,2.0,,4.0,3.0,3.0,2.0,0.0,2.0,3.0,0,2.0,2.0,3.0,,4.0,,3.0,4.0,2.0,4.0,2.0,,5.0,3.0,,3.0,2.0,1.0,3.0,5.0,2.0,4.0,2.0,3.0,2.0,0.0,,5.0,138,0.03,2.3056768558951966,0.10767798645622943
,5.0,3.0,2.0,1.0,0.0,,0.0,0.0,2.0,5.0,3.0,1.0,3.0,2.0,5.0,4.0,5.0,5.0,5.0,6.0,1.0,,3.0,5.0,3.0,1.0,3.0,0.0,,4.0,0.0,0.0,3.0,1.0,6.0,,3.0,4.0,6.0,0.0,1.0,3.0,4.0,5.0,3.0,4,5.0,5.0,1.0,0.0,,4.0,3.0,2.0,,1.0,0.0,3.0,5.0,3.0,4.0,,1.0,3.0,3.0,2.0,0.0,5.0,6.0,3.0,,5.0,,2.0,139,0.03,2.8966223132036846,-0.19975909993476346
4.0,0.0,2.0,1.0,3.0,4.0,,0.0,3.0,0.0,2.0,3.0,1.0,4.0,0.0,,,5.0,4.0,1.0,2.0,2.0,2.0,1.0,0.0,4.0,0.0,2.0,,3.0,2.0,1.0,1.0,5.0,5.0,1.0,3.0,2.0,3.0,2.0,4.0,0.0,2.0,2.0,3.0,2.0,0,1.0,3.0,2.0,0.0,0.0,,2.0,3.0,,3.0,5.0,3.0,3.0,3.0,4.0,1.0,3.0,2.0,3.0,,3.0,2.0,2.0,,4.0,,,5.0,140,0.03,2.369034994697773,-0.47829181863899445
3.0,0.0,2.0,3.0,2.0,0.0,,1.0,4.0,4.0,1.0,5.0,3.0,,3.0,0.0,,4.0,1.0,2.0,0.0,2.0,3.0,3.0,6.0,4.0,4.0,4.0,4.0,3.0,0.0,,2.0,6.0,3.0,3.0,0.0,1.0,2.0,4.0,3.0,0.0,2.0,6.0,3.0,2.0,3,0.0,5.0,1.0,2.0,4.0,5.0,1.0,5.0,2.0,1.0,6.0,0.0,6.0,5.0,5.0,6.0,3.0,,1.0,1.0,5.0,3.0,4.0,0.0,,,4.0,3.0,141,0.03,2.4927685950413223,-0.3011191503073517
0.0,2.0,1.0,0.0,3.0,0.0,5.0,2.0,1.0,3.0,2.0,5.0,3.0,5.0,4.0,2.0,0.0,5.0,2.0,3.0,3.0,1.0,,1.0,4.0,4.0,4.0,,,5.0,4.0,5.0,3.0,5.0,5.0,2.0,2.0,0.0,5.0,3.0,5.0,0.0,3.0,1.0,,4.0,3,0.0,5.0,3.0,1.0,3.0,5.0,3.0,3.0,4.0,0.0,1.0,0.0,5.0,5.0,4.0,2.0,0.0,2.0,1.0,,,5.0,5.0,,5.0,,4.0,2.0,142,0.03,2.3357438016528924,-0.25586073126901104
0.0,5.0,1.0,3.0,1.0,0.0,5.0,3.0,4.0,1.0,4.0,,3.0,3.0,3.0,6.0,,4.0,3.0,4.0,3.0,4.0,4.0,5.0,5.0,3.0,3.0,3.0,4.0,4.0,6.0,0.0,5.0,4.0,4.0,,5.0,0.0,5.0,4.0,,2.0,0.0,,0.0,2.0,3,2.0,0.0,4.0,5.0,4.0,,4.0,0.0,4.0,4.0,0.0,4.0,2.0,1.0,3.0,2.0,,6.0,1.0,2.0,,3.0,0.0,3.0,,2.0,,4.0,143,0.03,2.6174004192872116,-0.0796493055787158
2.0,4.0,2.0,4.0,3.0,0.0,3.0,4.0,4.0,4.0,2.0,2.0,3.0,,4.0,2.0,2.0,3.0,5.0,0.0,3.0,3.0,,3.0,0.0,4.0,3.0,5.0,5.0,5.0,4.0,2.0,5.0,1.0,5.0,3.0,3.0,4.0,,0.0,0.0,1.0,1.0,0.0,0.0,3.0,2,0.0,1.0,1.0,2.0,3.0,,5.0,3.0,0.0,1.0,5.0,3.0,3.0,3.0,,3.0,4.0,5.0,3.0,1.0,2.0,,4.0,0.0,3.0,,,1.0,144,0.03,2.2824025289778715,0.009829989951456293
6.0,5.0,3.0,2.0,0.0,3.0,,0.0,1.0,5.0,3.0,0.0,4.0,5.0,3.0,3.0,,2.0,6.0,2.0,4.0,3.0,4.0,2.0,4.0,4.0,3.0,6.0,0.0,3.0,3.0,4.0,3.0,,,5.0,1.0,5.0,4.0,0.0,4.0,1.0,0.0,4.0,0.0,3.0,3,3.0,1.0,4.0,2.0,6.0,2.0,5.0,,5.0,0.0,2.0,3.0,5.0,3.0,4.0,2.0,1.0,5.0,3.0,0.0,6.0,5.0,5.0,0.0,,,6.0,3.0,145,0.03,2.6182572614107884,-0.24916859951413434
,2.0,3.0,3.0,1.0,4.0,,1.0,1.0,2.0,2.0,4.0,3.0,,1.0,5.0,4.0,2.0,2.0,1.0,1.0,4.0,2.0,0.0,4.0,4.0,2.0,5.0,3.0,2.0,4.0,4.0,3.0,2.0,3.0,2.0,3.0,4.0,,2.0,1.0,2.0,0.0,,,0.0,1,4.0,3.0,2.0,3.0,0.0,2.0,5.0,1.0,,5.0,0.0,1.0,2.0,0.0,0.0,0.0,0.0,2.0,4.0,4.0,4.0,3.0,5.0,5.0,,2.0,0.0,4.0,146,0.03,2.200859291084855,-0.1504070513411646
2.0,2.0,2.0,3.0,5.0,4.0,3.0,4.0,1.0,0.0,1.0,3.0,1.0,2.0,2.0,1.0,,2.0,4.0,1.0,4.0,2.0,,2.0,,2.0,0.0,5.0,0.0,2.0,1.0,,0.0,4.0,3.0,4.0,5.0,1.0,5.0,0.0,2.0,3.0,3.0,3.0,1.0,1.0,4,5.0,0.0,1.0,2.0,0.0,0.0,3.0,0.0,0.0,3.0,3.0,3.0,3.0,1.0,2.0,3.0,5.0,3.0,3.0,,5.0,1.0,5.0,5.0,5.0,5.0,,1.0,147,0.03,2.3452256033578176,-0.2664346114148388
0.0,2.0,2.0,1.0,2.0,0.0,2.0,4.0,0.0,3.0,2.0,5.0,2.0,,2.0,4.0,5.0,4.0,4.0,3.0,6.0,6.0,3.0,0.0,2.0,1.0,3.0,5.0,6.0,4.0,4.0,4.0,4.0,3.0,3.0,1.0,3.0,0.0,5.0,3.0,2.0,5.0,0.0,,3.0,0.0,1,1.0,1.0,3.0,2.0,3.0,,3.0,0.0,,5.0,4.0,,3.0,2.0,4.0,0.0,,3.0,1.0,,,1.0,6.0,,0.0,3.0,6.0,4.0,148,0.03,2.6115107913669067,-0.34469836293838524
1.0,2.0,3.0,2.0,1.0,0.0,,1.0,1.0,2.0,1.0,3.0,2.0,3.0,3.0,3.0,,1.0,5.0,2.0,0.0,0.0,4.0,3.0,,0.0,3.0,3.0,5.0,,3.0,4.0,,5.0,2.0,2.0,3.0,3.0,5.0,1.0,3.0,1.0,1.0,5.0,0.0,1.0,0,3.0,4.0,3.0,2.0,3.0,2.0,0.0,1.0,,3.0,,3.0,1.0,0.0,2.0,1.0,,4.0,4.0,4.0,,5.0,5.0,,4.0,0.0,1.0,0.0,149,0.03,2.2494577006507592,-0.25295125256769596
1.0,4.0,3.0,5.0,6.0,5.0,5.0,7.0,6.0,7.0,5.0,4.0,2.0,,3.0,,,,5.0,3.0,0.0,,0.0,1.0,,4.0,1.0,7.0,5.0,3.0,0.0,4.0,6.0,4.0,6.0,0.0,4.0,2.0,3.0,3.0,2.0,0.0,3.0,,1.0,3.0,2,5.0,4.0,2.0,4.0,5.0,5.0,6.0,1.0,2.0,6.0,,3.0,4.0,2.0,0.0,4.0,5.0,0.0,6.0,0.0,0.0,1.0,0.0,2.0,,,3.0,2.0,150,0.03,2.9248496993987976,0.20855599303259648
,0.0,4.0,2.0,2.0,4.0,,0.0,3.0,5.0,1.0,3.0,3.0,1.0,2.0,0.0,,3.0,0.0,2.0,2.0,,0.0,4.0,5.0,4.0,3.0,5.0,0.0,4.0,5.0,3.0,,1.0,3.0,5.0,5.0,1.0,,2.0,2.0,1.0,2.0,4.0,4.0,3.0,3,2.0,3.0,3.0,1.0,4.0,0.0,3.0,1.0,2.0,5.0,4.0,2.0,4.0,0.0,4.0,2.0,4.0,2.0,3.0,0.0,3.0,,4.0,,3.0,,0.0,5.0,151,0.03,2.2460567823343847,-0.09095892307543008
3.0,6.0,3.0,4.0,0.0,4.0,,2.0,0.0,3.0,4.0,,0.0,,0.0,4.0,4.0,3.0,5.0,1.0,2.0,0.0,4.0,5.0,6.0,4.0,,4.0,5.0,,3.0,2.0,3.0,0.0,0.0,5.0,6.0,2.0,,2.0,,5.0,4.0,0.0,4.0,3.0,3,2.0,1.0,1.0,4.0,5.0,2.0,2.0,,4.0,3.0,6.0,6.0,1.0,1.0,6.0,5.0,2.0,2.0,2.0,3.0,0.0,1.0,0.0,,6.0,,3.0,1.0,152,0.03,2.7816326530612243,-0.20665178030279147
3.0,2.0,1.0,2.0,0.0,2.0,,1.0,3.0,3.0,1.0,2.0,1.0,0.0,5.0,6.0,3.0,2.0,0.0,0.0,2.0,1.0,,4.0,,4.0,3.0,4.0,4.0,2.0,6.0,2.0,3.0,4.0,3.0,,3.0,2.0,3.0,3.0,4.0,2.0,1.0,4.0,0.0,2.0,3,5.0,0.0,0.0,3.0,3.0,2.0,3.0,2.0,,2.0,4.0,4.0,0.0,,,5.0,4.0,0.0,2.0,4.0,5.0,6.0,,3.0,,,4.0,0.0,153,0.03,2.5726315789473686,-0.2578020019655493
2.0,3.0,0.0,0.0,2.0,0.0,0.0,2.0,1.0,3.0,2.0,1.0,1.0,0.0,4.0,3.0,0.0,,3.0,3.0,,3.0,3.0,4.0,,3.0,1.0,2.0,4.0,0.0,3.0,1.0,,2.0,3.0,2.0,3.0,2.0,3.0,1.0,0.0,1.0,4.0,,4.0,3.0,1,3.0,2.0,1.0,4.0,4.0,4.0,4.0,1.0,4.0,0.0,,4.0,,2.0,,,,3.0,4.0,4.0,3.0,2.0,4.0,2.0,,4.0,,0.0,154,0.03,2.1396825396825396,-0.07331777564634197
4.0,5.0,0.0,4.0,0.0,2.0,4.0,0.0,2.0,2.0,1.0,4.0,0.0,4.0,2.0,1.0,,2.0,1.0,3.0,4.0,3.0,2.0,4.0,,2.0,2.0,,5.0,,5.0,3.0,2.0,0.0,1.0,3.0,,1.0,3.0,1.0,2.0,1.0,3.0,,5.0,0.0,4,2.0,3.0,2.0,2.0,0.0,1.0,0.0,3.0,1.0,3.0,2.0,4.0,3.0,2.0,,2.0,3.0,0.0,2.0,3.0,3.0,0.0,,4.0,,5.0,,3.0,155,0.03,2.2502662406815763,-0.2942412999329198
,1.0,2.0,2.0,4.0,3.0,0.0,0.0,3.0,0.0,4.0,3.0,3.0,,5.0,3.0,5.0,2.0,0.0,3.0,6.0,4.0,5.0,2.0,5.0,3.0,3.0,,2.0,5.0,0.0,2.0,2.0,,5.0,0.0,2.0,5.0,6.0,3.0,3.0,1.0,1.0,6.0,6.0,2.0,4,5.0,5.0,1.0,2.0,2.0,5.0,0.0,2.0,5.0,4.0,,6.0,,3.0,,1.0,1.0,2.0,3.0,0.0,,5.0,0.0,4.0,,,0.0,3.0,156,0.03,2.6233230134158925,-0.2119904017982195
4.0,2.0,2.0,5.0,0.0,4.0,2.0,3.0,2.0,1.0,1.0,,4.0,0.0,3.0,2.0,,0.0,5.0,5.0,3.0,6.0,,2.0,5.0,4.0,0.0,2.0,,3.0,6.0,6.0,4.0,6.0,0.0,1.0,3.0,3.0,1.0,0.0,4.0,3.0,1.0,4.0,0.0,2.0,3,1.0,3.0,2.0,,2.0,5.0,5.0,2.0,4.0,2.0,6.0,0.0,6.0,2.0,3.0,2.0,0.0,,4.0,4.0,5.0,0.0,1.0,3.0,,,,4.0,157,0.03,2.706720977596741,-0.0379921202900329
4.0,3.0,3.0,0.0,6.0,4.0,2.0,4.0,4.0,4.0,6.0,3.0,,0.0,2.0,2.0,,3.0,2.0,1.0,,6.0,6.0,2.0,,2.0,4.0,0.0,1.0,5.0,6.0,3.0,0.0,3.0,0.0,2.0,6.0,2.0,,2.0,5.0,3.0,1.0,,0.0,6.0,4,5.0,3.0,1.0,1.0,2.0,5.0,0.0,2.0,6.0,,6.0,5.0,3.0,6.0,2.0,5.0,,0.0,2.0,3.0,6.0,4.0,0.0,,0.0,6.0,6.0,4.0,158,0.03,2.8509566968781472,-0.09351793001570806
1.0,0.0,2.0,3.0,1.0,1.0,2.0,2.0,2.0,1.0,3.0,4.0,3.0,,2.0,,0.0,0.0,4.0,0.0,3.0,,0.0,2.0,,4.0,3.0,3.0,,,3.0,1.0,3.0,3.0,2.0,3.0,0.0,2.0,4.0,4.0,3.0,1.0,0.0,5.0,3.0,2.0,3,3.0,4.0,3.0,2.0,,4.0,5.0,2.0,5.0,4.0,0.0,2.0,2.0,3.0,0.0,4.0,3.0,,3.0,0.0,4.0,4.0,5.0,,5.0,4.0,3.0,3.0,159,0.03,2.2010695187165776,-0.21392450569179774
3.0,3.0,2.0,2.0,1.0,0.0,,1.0,3.0,0.0,5.0,4.0,2.0,,4.0,1.0,4.0,2.0,,5.0,4.0,,,3.0,5.0,2.0,5.0,4.0,,0.0,4.0,4.0,5.0,0.0,4.0,,5.0,0.0,3.0,2.0,1.0,3.0,1.0,5.0,2.0,0.0,4,,3.0,0.0,2.0,5.0,,3.0,2.0,4.0,0.0,0.0,5.0,2.0,1.0,1.0,3.0,4.0,3.0,4.0,3.0,4.0,4.0,0.0,,,,5.0,4.0,160,0.03,2.5,-0.16381313749936088
3.0,4.0,3.0,4.0,1.0,,,0.0,4.0,0.0,2.0,,2.0,1.0,2.0,4.0,,3.0,2.0,2.0,1.0,0.0,1.0,3.0,3.0,2.0,1.0,3.0,2.0,2.0,0.0,,3.0,4.0,3.0,1.0,1.0,3.0,,2.0,4.0,2.0,1.0,3.0,1.0,1.0,0,1.0,3.0,0.0,2.0,2.0,,4.0,2.0,,0.0,,4.0,0.0,3.0,4.0,2.0,2.0,4.0,3.0,4.0,4.0,,0.0,,,0.0,3.0,2.0,161,0.03,2.096296296296296,-0.18492189862937658
,2.0,4.0,3.0,3.0,0.0,2.0,4.0,2.0,2.0,5.0,5.0,3.0,4.0,0.0,5.0,,4.0,3.0,2.0,0.0,0.0,,4.0,3.0,0.0,4.0,2.0,,0.0,3.0,3.0,0.0,,0.0,5.0,2.0,2.0,5.0,1.0,4.0,5.0,2.0,,4.0,3.0,3,3.0,3.0,4.0,2.0,4.0,5.0,3.0,3.0,,3.0,3.0,,5.0,,5.0,,1.0,0.0,3.0,4.0,4.0,5.0,4.0,,,0.0,3.0,4.0,162,0.03,2.2735042735042734,-0.1558550771391552
4.0,3.0,3.0,2.0,4.0,4.0,5.0,1.0,4.0,5.0,2.0,5.0,4.0,3.0,4.0,,3.0,5.0,4.0,2.0,5.0,3.0,0.0,1.0,3.0,4.0,1.0,4.0,4.0,0.0,3.0,3.0,2.0,,0.0,2.0,4.0,1.0,0.0,1.0,0.0,1.0,2.0,5.0,,2.0,0,,3.0,0.0,5.0,3.0,4.0,0.0,3.0,2.0,3.0,3.0,5.0,0.0,,3.0,,3.0,4.0,4.0,0.0,,3.0,,1.0,,,,3.0,163,0.03,2.402061855670103,-0.15888645484051897
2.0,2.0,2.0,2.0,1.0,2.0,2.0,2.0,,1.0,0.0,,3.0,2.0,0.0,5.0,,,3.0,0.0,4.0,1.0,2.0,4.0,,3.0,0.0,3.0,1.0,,2.0,1.0,4.0,1.0,0.0,,2.0,5.0,,0.0,1.0,1.0,1.0,4.0,4.0,0.0,0,3.0,0.0,1.0,3.0,1.0,3.0,2.0,2.0,3.0,2.0,4.0,3.0,,,3.0,0.0,1.0,2.0,4.0,,5.0,4.0,4.0,4.0,4.0,2.0,4.0,4.0,164,0.03,2.528735632183908,-0.42812028564582444
,3.0,6.0,3.0,0.0,4.0,1.0,5.0,0.0,3.0,5.0,1.0,2.0,,4.0,4.0,2.0,6.0,3.0,3.0,0.0,4.0,5.0,3.0,0.0,5.0,2.0,,3.0,6.0,0.0,0.0,,,3.0,,,0.0,,4.0,0.0,5.0,2.0,6.0,5.0,2.0,3,1.0,5.0,3.0,5.0,6.0,5.0,1.0,3.0,1.0,1.0,6.0,5.0,1.0,6.0,4.0,6.0,6.0,2.0,0.0,5.0,,5.0,,0.0,,6.0,2.0,6.0,165,0.03,2.949290060851927,-0.23119826443423494
,1.0,2.0,5.0,1.0,1.0,5.0,3.0,0.0,1.0,1.0,5.0,4.0,0.0,1.0,4.0,,4.0,3.0,1.0,3.0,3.0,,2.0,,4.0,2.0,5.0,,0.0,5.0,5.0,4.0,4.0,1.0,4.0,5.0,1.0,,0.0,0.0,4.0,3.0,2.0,5.0,1.0,2,0.0,3.0,3.0,2.0,3.0,2.0,1.0,1.0,,2.0,2.0,2.0,1.0,4.0,0.0,5.0,,0.0,2.0,4.0,5.0,5.0,0.0,4.0,2.0,,0.0,3.0,166,0.03,2.402502606882169,-0.12796993798683265
1.0,5.0,0.0,3.0,4.0,,4.0,3.0,0.0,3.0,2.0,5.0,2.0,0.0,3.0,3.0,4.0,4.0,2.0,2.0,2.0,6.0,,4.0,,4.0,5.0,1.0,0.0,0.0,5.0,0.0,0.0,,6.0,3.0,2.0,3.0,4.0,4.0,4.0,0.0,1.0,5.0,,5.0,4,6.0,3.0,1.0,3.0,5.0,2.0,4.0,2.0,3.0,1.0,6.0,4.0,3.0,6.0,4.0,5.0,1.0,6.0,3.0,5.0,1.0,,0.0,5.0,,3.0,2.0,0.0,167,0.03,2.6349693251533743,-0.003837127662165218
,2.0,1.0,5.0,1.0,3.0,3.0,5.0,2.0,3.0,2.0,5.0,4.0,,0.0,2.0,,,0.0,0.0,,5.0,5.0,2.0,,2.0,1.0,2.0,4.0,4.0,3.0,1.0,3.0,4.0,4.0,4.0,3.0,1.0,,5.0,1.0,2.0,4.0,,5.0,3.0,4,5.0,3.0,4.0,2.0,,0.0,1.0,2.0,1.0,0.0,3.0,0.0,3.0,4.0,5.0,3.0,0.0,0.0,4.0,2.0,,0.0,,5.0,,3.0,0.0,1.0,168,0.03,2.4244604316546763,-0.008502215281500204
2.0,2.0,0.0,2.0,5.0,,,2.0,4.0,3.0,2.0,,1.0,1.0,3.0,5.0,,0.0,4.0,1.0,5.0,2.0,4.0,5.0,5.0,3.0,3.0,5.0,,0.0,5.0,0.0,,1.0,3.0,4.0,0.0,5.0,3.0,4.0,,4.0,3.0,3.0,1.0,1.0,4,2.0,3.0,1.0,1.0,0.0,,3.0,0.0,4.0,2.0,3.0,4.0,3.0,0.0,2.0,0.0,5.0,4.0,3.0,3.0,,5.0,,2.0,0.0,,,4.0,169,0.03,2.4276923076923076,-0.04447797675437478
3.0,4.0,0.0,3.0,1.0,1.0,,3.0,4.0,1.0,1.0,2.0,3.0,,3.0,3.0,,3.0,3.0,1.0,3.0,0.0,3.0,3.0,6.0,2.0,4.0,0.0,6.0,0.0,3.0,2.0,3.0,6.0,3.0,4.0,3.0,2.0,,2.0,2.0,2.0,0.0,,4.0,2.0,2,0.0,3.0,2.0,0.0,6.0,6.0,3.0,2.0,4.0,1.0,4.0,,0.0,6.0,,1.0,4.0,0.0,3.0,0.0,4.0,4.0,5.0,5.0,5.0,,,5.0,170,0.03,2.407684098185699,-0.36739643982463227
3.0,0.0,5.0,2.0,2.0,5.0,4.0,3.0,4.0,4.0,6.0,0.0,2.0,,2.0,0.0,5.0,2.0,3.0,3.0,6.0,1.0,2.0,4.0,,2.0,2.0,3.0,0.0,4.0,1.0,3.0,3.0,0.0,1.0,4.0,2.0,1.0,,3.0,1.0,2.0,4.0,,2.0,1.0,1,0.0,1.0,1.0,3.0,6.0,5.0,2.0,0.0,,6.0,,5.0,0.0,6.0,2.0,2.0,2.0,2.0,3.0,0.0,6.0,3.0,6.0,0.0,4.0,4.0,3.0,2.0,171,0.03,2.481675392670157,-0.17348098099579937
0.0,2.0,3.0,3.0,4.0,5.0,5.0,2.0,3.0,2.0,0.0,2.0,1.0,4.0,2.0,,,0.0,0.0,2.0,3.0,3.0,4.0,4.0,2.0,3.0,3.0,2.0,,0.0,5.0,3.0,4.0,4.0,2.0,3.0,5.0,0.0,4.0,2.0,1.0,5.0,2.0,4.0,3.0,4.0,3,1.0,4.0,3.0,4.0,0.0,4.0,3.0,1.0,,0.0,,,5.0,1.0,4.0,3.0,0.0,1.0,4.0,3.0,5.0,3.0,3.0,3.0,,4.0,5.0,0.0,172,0.03,2.219279661016949,-0.16691845038283729
5.0,0.0,5.0,3.0,5.0,2.0,2.0,3.0,0.0,1.0,4.0,4.0,5.0,6.0,1.0,5.0,,5.0,3.0,3.0,0.0,2.0,5.0,3.0,,6.0,2.0,0.0,,3.0,4.0,2.0,1.0,3.0,4.0,0.0,4.0,2.0,,0.0,3.0,0.0,2.0,0.0,5.0,,3,5.0,3.0,4.0,1.0,,,5.0,1.0,0.0,,5.0,6.0,5.0,4.0,6.0,,4.0,6.0,2.0,5.0,,3.0,,5.0,0.0,5.0,4.0,,173,0.03,2.8623481781376516,-0.22646427961229038
2.0,2.0,0.0,3.0,4.0,5.0,2.0,1.0,1.0,2.0,1.0,,2.0,5.0,0.0,5.0,,3.0,2.0,,2.0,0.0,0.0,2.0,3.0,3.0,0.0,,1.0,,3.0,4.0,2.0,5.0,0.0,2.0,3.0,3.0,1.0,4.0,4.0,5.0,1.0,,,3.0,2,3.0,1.0,3.0,0.0,4.0,,0.0,0.0,4.0,2.0,4.0,4.0,4.0,5.0,,2.0,5.0,3.0,5.0,4.0,5.0,4.0,4.0,4.0,,,0.0,2.0,174,0.03,2.4582463465553235,-0.21450440053678557
5.0,5.0,0.0,4.0,4.0,3.0,6.0,4.0,4.0,1.0,4.0,1.0,4.0,0.0,3.0,4.0,0.0,5.0,5.0,3.0,5.0,5.0,,5.0,2.0,0.0,3.0,4.0,3.0,,0.0,0.0,1.0,,4.0,6.0,0.0,6.0,4.0,3.0,5.0,3.0,5.0,6.0,1.0,4.0,3,3.0,2.0,3.0,5.0,3.0,0.0,3.0,3.0,,0.0,4.0,,2.0,2.0,4.0,1.0,,5.0,5.0,2.0,4.0,2.0,4.0,0.0,,,6.0,2.0,175,0.03,2.516913319238901,0.014945054329097771
3.0,4.0,0.0,3.0,1.0,4.0,,0.0,3.0,2.0,2.0,3.0,3.0,,4.0,4.0,4.0,2.0,2.0,2.0,4.0,2.0,4.0,0.0,4.0,2.0,3.0,3.0,,,1.0,3.0,0.0,0.0,1.0,3.0,2.0,3.0,,0.0,2.0,1.0,4.0,,3.0,2.0,3,1.0,0.0,2.0,3.0,1.0,2.0,2.0,1.0,0.0,3.0,,3.0,4.0,0.0,3.0,3.0,1.0,,3.0,0.0,2.0,4.0,2.0,3.0,,4.0,2.0,2.0,176,0.03,1.9359823399558498,-0.1628661387353995
,3.0,4.0,3.0,2.0,2.0,,5.0,1.0,1.0,3.0,0.0,3.0,5.0,4.0,4.0,4.0,4.0,4.0,2.0,4.0,1.0,,3.0,4.0,2.0,1.0,1.0,5.0,,0.0,2.0,2.0,,0.0,2.0,3.0,2.0,4.0,2.0,1.0,3.0,3.0,0.0,,3.0,0,3.0,1.0,3.0,2.0,0.0,5.0,1.0,3.0,4.0,4.0,1.0,5.0,3.0,4.0,,5.0,5.0,3.0,0.0,5.0,0.0,2.0,0.0,,,1.0,0.0,5.0,177,0.03,2.2247658688865766,-0.09173091050301913
6.0,2.0,1.0,4.0,1.0,0.0,6.0,5.0,3.0,4.0,2.0,2.0,5.0,0.0,1.0,4.0,,2.0,0.0,3.0,4.0,5.0,3.0,4.0,,3.0,3.0,4.0,6.0,0.0,3.0,4.0,4.0,0.0,5.0,6.0,4.0,1.0,0.0,6.0,3.0,0.0,2.0,,4.0,3.0,4,4.0,5.0,5.0,0.0,6.0,6.0,0.0,3.0,5.0,0.0,3.0,5.0,4.0,4.0,5.0,2.0,2.0,2.0,2.0,,,2.0,,4.0,5.0,5.0,5.0,,178,0.03,2.5739219712525667,-0.1767339727351896
,4.0,0.0,3.0,3.0,,5.0,3.0,3.0,2.0,5.0,5.0,5.0,5.0,4.0,1.0,,0.0,2.0,3.0,5.0,0.0,5.0,5.0,3.0,3.0,3.0,5.0,,,6.0,2.0,3.0,0.0,4.0,0.0,3.0,5.0,5.0,5.0,,5.0,6.0,,2.0,5.0,6,4.0,5.0,1.0,0.0,0.0,5.0,3.0,5.0,0.0,4.0,4.0,0.0,5.0,,,5.0,6.0,,4.0,4.0,6.0,0.0,5.0,5.0,,,6.0,4.0,179,0.03,2.6715328467153285,-0.09887994126277405
2.0,2.0,1.0,3.0,0.0,4.0,3.0,5.0,0.0,4.0,2.0,,2.0,3.0,2.0,0.0,,5.0,2.0,3.0,1.0,3.0,3.0,3.0,,3.0,2.0,5.0,,5.0,,1.0,0.0,4.0,3.0,3.0,,3.0,4.0,0.0,5.0,4.0,0.0,0.0,5.0,0.0,1,1.0,5.0,5.0,1.0,3.0,3.0,3.0,3.0,4.0,1.0,1.0,1.0,0.0,2.0,0.0,1.0,4.0,1.0,2.0,5.0,4.0,3.0,3.0,1.0,4.0,,,3.0,180,0.03,2.347962382445141,-0.2049015292781502
,1.0,5.0,,2.0,,0.0,2.0,4.0,4.0,3.0,1.0,3.0,0.0,0.0,4.0,0.0,1.0,,2.0,3.0,4.0,0.0,2.0,1.0,5.0,4.0,3.0,5.0,1.0,1.0,5.0,3.0,3.0,2.0,5.0,3.0,2.0,5.0,0.0,5.0,3.0,5.0,3.0,3.0,3.0,0,3.0,1.0,4.0,2.0,2.0,4.0,1.0,0.0,2.0,,5.0,3.0,4.0,2.0,,3.0,5.0,,4.0,5.0,4.0,5.0,0.0,,,,0.0,4.0,181,0.03,2.390269151138716,0.08702962152443328
6.0,2.0,4.0,3.0,6.0,5.0,6.0,1.0,3.0,2.0,3.0,0.0,2.0,0.0,4.0,1.0,,4.0,4.0,3.0,3.0,4.0,4.0,3.0,5.0,3.0,0.0,4.0,5.0,6.0,3.0,6.0,,6.0,2.0,1.0,4.0,0.0,6.0,0.0,3.0,5.0,3.0,,,0.0,3,0.0,,1.0,2.0,1.0,0.0,0.0,2.0,1.0,2.0,4.0,4.0,3.0,0.0,4.0,6.0,5.0,2.0,6.0,4.0,,6.0,2.0,2.0,3.0,4.0,2.0,4.0,182,0.03,2.710174717368962,-0.24296653177535169
3.0,6.0,3.0,3.0,3.0,3.0,2.0,,4.0,3.0,0.0,0.0,1.0,1.0,2.0,5.0,,4.0,6.0,3.0,3.0,3.0,6.0,4.0,,3.0,0.0,3.0,,0.0,6.0,1.0,1.0,1.0,1.0,,3.0,1.0,2.0,5.0,0.0,4.0,2.0,,1.0,4.0,0,4.0,6.0,4.0,4.0,3.0,6.0,5.0,4.0,4.0,4.0,3.0,6.0,2.0,4.0,0.0,1.0,5.0,5.0,2.0,3.0,4.0,3.0,0.0,,0.0,3.0,6.0,0.0,183,0.03,2.6287487073422957,0.02357350209267749
5.0,4.0,4.0,3.0,,,5.0,0.0,1.0,5.0,,4.0,1.0,,3.0,0.0,2.0,5.0,0.0,1.0,1.0,6.0,4.0,1.0,,4.0,1.0,3.0,2.0,3.0,,0.0,0.0,2.0,4.0,3.0,3.0,2.0,2.0,3.0,4.0,5.0,3.0,0.0,6.0,0.0,3,2.0,2.0,1.0,3.0,2.0,5.0,0.0,5.0,,2.0,0.0,5.0,3.0,,,5.0,1.0,3.0,1.0,3.0,4.0,2.0,,3.0,6.0,0.0,5.0,4.0,184,0.03,2.749238578680203,-0.1585639942663058
4.0,1.0,2.0,2.0,2.0,1.0,4.0,1.0,1.0,3.0,1.0,3.0,0.0,4.0,2.0,0.0,,2.0,3.0,1.0,4.0,2.0,3.0,1.0,1.0,3.0,0.0,2.0,4.0,0.0,3.0,4.0,3.0,2.0,2.0,0.0,4.0,1.0,3.0,3.0,4.0,0.0,2.0,2.0,3.0,3.0,1,0.0,,0.0,3.0,1.0,4.0,2.0,1.0,3.0,3.0,,2.0,2.0,,4.0,4.0,4.0,,2.0,,,4.0,,0.0,,0.0,,,185,0.03,2.07379679144385,-0.3098188481362465
1.0,2.0,2.0,1.0,1.0,2.0,4.0,3.0,4.0,2.0,5.0,4.0,2.0,3.0,,5.0,0.0,5.0,4.0,3.0,3.0,,,0.0,2.0,4.0,4.0,5.0,0.0,0.0,4.0,1.0,0.0,3.0,3.0,,4.0,2.0,5.0,4.0,3.0,2.0,1.0,0.0,4.0,1.0,4,1.0,3.0,4.0,,2.0,0.0,2.0,2.0,,2.0,5.0,5.0,0.0,1.0,4.0,3.0,,2.0,3.0,0.0,3.0,3.0,0.0,,5.0,5.0,5.0,2.0,186,0.03,2.3250259605399792,-0.11979891214631708
,4.0,2.0,2.0,0.0,4.0,0.0,4.0,1.0,1.0,5.0,4.0,4.0,0.0,6.0,4.0,,3.0,3.0,4.0,,0.0,7.0,3.0,4.0,4.0,4.0,0.0,4.0,0.0,3.0,3.0,,5.0,6.0,2.0,0.0,5.0,,2.0,6.0,2.0,3.0,,,4.0,2,1.0,5.0,3.0,2.0,3.0,3.0,4.0,0.0,0.0,5.0,,,3.0,7.0,7.0,5.0,3.0,6.0,0.0,4.0,,4.0,3.0,7.0,6.0,1.0,3.0,2.0,187,0.03,2.81947261663286,-0.10618608211900844
4.0,3.0,2.0,4.0,0.0,4.0,3.0,5.0,1.0,2.0,1.0,3.0,1.0,,0.0,,2.0,3.0,3.0,0.0,1.0,0.0,2.0,2.0,,3.0,3.0,1.0,1.0,,3.0,3.0,3.0,1.0,0.0,1.0,2.0,0.0,,3.0,3.0,3.0,0.0,3.0,1.0,3.0,0,1.0,0.0,2.0,2.0,,2.0,3.0,1.0,3.0,4.0,,5.0,5.0,0.0,4.0,5.0,1.0,5.0,2.0,1.0,3.0,,3.0,1.0,,1.0,4.0,2.0,188,0.03,2.3535031847133756,-0.1694167176501056
4.0,1.0,3.0,1.0,2.0,1.0,3.0,3.0,5.0,0.0,0.0,4.0,1.0,,0.0,6.0,5.0,3.0,3.0,1.0,0.0,2.0,0.0,6.0,6.0,2.0,4.0,,5.0,6.0,1.0,3.0,3.0,5.0,1.0,5.0,2.0,3.0,,2.0,4.0,3.0,4.0,0.0,2.0,4.0,3,2.0,0.0,4.0,0.0,5.0,4.0,3.0,2.0,2.0,1.0,5.0,6.0,4.0,3.0,0.0,5.0,,2.0,1.0,6.0,,5.0,,0.0,,2.0,2.0,1.0,189,0.03,2.51129363449692,-0.2264994473200146
1.0,4.0,3.0,2.0,3.0,5.0,4.0,3.0,3.0,2.0,2.0,,2.0,2.0,0.0,0.0,4.0,0.0,1.0,2.0,2.0,5.0,5.0,0.0,2.0,0.0,1.0,2.0,0.0,5.0,3.0,1.0,3.0,0.0,4.0,2.0,1.0,3.0,,3.0,2.0,1.0,2.0,,4.0,2.0,5,2.0,5.0,3.0,3.0,1.0,4.0,4.0,4.0,,0.0,4.0,5.0,4.0,3.0,,2.0,3.0,5.0,0.0,3.0,2.0,0.0,5.0,,,,,1.0,190,0.03,2.261146496815287,-0.19868382830262185
6.0,3.0,4.0,3.0,0.0,3.0,5.0,0.0,4.0,4.0,4.0,0.0,1.0,,3.0,6.0,,1.0,3.0,2.0,6.0,2.0,4.0,,5.0,4.0,1.0,4.0,,6.0,,2.0,2.0,5.0,2.0,2.0,5.0,0.0,5.0,4.0,0.0,0.0,1.0,0.0,4.0,4.0,2,0.0,3.0,3.0,3.0,5.0,2.0,1.0,0.0,2.0,1.0,3.0,0.0,3.0,,,6.0,5.0,3.0,1.0,1.0,4.0,5.0,,3.0,5.0,,6.0,3.0,191,0.03,2.706365503080082,-0.3867354821624644
,3.0,2.0,,0.0,4.0,,1.0,2.0,0.0,2.0,2.0,1.0,3.0,4.0,4.0,3.0,0.0,3.0,4.0,,3.0,4.0,4.0,2.0,3.0,4.0,,0.0,,0.0,5.0,,5.0,0.0,5.0,2.0,5.0,1.0,1.0,2.0,4.0,4.0,,3.0,5.0,2,1.0,0.0,3.0,0.0,3.0,0.0,4.0,1.0,3.0,5.0,3.0,1.0,3.0,4.0,,3.0,2.0,4.0,5.0,0.0,,,5.0,5.0,,3.0,4.0,2.0,192,0.03,2.493305870236869,-0.025321238187634324
3.0,1.0,2.0,3.0,2.0,4.0,0.0,4.0,3.0,2.0,1.0,1.0,2.0,1.0,2.0,2.0,4.0,2.0,5.0,2.0,5.0,3.0,1.0,5.0,5.0,5.0,,1.0,,,2.0,3.0,0.0,1.0,1.0,3.0,3.0,2.0,,2.0,,1.0,2.0,,3.0,5.0,1,0.0,,3.0,3.0,2.0,0.0,0.0,1.0,3.0,3.0,,0.0,5.0,0.0,0.0,4.0,3.0,,5.0,,1.0,1.0,5.0,0.0,,4.0,4.0,0.0,193,0.03,2.4312696747114377,0.06268184387353107
,3.0,2.0,4.0,1.0,3.0,4.0,4.0,1.0,5.0,5.0,2.0,0.0,0.0,2.0,5.0,,5.0,,6.0,0.0,2.0,4.0,,,3.0,4.0,4.0,,3.0,3.0,1.0,0.0,5.0,1.0,0.0,3.0,2.0,,2.0,2.0,0.0,4.0,1.0,,4.0,4,0.0,3.0,5.0,5.0,0.0,5.0,5.0,4.0,6.0,6.0,1.0,6.0,0.0,,6.0,,,5.0,1.0,6.0,6.0,1.0,3.0,2.0,5.0,3.0,0.0,4.0,194,0.03,2.83030303030303,-0.0521615995270867
0.0,1.0,0.0,2.0,2.0,6.0,4.0,4.0,3.0,3.0,6.0,5.0,5.0,6.0,6.0,3.0,,6.0,3.0,2.0,4.0,5.0,2.0,,,2.0,5.0,6.0,6.0,3.0,3.0,,0.0,2.0,0.0,3.0,4.0,1.0,,3.0,3.0,0.0,1.0,0.0,4.0,4.0,4,0.0,5.0,1.0,0.0,1.0,0.0,1.0,3.0,1.0,,3.0,4.0,2.0,,2.0,1.0,4.0,5.0,3.0,4.0,4.0,2.0,4.0,,6.0,0.0,3.0,1.0,195,0.03,2.7619532044760935,-0.20064318215822483
4.0,2.0,2.0,4.0,3.0,0.0,3.0,1.0,4.0,4.0,,1.0,2.0,,3.0,,,5.0,2.0,3.0,3.0,4.0,3.0,0.0,4.0,5.0,4.0,0.0,2.0,5.0,2.0,3.0,3.0,2.0,4.0,4.0,0.0,1.0,,3.0,3.0,2.0,4.0,,4.0,4.0,5,3.0,4.0,1.0,2.0,5.0,3.0,4.0,3.0,2.0,3.0,5.0,3.0,,0.0,0.0,2.0,0.0,0.0,2.0,3.0,5.0,1.0,0.0,0.0,5.0,4.0,5.0,5.0,196,0.03,2.108626198083067,-0.025251880365313936
0.0,3.0,5.0,5.0,2.0,4.0,6.0,3.0,3.0,,4.0,0.0,1.0,,6.0,3.0,0.0,,5.0,2.0,5.0,0.0,0.0,2.0,2.0,3.0,4.0,,0.0,4.0,1.0,1.0,4.0,6.0,4.0,,3.0,3.0,6.0,1.0,1.0,6.0,2.0,5.0,0.0,6.0,1,2.0,4.0,3.0,2.0,4.0,3.0,3.0,2.0,2.0,3.0,4.0,1.0,0.0,1.0,0.0,1.0,4.0,3.0,3.0,4.0,1.0,5.0,5.0,,,,2.0,0.0,197,0.03,2.5216494845360824,0.07395684111291329
,3.0,3.0,4.0,4.0,,4.0,0.0,1.0,1.0,5.0,2.0,1.0,,3.0,2.0,,2.0,3.0,2.0,,2.0,5.0,2.0,4.0,1.0,2.0,1.0,2.0,4.0,3.0,4.0,3.0,5.0,1.0,,0.0,0.0,0.0,1.0,1.0,1.0,2.0,,3.0,3.0,1,4.0,,2.0,2.0,,3.0,0.0,4.0,2.0,5.0,0.0,1.0,4.0,2.0,4.0,,0.0,2.0,0.0,4.0,0.0,1.0,,0.0,,2.0,3.0,3.0,198,0.03,2.3825995807127884,-0.011490625686501377
5.0,3.0,4.0,3.0,1.0,4.0,3.0,4.0,2.0,3.0,4.0,,2.0,6.0,5.0,0.0,0.0,2.0,5.0,2.0,3.0,,2.0,2.0,,5.0,4.0,,6.0,6.0,0.0,0.0,5.0,3.0,5.0,6.0,4.0,3.0,4.0,0.0,6.0,5.0,2.0,0.0,3.0,1.0,3,1.0,4.0,1.0,1.0,1.0,6.0,5.0,3.0,,3.0,0.0,2.0,3.0,6.0,,1.0,4.0,0.0,0.0,1.0,,,1.0,0.0,6.0,1.0,4.0,3.0,199,0.03,2.630831643002028,-0.11196541232795766
