0,1,2,3,4,5,6,7,8,9,10,11,12,13,14,15,16,17,18,19,20,21,22,23,24,25,26,27,28,29,30,31,32,33,34,35,36,37,38,39,40,41,42,43,44,45,46,47,48,49,50,51,52,53,54,55,56,57,58,59,60,61,62,63,64,65,66,67,68,69,70,71,72,73,74,75,76,77,78,79,80,81,82,83,84,85,86,87,88,89,90,91,seed,simple_param,EPH,corr
3.0,6.0,0.0,,5.0,4.0,4.0,5.0,1.0,2.0,3.0,2.0,4.0,0.0,2.0,2.0,0.0,3.0,6.0,4.0,5.0,6.0,0.0,6.0,0.0,5.0,6.0,1.0,2.0,5.0,5.0,3.0,1.0,0.0,2.0,2.0,5.0,1.0,3.0,5.0,1.0,3.0,4.0,2.0,2.0,6.0,5.0,4.0,3.0,3.0,4.0,,4.0,5.0,6.0,4.0,,4.0,1.0,,0.0,1.0,6.0,4.0,,2,5.0,,0.0,6.0,2.0,5.0,,5.0,,4.0,0.0,3.0,1.0,3.0,0.0,6.0,6.0,,,3.0,4.0,4.0,5.0,,6.0,6.0,0,0.05,2.738244514106583,-0.24159729895946924
4.0,5.0,4.0,6.0,1.0,5.0,6.0,2.0,4.0,5.0,5.0,4.0,3.0,5.0,,2.0,2.0,1.0,6.0,3.0,5.0,2.0,3.0,6.0,2.0,,5.0,2.0,2.0,3.0,3.0,3.0,2.0,2.0,4.0,5.0,,,2.0,0.0,5.0,2.0,5.0,5.0,0.0,,6.0,5.0,5.0,,5.0,3.0,6.0,0.0,0.0,4.0,0.0,5.0,3.0,0.0,4.0,3.0,1.0,2.0,3.0,3,5.0,1.0,4.0,,2.0,,6.0,0.0,0.0,,2.0,1.0,,4.0,6.0,0.0,3.0,3.0,0.0,3.0,3.0,1.0,4.0,,,,1,0.05,2.63020030816641,-0.03844320016004226
7.0,4.0,0.0,,4.0,3.0,1.0,6.0,4.0,6.0,4.0,6.0,2.0,0.0,0.0,5.0,0.0,1.0,4.0,2.0,4.0,0.0,5.0,0.0,3.0,5.0,3.0,1.0,3.0,7.0,7.0,7.0,,1.0,6.0,0.0,7.0,4.0,3.0,6.0,,7.0,,4.0,3.0,3.0,,3.0,2.0,2.0,,5.0,2.0,5.0,3.0,4.0,0.0,7.0,4.0,4.0,6.0,,1.0,4.0,6.0,2,,5.0,2.0,,4.0,0.0,3.0,5.0,5.0,2.0,4.0,5.0,6.0,5.0,2.0,1.0,5.0,2.0,0.0,3.0,5.0,2.0,,,2.0,,2,0.05,2.9708141321044548,-0.07368985506813285
,,4.0,,4.0,3.0,2.0,2.0,5.0,0.0,4.0,5.0,5.0,4.0,6.0,5.0,6.0,,3.0,2.0,4.0,7.0,5.0,7.0,2.0,5.0,5.0,4.0,4.0,7.0,3.0,6.0,,,5.0,1.0,7.0,7.0,5.0,5.0,4.0,5.0,6.0,1.0,3.0,0.0,5.0,4.0,3.0,2.0,4.0,6.0,0.0,3.0,1.0,0.0,7.0,3.0,0.0,4.0,,5.0,3.0,,5.0,2,3.0,2.0,0.0,6.0,0.0,6.0,1.0,6.0,,5.0,7.0,3.0,3.0,1.0,,4.0,4.0,3.0,0.0,0.0,5.0,2.0,3.0,7.0,0.0,,3,0.05,2.8676236044657095,-0.2781974267299414
6.0,,1.0,4.0,6.0,4.0,4.0,7.0,3.0,4.0,0.0,6.0,7.0,0.0,0.0,6.0,4.0,3.0,1.0,2.0,3.0,7.0,3.0,3.0,2.0,4.0,4.0,3.0,2.0,5.0,3.0,5.0,5.0,7.0,7.0,0.0,,2.0,5.0,3.0,6.0,1.0,4.0,1.0,3.0,4.0,4.0,0.0,4.0,2.0,4.0,,,0.0,6.0,6.0,5.0,4.0,3.0,2.0,7.0,4.0,0.0,4.0,3.0,5,,3.0,0.0,,,3.0,,3.0,5.0,,2.0,2.0,2.0,4.0,0.0,6.0,4.0,5.0,5.0,1.0,5.0,3.0,5.0,0.0,3.0,,4,0.05,2.823343848580442,-0.07156463561652962
4.0,,4.0,3.0,2.0,5.0,4.0,3.0,2.0,1.0,0.0,5.0,5.0,2.0,3.0,4.0,4.0,6.0,2.0,3.0,0.0,1.0,3.0,6.0,,,4.0,3.0,0.0,6.0,2.0,2.0,3.0,5.0,0.0,1.0,5.0,0.0,3.0,6.0,0.0,4.0,1.0,2.0,4.0,5.0,5.0,6.0,5.0,0.0,4.0,,0.0,,0.0,1.0,,4.0,4.0,5.0,4.0,3.0,5.0,6.0,,3,,4.0,4.0,,3.0,5.0,5.0,4.0,0.0,3.0,1.0,3.0,4.0,2.0,,6.0,2.0,6.0,6.0,5.0,1.0,2.0,6.0,,,,5,0.05,2.521462639109698,-0.16329928542376293
0.0,,2.0,,5.0,5.0,2.0,8.0,4.0,7.0,6.0,4.0,6.0,4.0,6.0,4.0,2.0,7.0,6.0,2.0,0.0,6.0,1.0,0.0,4.0,6.0,3.0,4.0,1.0,6.0,0.0,4.0,7.0,2.0,2.0,4.0,3.0,0.0,0.0,0.0,1.0,8.0,3.0,1.0,5.0,5.0,5.0,5.0,3.0,5.0,8.0,,7.0,,1.0,0.0,,,7.0,0.0,3.0,3.0,4.0,1.0,0.0,4,7.0,4.0,3.0,4.0,6.0,8.0,2.0,4.0,8.0,3.0,4.0,4.0,8.0,3.0,5.0,8.0,7.0,3.0,2.0,7.0,6.0,4.0,5.0,8.0,5.0,,6,0.05,3.2538940809968846,-0.20354382983452857
,4.0,4.0,6.0,4.0,3.0,2.0,3.0,3.0,2.0,2.0,3.0,6.0,4.0,,0.0,4.0,6.0,0.0,1.0,3.0,6.0,0.0,3.0,2.0,,4.0,1.0,4.0,,2.0,5.0,5.0,3.0,4.0,3.0,5.0,0.0,4.0,1.0,3.0,5.0,2.0,0.0,1.0,5.0,,4.0,6.0,5.0,3.0,,4.0,5.0,1.0,5.0,4.0,,0.0,4.0,6.0,4.0,0.0,1.0,,3,0.0,2.0,2.0,6.0,5.0,,3.0,6.0,,3.0,4.0,2.0,0.0,3.0,6.0,2.0,0.0,3.0,2.0,1.0,3.0,1.0,3.0,,3.0,,7,0.05,2.737678855325914,-0.31212935984075246
,0.0,6.0,0.0,5.0,6.0,6.0,2.0,6.0,3.0,7.0,0.0,0.0,6.0,6.0,2.0,5.0,,4.0,0.0,5.0,2.0,5.0,4.0,9.0,,4.0,8.0,8.0,5.0,2.0,7.0,8.0,8.0,8.0,4.0,4.0,6.0,6.0,1.0,8.0,5.0,9.0,1.0,7.0,5.0,3.0,4.0,7.0,5.0,0.0,4.0,7.0,3.0,6.0,4.0,5.0,8.0,0.0,7.0,9.0,4.0,2.0,5.0,,7,,2.0,7.0,,3.0,9.0,8.0,6.0,,8.0,7.0,2.0,6.0,5.0,0.0,8.0,5.0,9.0,,5.0,6.0,0.0,9.0,0.0,,,8,0.05,3.591614906832298,-0.05736831263441007
6.0,,2.0,0.0,4.0,4.0,0.0,1.0,3.0,2.0,1.0,3.0,3.0,1.0,3.0,2.0,1.0,3.0,5.0,2.0,0.0,2.0,3.0,5.0,5.0,5.0,0.0,2.0,0.0,4.0,4.0,6.0,,,5.0,3.0,,1.0,0.0,5.0,,4.0,2.0,1.0,2.0,0.0,0.0,1.0,2.0,4.0,4.0,2.0,1.0,,4.0,3.0,5.0,6.0,6.0,5.0,,0.0,3.0,3.0,2.0,1,,1.0,4.0,,5.0,1.0,5.0,3.0,,4.0,0.0,5.0,3.0,3.0,,4.0,1.0,4.0,4.0,2.0,1.0,3.0,,2.0,4.0,4.0,9,0.05,2.5399361022364215,-0.22980458725630593
6.0,,3.0,0.0,4.0,1.0,3.0,8.0,4.0,6.0,8.0,3.0,5.0,4.0,4.0,3.0,3.0,,5.0,0.0,5.0,1.0,6.0,,1.0,2.0,5.0,3.0,4.0,,7.0,5.0,8.0,8.0,0.0,0.0,1.0,5.0,3.0,0.0,3.0,4.0,5.0,0.0,2.0,2.0,2.0,8.0,4.0,2.0,1.0,6.0,,7.0,5.0,0.0,0.0,8.0,3.0,1.0,7.0,0.0,6.0,8.0,6.0,4,4.0,3.0,3.0,7.0,6.0,,6.0,5.0,,,6.0,6.0,3.0,2.0,4.0,5.0,3.0,6.0,5.0,5.0,2.0,4.0,5.0,0.0,,6.0,10,0.05,3.2034428794992174,-0.2713386787170856
6.0,,3.0,2.0,5.0,3.0,2.0,4.0,1.0,,2.0,2.0,4.0,2.0,2.0,4.0,3.0,4.0,3.0,4.0,3.0,5.0,0.0,6.0,3.0,,5.0,4.0,0.0,0.0,6.0,1.0,4.0,5.0,1.0,1.0,3.0,3.0,3.0,1.0,2.0,3.0,3.0,4.0,3.0,1.0,3.0,0.0,5.0,2.0,2.0,0.0,2.0,,2.0,3.0,,,0.0,2.0,2.0,0.0,1.0,3.0,,3,3.0,3.0,0.0,5.0,2.0,,4.0,5.0,3.0,,,4.0,0.0,4.0,1.0,4.0,4.0,3.0,,0.0,3.0,4.0,5.0,2.0,3.0,,11,0.05,2.481717011128776,-0.08234649479193937
6.0,,1.0,,,3.0,1.0,0.0,0.0,4.0,4.0,4.0,0.0,3.0,0.0,1.0,3.0,0.0,2.0,3.0,1.0,6.0,4.0,6.0,3.0,4.0,4.0,1.0,,4.0,5.0,2.0,6.0,4.0,3.0,6.0,4.0,6.0,5.0,0.0,5.0,4.0,,3.0,2.0,2.0,4.0,5.0,3.0,5.0,4.0,3.0,4.0,,3.0,4.0,3.0,0.0,4.0,,0.0,3.0,4.0,4.0,,2,6.0,3.0,0.0,,2.0,1.0,3.0,3.0,5.0,1.0,2.0,3.0,5.0,4.0,,4.0,0.0,3.0,4.0,6.0,5.0,3.0,4.0,4.0,3.0,5.0,12,0.05,2.565008025682183,-0.27596420802616267
5.0,3.0,4.0,7.0,3.0,3.0,3.0,7.0,5.0,7.0,6.0,3.0,0.0,3.0,2.0,7.0,5.0,6.0,1.0,2.0,2.0,3.0,,0.0,5.0,,4.0,0.0,6.0,0.0,4.0,3.0,6.0,0.0,4.0,4.0,,2.0,3.0,4.0,1.0,0.0,,3.0,4.0,5.0,3.0,5.0,1.0,4.0,6.0,6.0,4.0,7.0,2.0,6.0,4.0,1.0,4.0,4.0,7.0,7.0,0.0,1.0,,2,,4.0,3.0,0.0,4.0,,5.0,5.0,,5.0,4.0,2.0,0.0,3.0,4.0,4.0,1.0,5.0,0.0,7.0,2.0,6.0,,5.0,6.0,,13,0.05,2.9003115264797508,-0.2235802132015868
3.0,6.0,0.0,1.0,5.0,5.0,0.0,6.0,6.0,4.0,7.0,3.0,1.0,3.0,2.0,1.0,3.0,7.0,0.0,4.0,2.0,3.0,,2.0,6.0,,7.0,3.0,5.0,5.0,5.0,2.0,4.0,4.0,4.0,2.0,0.0,4.0,4.0,3.0,4.0,5.0,7.0,3.0,7.0,5.0,4.0,5.0,5.0,6.0,,1.0,4.0,3.0,5.0,,5.0,7.0,6.0,5.0,6.0,7.0,0.0,7.0,0.0,4,5.0,5.0,3.0,5.0,5.0,6.0,0.0,5.0,7.0,6.0,6.0,5.0,1.0,7.0,2.0,4.0,0.0,7.0,0.0,5.0,1.0,6.0,7.0,0.0,6.0,6.0,14,0.05,2.815165876777251,-0.1062274047944007
5.0,,3.0,6.0,4.0,5.0,2.0,6.0,0.0,0.0,4.0,6.0,6.0,5.0,0.0,1.0,3.0,5.0,3.0,4.0,5.0,,6.0,5.0,6.0,5.0,3.0,,3.0,4.0,4.0,4.0,3.0,,2.0,4.0,,,4.0,5.0,3.0,6.0,3.0,4.0,4.0,1.0,0.0,3.0,0.0,5.0,5.0,4.0,,5.0,2.0,4.0,3.0,6.0,0.0,0.0,1.0,0.0,2.0,3.0,0.0,2,,5.0,,4.0,3.0,3.0,1.0,6.0,,4.0,2.0,6.0,0.0,2.0,5.0,4.0,4.0,3.0,1.0,6.0,3.0,6.0,,,3.0,,15,0.05,2.7519500780031203,-0.09364533594178664
4.0,,4.0,2.0,4.0,0.0,2.0,0.0,6.0,1.0,3.0,3.0,2.0,5.0,3.0,4.0,2.0,,,3.0,6.0,3.0,1.0,3.0,1.0,0.0,0.0,3.0,5.0,0.0,2.0,2.0,1.0,6.0,1.0,3.0,6.0,6.0,,4.0,5.0,2.0,,1.0,4.0,1.0,3.0,3.0,0.0,4.0,0.0,5.0,4.0,0.0,3.0,5.0,4.0,4.0,3.0,6.0,5.0,4.0,2.0,1.0,5.0,3,,0.0,5.0,6.0,,,2.0,3.0,,3.0,2.0,1.0,,6.0,0.0,,4.0,1.0,5.0,,3.0,3.0,2.0,,1.0,1.0,16,0.05,2.6784,-0.032195505809282904
5.0,6.0,7.0,4.0,0.0,4.0,3.0,4.0,,0.0,4.0,2.0,,1.0,0.0,7.0,0.0,2.0,2.0,3.0,1.0,3.0,4.0,4.0,6.0,,4.0,3.0,0.0,4.0,5.0,4.0,6.0,0.0,3.0,1.0,4.0,3.0,5.0,6.0,,5.0,4.0,2.0,5.0,5.0,6.0,4.0,3.0,7.0,,1.0,3.0,7.0,3.0,6.0,5.0,,5.0,0.0,5.0,6.0,7.0,5.0,0.0,3,4.0,6.0,2.0,0.0,,6.0,4.0,,7.0,5.0,4.0,5.0,,7.0,5.0,5.0,2.0,0.0,,4.0,3.0,1.0,7.0,4.0,,4.0,17,0.05,2.996904024767802,-0.06302606368164912
0.0,,0.0,,2.0,1.0,4.0,6.0,3.0,7.0,5.0,2.0,0.0,3.0,5.0,2.0,1.0,2.0,6.0,2.0,0.0,3.0,1.0,1.0,,2.0,4.0,3.0,2.0,6.0,4.0,3.0,6.0,4.0,1.0,2.0,5.0,0.0,4.0,5.0,1.0,3.0,4.0,3.0,3.0,4.0,3.0,,1.0,3.0,6.0,0.0,,,3.0,3.0,5.0,4.0,5.0,,,6.0,3.0,4.0,,4,6.0,6.0,3.0,5.0,4.0,6.0,6.0,0.0,,3.0,7.0,3.0,1.0,4.0,,2.0,0.0,0.0,7.0,0.0,2.0,2.0,4.0,2.0,4.0,7.0,18,0.05,2.662480376766091,-0.18573050523879586
5.0,2.0,2.0,,4.0,2.0,4.0,2.0,3.0,4.0,4.0,2.0,,3.0,0.0,3.0,3.0,6.0,,1.0,2.0,,4.0,6.0,6.0,,6.0,2.0,6.0,6.0,5.0,3.0,6.0,4.0,4.0,1.0,,6.0,0.0,3.0,1.0,3.0,4.0,0.0,0.0,3.0,5.0,0.0,2.0,5.0,2.0,2.0,6.0,2.0,2.0,4.0,4.0,5.0,6.0,6.0,2.0,4.0,4.0,3.0,5.0,1,,5.0,,0.0,5.0,4.0,6.0,3.0,5.0,6.0,3.0,0.0,0.0,4.0,,2.0,1.0,,1.0,1.0,3.0,6.0,0.0,0.0,6.0,4.0,19,0.05,2.7234375,-0.2990453130994012
5.0,6.0,0.0,,3.0,2.0,4.0,6.0,6.0,4.0,4.0,,0.0,2.0,4.0,2.0,5.0,,5.0,1.0,4.0,3.0,6.0,6.0,3.0,4.0,6.0,3.0,3.0,1.0,2.0,3.0,,4.0,3.0,0.0,2.0,,4.0,4.0,1.0,3.0,4.0,3.0,3.0,2.0,3.0,1.0,0.0,4.0,4.0,1.0,,,0.0,1.0,5.0,2.0,4.0,0.0,3.0,5.0,1.0,5.0,5.0,1,,1.0,3.0,6.0,,2.0,5.0,0.0,,5.0,5.0,1.0,2.0,0.0,3.0,3.0,2.0,0.0,,6.0,4.0,1.0,0.0,4.0,1.0,2.0,20,0.05,2.657142857142857,-0.27561371906000887
,,1.0,0.0,4.0,4.0,3.0,3.0,2.0,6.0,0.0,5.0,3.0,0.0,,3.0,6.0,4.0,4.0,0.0,2.0,0.0,3.0,6.0,5.0,4.0,,1.0,3.0,6.0,4.0,3.0,1.0,5.0,4.0,3.0,6.0,4.0,3.0,6.0,4.0,2.0,0.0,2.0,3.0,3.0,2.0,2.0,4.0,0.0,4.0,4.0,1.0,,0.0,2.0,5.0,4.0,3.0,5.0,,5.0,4.0,5.0,5.0,2,4.0,4.0,2.0,0.0,6.0,3.0,5.0,,,4.0,5.0,3.0,0.0,3.0,,6.0,2.0,6.0,,1.0,3.0,6.0,6.0,,6.0,6.0,21,0.05,2.499212598425197,-0.29885536552568287
,6.0,4.0,,3.0,4.0,3.0,3.0,2.0,5.0,,5.0,5.0,3.0,4.0,1.0,2.0,1.0,6.0,3.0,2.0,4.0,1.0,5.0,3.0,6.0,5.0,4.0,4.0,6.0,5.0,,5.0,0.0,6.0,6.0,1.0,4.0,2.0,3.0,1.0,2.0,0.0,0.0,1.0,4.0,4.0,6.0,5.0,5.0,5.0,,4.0,,6.0,5.0,0.0,0.0,1.0,4.0,2.0,3.0,,5.0,6.0,5,4.0,4.0,5.0,0.0,0.0,,6.0,6.0,0.0,,4.0,5.0,2.0,5.0,,0.0,3.0,4.0,6.0,5.0,,3.0,,,4.0,0.0,22,0.05,2.6018518518518516,-0.027601159939389358
,,7.0,0.0,3.0,3.0,6.0,2.0,2.0,0.0,6.0,1.0,4.0,1.0,3.0,3.0,5.0,7.0,,4.0,3.0,,4.0,3.0,0.0,,,0.0,2.0,0.0,5.0,4.0,4.0,6.0,7.0,3.0,6.0,6.0,4.0,5.0,1.0,1.0,1.0,6.0,2.0,5.0,3.0,0.0,3.0,5.0,6.0,7.0,6.0,2.0,3.0,5.0,4.0,6.0,0.0,1.0,1.0,0.0,1.0,5.0,,3,,0.0,7.0,4.0,6.0,4.0,3.0,5.0,0.0,4.0,6.0,3.0,2.0,5.0,5.0,5.0,4.0,2.0,4.0,7.0,5.0,7.0,5.0,,,,23,0.05,2.9655172413793105,-0.11643353226456417
3.0,,4.0,,3.0,2.0,1.0,3.0,3.0,6.0,3.0,4.0,3.0,3.0,6.0,3.0,2.0,,5.0,3.0,0.0,4.0,4.0,2.0,4.0,7.0,5.0,3.0,4.0,0.0,3.0,2.0,1.0,4.0,4.0,7.0,,0.0,6.0,4.0,6.0,4.0,2.0,6.0,2.0,5.0,7.0,3.0,0.0,,2.0,,,5.0,2.0,2.0,0.0,3.0,3.0,1.0,6.0,0.0,4.0,4.0,5.0,3,6.0,4.0,2.0,4.0,7.0,3.0,0.0,4.0,0.0,6.0,1.0,5.0,5.0,5.0,6.0,5.0,6.0,4.0,,,0.0,6.0,4.0,0.0,7.0,,24,0.05,2.8443017656500804,-0.1268042218902657
0.0,,5.0,7.0,4.0,4.0,0.0,5.0,,4.0,5.0,5.0,1.0,5.0,7.0,1.0,1.0,7.0,3.0,3.0,3.0,1.0,4.0,5.0,3.0,6.0,,2.0,7.0,1.0,3.0,5.0,,6.0,6.0,0.0,6.0,6.0,6.0,6.0,2.0,3.0,5.0,6.0,4.0,2.0,0.0,6.0,7.0,5.0,,6.0,0.0,,1.0,7.0,5.0,2.0,0.0,3.0,3.0,2.0,4.0,0.0,1.0,3,,0.0,6.0,6.0,0.0,5.0,1.0,3.0,,,1.0,4.0,,5.0,,6.0,0.0,,1.0,4.0,2.0,6.0,6.0,,5.0,6.0,25,0.05,3.1470588235294117,-0.1921529709687483
5.0,1.0,1.0,4.0,6.0,0.0,4.0,3.0,0.0,2.0,3.0,4.0,4.0,5.0,4.0,3.0,3.0,5.0,0.0,2.0,0.0,2.0,3.0,1.0,3.0,,5.0,1.0,3.0,5.0,3.0,0.0,,5.0,0.0,3.0,,3.0,4.0,4.0,2.0,3.0,2.0,0.0,2.0,2.0,5.0,3.0,3.0,1.0,,4.0,4.0,6.0,6.0,,,5.0,4.0,5.0,,2.0,5.0,0.0,2.0,3,6.0,5.0,3.0,4.0,5.0,,2.0,5.0,3.0,4.0,5.0,4.0,6.0,2.0,,,2.0,2.0,6.0,0.0,0.0,5.0,4.0,6.0,6.0,4.0,26,0.05,2.5705229793977815,-0.27810483280275117
,,3.0,,6.0,6.0,4.0,3.0,4.0,3.0,1.0,,5.0,2.0,2.0,1.0,1.0,2.0,0.0,1.0,1.0,2.0,0.0,4.0,2.0,1.0,,0.0,2.0,1.0,0.0,5.0,4.0,5.0,3.0,1.0,3.0,5.0,2.0,4.0,3.0,0.0,4.0,2.0,2.0,0.0,2.0,4.0,4.0,4.0,0.0,4.0,3.0,5.0,1.0,2.0,5.0,1.0,0.0,3.0,5.0,2.0,4.0,3.0,0.0,1,,2.0,2.0,2.0,2.0,,6.0,3.0,,3.0,1.0,5.0,2.0,1.0,5.0,3.0,3.0,,4.0,3.0,6.0,0.0,3.0,6.0,6.0,,27,0.05,2.449367088607595,-0.3499109293804215
3.0,7.0,3.0,4.0,3.0,4.0,0.0,4.0,5.0,2.0,4.0,6.0,3.0,2.0,0.0,1.0,4.0,6.0,3.0,1.0,2.0,0.0,5.0,7.0,5.0,5.0,6.0,4.0,,4.0,0.0,5.0,6.0,3.0,,2.0,6.0,4.0,7.0,4.0,0.0,2.0,,3.0,6.0,,6.0,4.0,4.0,6.0,5.0,,3.0,,1.0,2.0,7.0,0.0,0.0,2.0,,4.0,4.0,5.0,2.0,5,0.0,0.0,4.0,5.0,4.0,6.0,6.0,6.0,,5.0,3.0,5.0,4.0,3.0,4.0,7.0,1.0,0.0,5.0,5.0,7.0,1.0,7.0,,2.0,6.0,28,0.05,2.9607535321821037,-0.353058990980047
,,4.0,4.0,4.0,0.0,4.0,2.0,3.0,2.0,0.0,2.0,2.0,3.0,3.0,1.0,1.0,,3.0,0.0,1.0,2.0,5.0,2.0,4.0,,4.0,4.0,2.0,5.0,2.0,3.0,4.0,4.0,1.0,2.0,,0.0,4.0,3.0,,0.0,0.0,3.0,2.0,1.0,2.0,2.0,5.0,3.0,2.0,3.0,,,1.0,5.0,4.0,2.0,,4.0,,4.0,2.0,0.0,3.0,1,3.0,5.0,4.0,,0.0,,,0.0,4.0,1.0,1.0,2.0,2.0,2.0,3.0,3.0,5.0,5.0,,3.0,2.0,3.0,4.0,5.0,0.0,4.0,29,0.05,2.338582677165354,-0.17124483691689718
0.0,7.0,4.0,3.0,4.0,4.0,3.0,4.0,0.0,4.0,3.0,5.0,5.0,6.0,3.0,3.0,3.0,5.0,2.0,2.0,2.0,0.0,7.0,3.0,0.0,4.0,3.0,4.0,5.0,3.0,6.0,5.0,6.0,,0.0,2.0,3.0,3.0,4.0,,3.0,3.0,5.0,5.0,4.0,5.0,2.0,5.0,4.0,4.0,2.0,5.0,5.0,,,6.0,6.0,2.0,7.0,0.0,4.0,2.0,5.0,7.0,5.0,3,4.0,0.0,1.0,6.0,0.0,,0.0,4.0,,7.0,4.0,5.0,5.0,1.0,,0.0,4.0,,6.0,3.0,5.0,3.0,6.0,,5.0,,30,0.05,2.7567567567567566,-0.19317759203524884
0.0,,5.0,6.0,3.0,3.0,5.0,0.0,0.0,5.0,3.0,,,5.0,,5.0,3.0,5.0,6.0,2.0,3.0,1.0,6.0,,,5.0,4.0,3.0,4.0,5.0,5.0,2.0,2.0,,0.0,2.0,0.0,,2.0,5.0,2.0,4.0,7.0,4.0,4.0,0.0,2.0,3.0,,6.0,0.0,0.0,1.0,0.0,4.0,5.0,6.0,5.0,7.0,7.0,7.0,6.0,6.0,3.0,3.0,1,4.0,6.0,2.0,6.0,4.0,0.0,3.0,2.0,,3.0,1.0,1.0,1.0,5.0,,2.0,5.0,,,2.0,1.0,3.0,5.0,5.0,7.0,,31,0.05,3.0062111801242235,-0.022702338815895368
3.0,6.0,0.0,5.0,2.0,1.0,3.0,5.0,4.0,4.0,5.0,1.0,2.0,0.0,2.0,3.0,4.0,6.0,,2.0,1.0,3.0,3.0,1.0,,5.0,5.0,0.0,3.0,4.0,5.0,1.0,1.0,1.0,1.0,1.0,0.0,2.0,1.0,6.0,0.0,6.0,5.0,1.0,4.0,2.0,3.0,2.0,0.0,3.0,,5.0,3.0,,3.0,4.0,6.0,,,6.0,,5.0,1.0,4.0,2.0,2,6.0,5.0,4.0,6.0,0.0,3.0,0.0,,,1.0,,4.0,2.0,0.0,,3.0,5.0,,5.0,6.0,3.0,2.0,,0.0,1.0,,32,0.05,2.778471138845554,-0.22328514669776214
3.0,,0.0,4.0,0.0,1.0,0.0,3.0,4.0,3.0,2.0,,1.0,1.0,4.0,3.0,3.0,5.0,6.0,2.0,1.0,5.0,5.0,4.0,6.0,6.0,6.0,0.0,1.0,2.0,3.0,2.0,5.0,5.0,1.0,2.0,,4.0,4.0,6.0,,5.0,5.0,2.0,4.0,2.0,1.0,0.0,4.0,1.0,3.0,5.0,1.0,2.0,3.0,0.0,5.0,,4.0,4.0,6.0,5.0,4.0,4.0,,2,,3.0,2.0,5.0,,5.0,,,3.0,4.0,0.0,3.0,3.0,0.0,5.0,3.0,1.0,0.0,4.0,2.0,4.0,3.0,5.0,6.0,4.0,0.0,33,0.05,2.6065040650406504,-0.43145329258200726
4.0,4.0,1.0,6.0,0.0,3.0,2.0,5.0,3.0,5.0,0.0,2.0,3.0,1.0,6.0,0.0,3.0,6.0,1.0,1.0,3.0,2.0,3.0,2.0,1.0,2.0,5.0,3.0,5.0,5.0,2.0,3.0,3.0,,1.0,4.0,,,,3.0,0.0,4.0,3.0,3.0,2.0,0.0,,1.0,5.0,0.0,4.0,4.0,3.0,6.0,3.0,3.0,,3.0,5.0,3.0,2.0,0.0,1.0,3.0,5.0,0,,5.0,4.0,4.0,1.0,,4.0,,,,3.0,5.0,1.0,2.0,6.0,3.0,1.0,,2.0,5.0,6.0,3.0,0.0,,2.0,0.0,34,0.05,2.720447284345048,-0.2472821142441424
3.0,6.0,4.0,5.0,4.0,2.0,4.0,5.0,3.0,1.0,4.0,6.0,2.0,4.0,6.0,2.0,5.0,5.0,6.0,2.0,5.0,5.0,0.0,6.0,3.0,0.0,4.0,,5.0,4.0,5.0,3.0,,6.0,3.0,0.0,6.0,,5.0,4.0,4.0,3.0,5.0,3.0,3.0,3.0,5.0,2.0,2.0,0.0,6.0,3.0,,5.0,0.0,2.0,,3.0,5.0,4.0,2.0,5.0,2.0,,3.0,0,1.0,1.0,3.0,3.0,3.0,6.0,6.0,5.0,,0.0,0.0,3.0,3.0,4.0,3.0,6.0,3.0,1.0,0.0,4.0,1.0,3.0,6.0,5.0,0.0,,35,0.05,2.624405705229794,-0.23793717881207083
6.0,5.0,0.0,0.0,4.0,6.0,2.0,5.0,6.0,1.0,2.0,6.0,0.0,1.0,4.0,3.0,4.0,4.0,4.0,3.0,3.0,2.0,6.0,4.0,,5.0,6.0,2.0,3.0,2.0,3.0,3.0,6.0,3.0,1.0,0.0,,6.0,3.0,2.0,4.0,5.0,4.0,2.0,1.0,2.0,6.0,3.0,0.0,2.0,0.0,2.0,,4.0,4.0,4.0,2.0,,6.0,0.0,,2.0,1.0,2.0,2.0,3,6.0,6.0,1.0,0.0,6.0,5.0,6.0,3.0,,,5.0,5.0,3.0,2.0,0.0,6.0,2.0,,6.0,2.0,3.0,5.0,4.0,0.0,3.0,3.0,36,0.05,2.5753205128205128,-0.15187339812092696
3.0,2.0,5.0,,4.0,0.0,6.0,5.0,2.0,2.0,5.0,6.0,4.0,6.0,,3.0,6.0,3.0,,2.0,4.0,2.0,3.0,6.0,3.0,3.0,7.0,4.0,,7.0,4.0,1.0,,,4.0,5.0,1.0,6.0,,5.0,0.0,1.0,4.0,5.0,3.0,1.0,4.0,2.0,6.0,4.0,5.0,2.0,6.0,,2.0,2.0,0.0,0.0,3.0,2.0,0.0,0.0,3.0,1.0,,2,3.0,5.0,6.0,,3.0,,0.0,1.0,4.0,4.0,2.0,3.0,4.0,4.0,3.0,0.0,0.0,5.0,4.0,,,6.0,0.0,7.0,6.0,7.0,37,0.05,2.9623824451410656,0.041747519110118265
3.0,,4.0,,2.0,1.0,3.0,4.0,,5.0,5.0,3.0,6.0,3.0,0.0,1.0,0.0,,4.0,3.0,4.0,1.0,0.0,3.0,0.0,4.0,2.0,3.0,5.0,3.0,2.0,3.0,2.0,4.0,7.0,1.0,7.0,6.0,6.0,2.0,0.0,3.0,5.0,6.0,4.0,5.0,7.0,3.0,2.0,4.0,0.0,4.0,,,1.0,5.0,,1.0,0.0,5.0,7.0,6.0,6.0,5.0,0.0,5,0.0,3.0,3.0,5.0,4.0,,1.0,6.0,,3.0,4.0,3.0,4.0,2.0,0.0,4.0,5.0,1.0,,5.0,7.0,4.0,,,5.0,7.0,38,0.05,2.869969040247678,-0.1187778771680026
3.0,4.0,4.0,5.0,5.0,3.0,4.0,4.0,,2.0,5.0,4.0,2.0,2.0,5.0,1.0,1.0,4.0,4.0,3.0,2.0,4.0,0.0,4.0,0.0,4.0,5.0,3.0,0.0,0.0,4.0,,0.0,3.0,1.0,3.0,,2.0,2.0,0.0,4.0,4.0,0.0,3.0,2.0,2.0,3.0,2.0,4.0,5.0,0.0,2.0,3.0,,3.0,5.0,,3.0,2.0,3.0,,0.0,5.0,1.0,4.0,1,2.0,3.0,0.0,4.0,,2.0,,,5.0,4.0,5.0,3.0,1.0,2.0,5.0,1.0,3.0,5.0,1.0,3.0,5.0,4.0,,,2.0,,39,0.05,2.2827476038338657,-0.19173419114909865
3.0,8.0,4.0,,5.0,4.0,5.0,6.0,,8.0,7.0,6.0,7.0,6.0,5.0,4.0,3.0,0.0,5.0,3.0,6.0,3.0,,4.0,7.0,7.0,4.0,7.0,3.0,2.0,2.0,8.0,0.0,6.0,5.0,5.0,,6.0,0.0,4.0,6.0,8.0,7.0,,5.0,4.0,6.0,6.0,1.0,8.0,2.0,8.0,2.0,,0.0,6.0,8.0,5.0,5.0,,,0.0,5.0,6.0,0.0,1,8.0,0.0,4.0,4.0,2.0,5.0,5.0,5.0,4.0,4.0,3.0,0.0,4.0,0.0,5.0,2.0,4.0,6.0,8.0,7.0,3.0,6.0,0.0,,7.0,3.0,40,0.05,3.2387596899224804,-0.1710401150109064
5.0,6.0,6.0,,5.0,2.0,0.0,2.0,4.0,1.0,3.0,1.0,1.0,3.0,4.0,5.0,3.0,4.0,3.0,3.0,5.0,7.0,4.0,5.0,0.0,0.0,6.0,0.0,3.0,3.0,7.0,2.0,5.0,5.0,4.0,3.0,,5.0,4.0,2.0,7.0,3.0,5.0,4.0,4.0,3.0,5.0,4.0,,6.0,3.0,5.0,3.0,7.0,0.0,3.0,6.0,3.0,2.0,4.0,4.0,2.0,7.0,3.0,4.0,4,6.0,1.0,0.0,,4.0,7.0,4.0,1.0,,7.0,0.0,7.0,1.0,1.0,,7.0,0.0,,0.0,5.0,4.0,2.0,7.0,5.0,2.0,0.0,41,0.05,2.9324960753532183,-0.2589135830954256
0.0,5.0,4.0,,4.0,4.0,3.0,4.0,6.0,6.0,0.0,3.0,,5.0,,3.0,3.0,4.0,5.0,5.0,4.0,5.0,0.0,2.0,3.0,6.0,0.0,6.0,3.0,1.0,4.0,3.0,2.0,6.0,2.0,5.0,,,5.0,0.0,0.0,5.0,4.0,4.0,0.0,6.0,4.0,1.0,1.0,2.0,2.0,,1.0,2.0,2.0,0.0,,5.0,3.0,1.0,4.0,4.0,5.0,2.0,,3,,0.0,5.0,2.0,6.0,4.0,0.0,6.0,6.0,6.0,,4.0,4.0,1.0,4.0,5.0,3.0,,5.0,6.0,4.0,,,4.0,5.0,6.0,42,0.05,2.6693037974683542,-0.21361319691287042
4.0,5.0,0.0,,5.0,2.0,3.0,5.0,3.0,0.0,,0.0,3.0,3.0,,0.0,2.0,4.0,,6.0,3.0,5.0,4.0,6.0,3.0,1.0,6.0,3.0,5.0,1.0,2.0,2.0,6.0,,6.0,4.0,,5.0,4.0,1.0,1.0,2.0,5.0,5.0,1.0,0.0,1.0,5.0,4.0,4.0,6.0,2.0,6.0,6.0,5.0,,2.0,2.0,2.0,4.0,2.0,3.0,0.0,0.0,5.0,2,,2.0,3.0,3.0,,,4.0,0.0,,5.0,,1.0,0.0,5.0,,3.0,4.0,0.0,3.0,1.0,5.0,4.0,6.0,3.0,3.0,4.0,43,0.05,2.8085443037974684,-0.19410818254076598
,3.0,,,4.0,2.0,2.0,0.0,1.0,,4.0,2.0,4.0,3.0,4.0,1.0,2.0,3.0,2.0,1.0,3.0,3.0,5.0,,0.0,4.0,4.0,3.0,,1.0,2.0,1.0,3.0,0.0,3.0,,,,,2.0,4.0,2.0,5.0,5.0,5.0,5.0,3.0,1.0,3.0,3.0,,4.0,3.0,0.0,1.0,1.0,5.0,2.0,3.0,2.0,3.0,5.0,0.0,3.0,0.0,1,3.0,2.0,5.0,2.0,3.0,,0.0,,5.0,2.0,3.0,2.0,0.0,4.0,2.0,3.0,4.0,2.0,4.0,0.0,2.0,5.0,4.0,,4.0,0.0,44,0.05,2.3793103448275863,-0.008605827796996016
0.0,0.0,0.0,5.0,4.0,5.0,4.0,2.0,3.0,3.0,3.0,,5.0,4.0,5.0,3.0,,5.0,5.0,3.0,4.0,4.0,2.0,4.0,4.0,5.0,5.0,3.0,5.0,0.0,1.0,3.0,,5.0,2.0,5.0,,6.0,0.0,3.0,4.0,2.0,,5.0,3.0,2.0,2.0,2.0,1.0,3.0,5.0,0.0,,6.0,4.0,1.0,6.0,,1.0,5.0,4.0,4.0,0.0,6.0,,2,,4.0,3.0,0.0,2.0,0.0,4.0,2.0,4.0,5.0,5.0,2.0,2.0,6.0,3.0,6.0,4.0,1.0,1.0,4.0,2.0,5.0,4.0,3.0,5.0,0.0,45,0.05,2.5784313725490198,-0.12208761700605854
5.0,,4.0,6.0,7.0,5.0,3.0,7.0,3.0,,0.0,0.0,5.0,0.0,3.0,4.0,4.0,5.0,5.0,5.0,0.0,3.0,3.0,6.0,6.0,5.0,5.0,4.0,3.0,0.0,5.0,7.0,,4.0,4.0,3.0,6.0,0.0,2.0,4.0,6.0,5.0,5.0,4.0,1.0,2.0,5.0,3.0,6.0,4.0,5.0,,7.0,,1.0,3.0,2.0,6.0,7.0,6.0,,4.0,2.0,3.0,,3,2.0,0.0,0.0,4.0,6.0,,6.0,5.0,,7.0,6.0,5.0,,3.0,,6.0,2.0,0.0,1.0,2.0,3.0,0.0,7.0,5.0,6.0,6.0,46,0.05,2.9346811819595646,-0.2852777569718858
5.0,5.0,1.0,,3.0,2.0,1.0,2.0,1.0,,4.0,1.0,6.0,1.0,0.0,6.0,1.0,3.0,6.0,2.0,2.0,,2.0,3.0,3.0,4.0,5.0,3.0,2.0,5.0,3.0,3.0,0.0,6.0,2.0,2.0,6.0,4.0,0.0,4.0,0.0,6.0,4.0,2.0,0.0,2.0,0.0,5.0,1.0,4.0,4.0,5.0,4.0,3.0,6.0,3.0,6.0,5.0,5.0,3.0,4.0,1.0,2.0,2.0,,3,3.0,5.0,0.0,6.0,0.0,2.0,3.0,,,3.0,1.0,0.0,6.0,1.0,5.0,0.0,1.0,4.0,3.0,4.0,4.0,2.0,1.0,,1.0,,47,0.05,2.538211382113821,-0.3647842662983388
2.0,6.0,6.0,,6.0,0.0,7.0,3.0,0.0,7.0,4.0,0.0,4.0,3.0,5.0,3.0,1.0,0.0,4.0,2.0,5.0,5.0,3.0,5.0,1.0,7.0,5.0,3.0,2.0,6.0,4.0,2.0,4.0,,3.0,6.0,,6.0,,4.0,1.0,0.0,1.0,0.0,1.0,5.0,6.0,2.0,5.0,6.0,5.0,3.0,5.0,4.0,6.0,0.0,4.0,0.0,4.0,5.0,5.0,3.0,4.0,3.0,7.0,1,,4.0,2.0,0.0,2.0,5.0,5.0,4.0,,1.0,1.0,3.0,7.0,4.0,7.0,6.0,5.0,7.0,4.0,4.0,,2.0,7.0,0.0,3.0,,48,0.05,2.9237947122861585,-0.19409109311454134
4.0,0.0,5.0,,7.0,3.0,3.0,2.0,4.0,4.0,6.0,,5.0,7.0,5.0,1.0,4.0,6.0,7.0,3.0,6.0,4.0,0.0,6.0,2.0,0.0,7.0,2.0,4.0,5.0,1.0,7.0,3.0,5.0,4.0,3.0,6.0,6.0,2.0,5.0,5.0,4.0,2.0,5.0,2.0,2.0,7.0,3.0,7.0,3.0,0.0,3.0,7.0,7.0,2.0,3.0,3.0,0.0,3.0,3.0,,1.0,5.0,5.0,5.0,0,0.0,3.0,3.0,6.0,4.0,5.0,7.0,0.0,6.0,6.0,0.0,5.0,3.0,4.0,,,4.0,1.0,,3.0,0.0,5.0,,,6.0,,49,0.05,2.9294670846394983,-0.15105433390644812
,,2.0,3.0,3.0,3.0,2.0,5.0,4.0,1.0,4.0,1.0,1.0,3.0,2.0,3.0,0.0,0.0,0.0,1.0,1.0,0.0,4.0,3.0,3.0,1.0,,6.0,7.0,5.0,5.0,2.0,,1.0,5.0,2.0,7.0,,2.0,4.0,0.0,3.0,5.0,1.0,2.0,2.0,4.0,6.0,1.0,5.0,,7.0,5.0,,3.0,4.0,7.0,0.0,0.0,6.0,,5.0,7.0,3.0,,2,3.0,4.0,6.0,5.0,4.0,7.0,0.0,3.0,,0.0,4.0,3.0,6.0,3.0,4.0,2.0,0.0,,5.0,4.0,1.0,2.0,4.0,5.0,4.0,6.0,50,0.05,2.9622641509433962,-0.18450897136790134
,,0.0,2.0,0.0,4.0,1.0,4.0,3.0,1.0,3.0,4.0,3.0,1.0,5.0,4.0,3.0,4.0,4.0,0.0,1.0,4.0,6.0,7.0,6.0,3.0,5.0,2.0,4.0,4.0,2.0,4.0,,4.0,4.0,1.0,3.0,3.0,2.0,,1.0,2.0,3.0,2.0,0.0,3.0,,5.0,2.0,6.0,1.0,4.0,5.0,7.0,5.0,,5.0,7.0,,6.0,,5.0,3.0,6.0,0.0,0,6.0,4.0,2.0,,0.0,0.0,,4.0,3.0,2.0,3.0,1.0,3.0,2.0,6.0,0.0,2.0,,5.0,3.0,0.0,4.0,3.0,,,4.0,51,0.05,2.8141732283464567,-0.3429259032244645
2.0,,0.0,,4.0,4.0,1.0,4.0,0.0,5.0,3.0,7.0,6.0,5.0,2.0,1.0,6.0,4.0,2.0,0.0,2.0,,4.0,1.0,0.0,4.0,5.0,2.0,1.0,0.0,4.0,5.0,5.0,4.0,5.0,2.0,,1.0,4.0,3.0,1.0,2.0,2.0,4.0,1.0,1.0,7.0,3.0,0.0,1.0,2.0,4.0,6.0,6.0,5.0,0.0,,2.0,5.0,6.0,2.0,4.0,4.0,4.0,,5,0.0,3.0,4.0,6.0,5.0,7.0,4.0,0.0,0.0,6.0,6.0,1.0,6.0,4.0,7.0,7.0,6.0,3.0,1.0,3.0,6.0,5.0,,,,,52,0.05,2.8835403726708075,-0.09948253791653146
,1.0,6.0,0.0,5.0,4.0,5.0,5.0,2.0,4.0,1.0,6.0,4.0,2.0,2.0,3.0,6.0,3.0,4.0,0.0,3.0,,5.0,4.0,6.0,2.0,7.0,1.0,0.0,6.0,4.0,7.0,7.0,3.0,2.0,3.0,,7.0,1.0,2.0,5.0,6.0,0.0,3.0,5.0,6.0,7.0,3.0,2.0,3.0,4.0,5.0,4.0,0.0,4.0,6.0,0.0,7.0,2.0,2.0,5.0,6.0,0.0,7.0,4.0,0,,2.0,5.0,4.0,5.0,0.0,0.0,5.0,4.0,3.0,2.0,5.0,7.0,5.0,6.0,5.0,2.0,3.0,,3.0,7.0,1.0,4.0,7.0,7.0,7.0,53,0.05,2.998454404945904,-0.16226882696711023
0.0,7.0,5.0,,5.0,1.0,5.0,4.0,5.0,6.0,,3.0,4.0,6.0,5.0,4.0,3.0,,5.0,4.0,4.0,4.0,0.0,5.0,7.0,6.0,2.0,6.0,5.0,4.0,3.0,2.0,2.0,6.0,7.0,5.0,6.0,3.0,6.0,5.0,6.0,0.0,0.0,5.0,4.0,5.0,3.0,2.0,4.0,5.0,4.0,5.0,5.0,,5.0,1.0,4.0,5.0,4.0,3.0,1.0,0.0,2.0,5.0,7.0,3,,2.0,1.0,7.0,0.0,0.0,,6.0,5.0,2.0,2.0,4.0,4.0,2.0,0.0,4.0,4.0,0.0,0.0,7.0,7.0,3.0,7.0,,3.0,6.0,54,0.05,2.567479674796748,-0.14894201516008904
6.0,4.0,3.0,7.0,3.0,0.0,0.0,3.0,5.0,0.0,1.0,6.0,4.0,3.0,0.0,1.0,6.0,4.0,1.0,4.0,0.0,5.0,0.0,7.0,6.0,5.0,2.0,2.0,5.0,2.0,,1.0,3.0,3.0,4.0,4.0,0.0,7.0,1.0,1.0,3.0,3.0,5.0,3.0,1.0,4.0,4.0,2.0,6.0,7.0,2.0,,3.0,,4.0,2.0,1.0,7.0,1.0,2.0,7.0,5.0,2.0,2.0,7.0,1,3.0,4.0,3.0,7.0,7.0,,4.0,7.0,4.0,3.0,4.0,3.0,0.0,0.0,5.0,5.0,0.0,5.0,2.0,1.0,1.0,3.0,5.0,,1.0,,55,0.05,2.9556962025316458,-0.3660698945823998
,7.0,0.0,,0.0,2.0,1.0,2.0,5.0,3.0,1.0,5.0,3.0,1.0,3.0,1.0,4.0,,4.0,2.0,5.0,,4.0,5.0,1.0,3.0,4.0,3.0,,5.0,2.0,2.0,3.0,2.0,3.0,0.0,7.0,7.0,3.0,3.0,2.0,5.0,,1.0,1.0,0.0,4.0,0.0,1.0,4.0,5.0,6.0,3.0,5.0,5.0,3.0,0.0,4.0,5.0,4.0,,0.0,2.0,2.0,,3,,4.0,3.0,6.0,0.0,6.0,5.0,6.0,5.0,5.0,,2.0,1.0,4.0,,1.0,0.0,5.0,5.0,5.0,3.0,2.0,3.0,0.0,,6.0,56,0.05,2.811819595645412,-0.4282237566322323
7.0,,1.0,0.0,6.0,6.0,2.0,0.0,7.0,4.0,2.0,7.0,7.0,1.0,3.0,4.0,4.0,0.0,,4.0,0.0,,5.0,5.0,5.0,4.0,6.0,3.0,1.0,4.0,5.0,5.0,,5.0,3.0,1.0,6.0,,5.0,6.0,7.0,0.0,7.0,3.0,5.0,2.0,5.0,0.0,1.0,7.0,1.0,3.0,0.0,2.0,3.0,7.0,2.0,4.0,2.0,2.0,,3.0,4.0,2.0,,3,,3.0,5.0,,,5.0,,,6.0,0.0,4.0,0.0,2.0,1.0,5.0,2.0,0.0,,3.0,3.0,5.0,5.0,7.0,,7.0,7.0,57,0.05,3.155763239875389,-0.26018440055365744
5.0,,4.0,,4.0,3.0,3.0,1.0,0.0,5.0,4.0,3.0,3.0,2.0,2.0,4.0,0.0,0.0,5.0,1.0,0.0,4.0,3.0,2.0,,1.0,3.0,3.0,5.0,,1.0,0.0,5.0,6.0,3.0,3.0,4.0,6.0,5.0,4.0,,6.0,5.0,1.0,3.0,0.0,,2.0,2.0,2.0,5.0,2.0,3.0,0.0,3.0,1.0,,5.0,4.0,6.0,5.0,4.0,3.0,6.0,,4,,6.0,3.0,2.0,1.0,6.0,3.0,4.0,,0.0,4.0,2.0,4.0,2.0,,1.0,2.0,2.0,,5.0,3.0,0.0,,,0.0,5.0,58,0.05,2.501592356687898,-0.20261007925373117
4.0,,5.0,,3.0,1.0,2.0,5.0,3.0,1.0,5.0,4.0,0.0,1.0,2.0,0.0,0.0,5.0,4.0,2.0,3.0,1.0,2.0,1.0,4.0,1.0,2.0,4.0,0.0,5.0,2.0,5.0,4.0,4.0,2.0,4.0,3.0,6.0,2.0,6.0,2.0,3.0,4.0,5.0,3.0,3.0,3.0,,4.0,4.0,3.0,,,,5.0,0.0,,2.0,2.0,5.0,0.0,4.0,3.0,0.0,6.0,0,,5.0,1.0,6.0,2.0,0.0,4.0,3.0,6.0,4.0,5.0,2.0,2.0,5.0,,2.0,2.0,4.0,5.0,5.0,3.0,3.0,,0.0,5.0,,59,0.05,2.578025477707006,-0.12551916305694022
7.0,3.0,3.0,0.0,0.0,3.0,5.0,5.0,5.0,5.0,6.0,4.0,3.0,5.0,,2.0,4.0,3.0,6.0,0.0,4.0,0.0,5.0,4.0,3.0,,5.0,4.0,0.0,0.0,1.0,5.0,6.0,7.0,2.0,3.0,7.0,5.0,6.0,4.0,2.0,4.0,6.0,6.0,3.0,3.0,2.0,1.0,2.0,0.0,2.0,7.0,6.0,7.0,7.0,1.0,,3.0,6.0,0.0,2.0,2.0,5.0,0.0,2.0,2,2.0,4.0,4.0,0.0,3.0,2.0,4.0,7.0,,5.0,4.0,2.0,,1.0,,2.0,4.0,6.0,5.0,6.0,7.0,4.0,2.0,7.0,7.0,7.0,60,0.05,2.7953125,-0.2018314763354053
3.0,0.0,0.0,,5.0,3.0,5.0,2.0,1.0,0.0,2.0,2.0,5.0,5.0,3.0,5.0,5.0,6.0,,1.0,1.0,6.0,3.0,,0.0,,5.0,1.0,0.0,0.0,6.0,3.0,2.0,5.0,3.0,2.0,4.0,0.0,3.0,5.0,2.0,4.0,3.0,0.0,1.0,,,4.0,3.0,1.0,5.0,3.0,2.0,4.0,3.0,6.0,6.0,1.0,5.0,3.0,2.0,6.0,3.0,5.0,,4,,6.0,3.0,3.0,4.0,5.0,3.0,4.0,6.0,4.0,5.0,2.0,4.0,2.0,6.0,,3.0,5.0,3.0,3.0,0.0,,3.0,0.0,,,61,0.05,2.4870967741935486,-0.08246124200889518
2.0,7.0,5.0,7.0,6.0,3.0,3.0,4.0,5.0,5.0,7.0,1.0,4.0,3.0,0.0,4.0,2.0,7.0,7.0,2.0,4.0,2.0,2.0,,4.0,1.0,5.0,4.0,7.0,6.0,5.0,1.0,6.0,2.0,4.0,3.0,,4.0,6.0,1.0,4.0,2.0,0.0,6.0,7.0,3.0,0.0,4.0,3.0,1.0,0.0,6.0,7.0,,0.0,0.0,,3.0,4.0,4.0,0.0,6.0,3.0,4.0,5.0,2,,4.0,3.0,0.0,1.0,6.0,0.0,4.0,,7.0,4.0,2.0,5.0,0.0,,5.0,5.0,1.0,3.0,3.0,2.0,3.0,,,,7.0,62,0.05,2.774091627172196,-0.1491309995176989
,,0.0,1.0,,5.0,5.0,6.0,1.0,6.0,3.0,6.0,0.0,2.0,4.0,4.0,,2.0,4.0,2.0,4.0,4.0,5.0,1.0,6.0,3.0,1.0,0.0,3.0,2.0,3.0,3.0,6.0,0.0,5.0,2.0,3.0,3.0,4.0,6.0,0.0,4.0,2.0,3.0,1.0,5.0,5.0,5.0,0.0,4.0,6.0,4.0,2.0,,4.0,4.0,6.0,3.0,6.0,6.0,2.0,5.0,5.0,2.0,4.0,4,,5.0,,,3.0,6.0,6.0,0.0,6.0,5.0,5.0,5.0,4.0,3.0,6.0,0.0,2.0,0.0,5.0,2.0,0.0,5.0,,,,,63,0.05,2.5974025974025974,-0.005309405353767861
6.0,2.0,1.0,,1.0,4.0,2.0,2.0,5.0,4.0,6.0,3.0,3.0,2.0,4.0,2.0,1.0,4.0,,0.0,5.0,3.0,0.0,0.0,6.0,,3.0,4.0,4.0,6.0,2.0,1.0,,5.0,4.0,4.0,,1.0,3.0,1.0,6.0,3.0,0.0,3.0,3.0,2.0,4.0,4.0,6.0,0.0,4.0,,1.0,0.0,2.0,5.0,4.0,5.0,3.0,5.0,6.0,4.0,2.0,3.0,4.0,0,3.0,3.0,1.0,3.0,1.0,4.0,1.0,3.0,3.0,0.0,2.0,6.0,5.0,5.0,6.0,0.0,2.0,4.0,0.0,1.0,2.0,4.0,4.0,,,4.0,64,0.05,2.6651162790697676,-0.09402107951989815
,,5.0,,4.0,6.0,7.0,3.0,5.0,3.0,6.0,6.0,5.0,2.0,0.0,1.0,5.0,3.0,3.0,6.0,4.0,5.0,,5.0,5.0,4.0,7.0,4.0,6.0,2.0,3.0,7.0,5.0,5.0,4.0,4.0,,5.0,1.0,0.0,3.0,0.0,,7.0,5.0,5.0,1.0,3.0,3.0,7.0,3.0,4.0,3.0,0.0,6.0,4.0,4.0,0.0,0.0,2.0,3.0,5.0,1.0,4.0,,1,4.0,1.0,6.0,6.0,0.0,,,7.0,0.0,2.0,4.0,3.0,7.0,3.0,0.0,,4.0,0.0,2.0,3.0,2.0,2.0,2.0,,,5.0,65,0.05,2.7535545023696684,0.03368024584065115
,5.0,4.0,1.0,5.0,0.0,3.0,2.0,4.0,3.0,1.0,2.0,4.0,3.0,,3.0,3.0,3.0,4.0,2.0,3.0,,1.0,,0.0,0.0,0.0,2.0,1.0,4.0,1.0,6.0,6.0,5.0,4.0,3.0,5.0,0.0,3.0,3.0,3.0,2.0,4.0,5.0,4.0,1.0,0.0,1.0,3.0,0.0,4.0,3.0,3.0,,4.0,,,5.0,,3.0,3.0,4.0,5.0,1.0,5.0,4,0.0,3.0,5.0,6.0,4.0,6.0,4.0,0.0,,6.0,0.0,2.0,1.0,3.0,,2.0,2.0,5.0,,1.0,5.0,3.0,5.0,5.0,6.0,4.0,66,0.05,2.467948717948718,-0.14904941888471185
0.0,3.0,4.0,0.0,,2.0,4.0,2.0,3.0,1.0,3.0,1.0,4.0,6.0,0.0,2.0,3.0,4.0,6.0,3.0,,,2.0,5.0,0.0,5.0,,3.0,,5.0,5.0,2.0,3.0,,3.0,5.0,5.0,0.0,3.0,3.0,2.0,2.0,5.0,3.0,2.0,4.0,1.0,4.0,2.0,4.0,6.0,5.0,4.0,6.0,1.0,5.0,6.0,0.0,3.0,5.0,2.0,4.0,3.0,4.0,,1,,1.0,5.0,,3.0,5.0,0.0,6.0,6.0,,4.0,3.0,0.0,0.0,5.0,,6.0,4.0,3.0,,3.0,5.0,3.0,0.0,4.0,,67,0.05,2.632911392405063,-0.1762796499870373
3.0,4.0,4.0,7.0,3.0,0.0,1.0,5.0,3.0,5.0,4.0,3.0,1.0,3.0,2.0,5.0,3.0,2.0,0.0,3.0,2.0,7.0,2.0,4.0,4.0,7.0,3.0,6.0,4.0,5.0,1.0,5.0,6.0,4.0,2.0,4.0,,7.0,5.0,5.0,3.0,5.0,7.0,5.0,2.0,4.0,,5.0,5.0,,5.0,5.0,5.0,,4.0,4.0,6.0,6.0,,,,7.0,4.0,6.0,5.0,3,0.0,3.0,1.0,4.0,1.0,0.0,3.0,0.0,,2.0,5.0,2.0,2.0,4.0,7.0,2.0,0.0,,7.0,3.0,0.0,0.0,0.0,7.0,0.0,,68,0.05,2.6347687400318978,-0.09900345634915435
5.0,6.0,2.0,4.0,1.0,6.0,2.0,2.0,0.0,,0.0,2.0,1.0,0.0,2.0,2.0,1.0,3.0,1.0,2.0,1.0,3.0,1.0,6.0,5.0,0.0,0.0,4.0,4.0,5.0,3.0,0.0,4.0,6.0,4.0,5.0,6.0,2.0,2.0,4.0,2.0,5.0,6.0,6.0,3.0,3.0,4.0,3.0,5.0,2.0,4.0,6.0,0.0,1.0,6.0,6.0,,4.0,0.0,4.0,,5.0,4.0,,2.0,3,6.0,6.0,2.0,3.0,5.0,5.0,4.0,,0.0,1.0,4.0,4.0,1.0,2.0,4.0,6.0,0.0,,5.0,5.0,5.0,4.0,4.0,,1.0,5.0,69,0.05,2.6220839813374806,-0.1413789207916015
5.0,,0.0,,,1.0,4.0,5.0,5.0,3.0,2.0,6.0,4.0,4.0,1.0,3.0,5.0,6.0,4.0,3.0,4.0,,4.0,5.0,,6.0,5.0,0.0,6.0,5.0,1.0,4.0,5.0,3.0,3.0,6.0,7.0,4.0,0.0,0.0,4.0,2.0,3.0,0.0,2.0,3.0,5.0,4.0,4.0,4.0,7.0,3.0,5.0,,4.0,0.0,,4.0,5.0,1.0,,2.0,2.0,5.0,,1,0.0,2.0,0.0,,6.0,1.0,,4.0,,,3.0,6.0,3.0,5.0,,0.0,7.0,4.0,2.0,4.0,2.0,6.0,4.0,0.0,5.0,4.0,70,0.05,3.0664556962025316,-0.18969976477620265
5.0,6.0,4.0,7.0,4.0,2.0,5.0,7.0,6.0,7.0,5.0,3.0,4.0,4.0,6.0,5.0,4.0,0.0,4.0,0.0,1.0,1.0,7.0,1.0,,2.0,5.0,,2.0,4.0,4.0,5.0,7.0,5.0,0.0,4.0,0.0,,1.0,1.0,3.0,4.0,2.0,3.0,3.0,3.0,0.0,7.0,4.0,,6.0,3.0,2.0,6.0,2.0,5.0,2.0,6.0,3.0,5.0,,2.0,2.0,0.0,7.0,6,0.0,3.0,7.0,6.0,3.0,5.0,0.0,,,1.0,0.0,3.0,4.0,3.0,3.0,2.0,6.0,5.0,4.0,5.0,3.0,5.0,,,0.0,,71,0.05,2.9553158705701077,-0.04262976291028411
4.0,,4.0,,6.0,1.0,1.0,4.0,7.0,3.0,4.0,3.0,1.0,8.0,0.0,2.0,0.0,8.0,2.0,7.0,5.0,8.0,0.0,0.0,4.0,8.0,1.0,3.0,,3.0,5.0,5.0,1.0,5.0,4.0,3.0,5.0,1.0,5.0,4.0,2.0,4.0,8.0,6.0,4.0,2.0,5.0,6.0,1.0,5.0,0.0,8.0,6.0,,5.0,3.0,7.0,4.0,0.0,2.0,4.0,3.0,3.0,2.0,,3,5.0,3.0,0.0,5.0,2.0,6.0,5.0,6.0,6.0,5.0,7.0,4.0,1.0,4.0,,6.0,5.0,0.0,0.0,,0.0,2.0,,7.0,4.0,,72,0.05,3.059282371294852,-0.19402300207416384
,5.0,3.0,,0.0,2.0,5.0,6.0,2.0,5.0,5.0,5.0,6.0,3.0,0.0,1.0,7.0,6.0,,5.0,4.0,0.0,7.0,,2.0,0.0,7.0,4.0,5.0,0.0,1.0,5.0,4.0,6.0,4.0,4.0,,,4.0,4.0,3.0,4.0,4.0,5.0,4.0,2.0,7.0,0.0,4.0,6.0,3.0,,6.0,,1.0,4.0,7.0,6.0,7.0,0.0,5.0,3.0,1.0,4.0,6.0,5,0.0,2.0,0.0,1.0,3.0,5.0,5.0,5.0,5.0,6.0,3.0,3.0,4.0,4.0,0.0,4.0,5.0,5.0,1.0,7.0,4.0,3.0,,5.0,,4.0,73,0.05,2.71658615136876,-0.21195428491976614
5.0,6.0,5.0,,5.0,2.0,0.0,0.0,0.0,,4.0,4.0,0.0,2.0,4.0,3.0,1.0,5.0,3.0,5.0,3.0,4.0,4.0,2.0,5.0,3.0,0.0,4.0,4.0,4.0,3.0,3.0,4.0,4.0,3.0,2.0,2.0,5.0,0.0,6.0,3.0,4.0,4.0,1.0,2.0,3.0,5.0,4.0,3.0,4.0,3.0,6.0,,,0.0,2.0,,4.0,0.0,5.0,4.0,6.0,4.0,,3.0,5,6.0,4.0,2.0,3.0,0.0,,1.0,3.0,6.0,0.0,6.0,2.0,1.0,4.0,,3.0,5.0,2.0,,4.0,1.0,,6.0,,2.0,3.0,74,0.05,2.4975922953451044,-0.18021828486386157
4.0,5.0,0.0,5.0,4.0,2.0,1.0,0.0,5.0,4.0,3.0,2.0,1.0,1.0,5.0,2.0,,4.0,3.0,2.0,2.0,,5.0,2.0,6.0,3.0,4.0,2.0,0.0,6.0,4.0,5.0,0.0,3.0,5.0,0.0,,2.0,2.0,1.0,2.0,3.0,1.0,2.0,4.0,3.0,6.0,2.0,1.0,6.0,5.0,2.0,3.0,5.0,5.0,3.0,0.0,6.0,3.0,4.0,,2.0,4.0,0.0,2.0,1,,3.0,3.0,5.0,4.0,,,1.0,,5.0,,3.0,3.0,5.0,,3.0,0.0,1.0,6.0,0.0,2.0,3.0,,4.0,,0.0,75,0.05,2.6555555555555554,-0.1905922723659888
5.0,,6.0,,3.0,3.0,0.0,5.0,3.0,5.0,2.0,6.0,5.0,2.0,2.0,3.0,6.0,3.0,0.0,3.0,1.0,1.0,5.0,4.0,3.0,2.0,4.0,3.0,4.0,4.0,2.0,,0.0,3.0,5.0,4.0,6.0,2.0,0.0,1.0,2.0,4.0,,6.0,5.0,4.0,,2.0,1.0,0.0,3.0,,2.0,4.0,2.0,2.0,5.0,5.0,3.0,5.0,4.0,3.0,1.0,4.0,0.0,2,0.0,3.0,3.0,,2.0,1.0,5.0,6.0,1.0,0.0,4.0,1.0,0.0,3.0,6.0,4.0,2.0,3.0,3.0,3.0,0.0,3.0,5.0,,5.0,,76,0.05,2.473851030110935,-0.04939200549211166
4.0,2.0,1.0,,4.0,1.0,2.0,2.0,3.0,4.0,3.0,1.0,0.0,4.0,3.0,3.0,0.0,1.0,5.0,1.0,4.0,5.0,,5.0,3.0,,1.0,2.0,2.0,4.0,0.0,3.0,4.0,1.0,3.0,2.0,4.0,3.0,0.0,2.0,3.0,3.0,2.0,2.0,1.0,3.0,4.0,,3.0,0.0,3.0,2.0,,4.0,2.0,0.0,3.0,3.0,2.0,2.0,0.0,,2.0,5.0,,1,5.0,0.0,3.0,,,4.0,4.0,4.0,,0.0,2.0,3.0,3.0,4.0,,2.0,3.0,5.0,3.0,0.0,3.0,5.0,,,4.0,,77,0.05,2.3088,-0.2559341024786454
5.0,5.0,4.0,,0.0,2.0,1.0,0.0,3.0,0.0,2.0,5.0,4.0,5.0,2.0,0.0,5.0,,4.0,1.0,3.0,0.0,6.0,1.0,4.0,4.0,3.0,4.0,4.0,1.0,6.0,1.0,3.0,,1.0,4.0,6.0,4.0,5.0,0.0,2.0,6.0,0.0,5.0,2.0,6.0,6.0,1.0,2.0,,0.0,0.0,3.0,5.0,6.0,2.0,3.0,5.0,,1.0,2.0,0.0,3.0,1.0,4.0,2,5.0,1.0,4.0,3.0,5.0,5.0,3.0,6.0,,,2.0,1.0,6.0,2.0,6.0,6.0,1.0,4.0,,5.0,2.0,4.0,4.0,,,,78,0.05,2.728125,-0.26146958264346365
8.0,4.0,3.0,,0.0,2.0,1.0,3.0,2.0,7.0,3.0,4.0,5.0,2.0,8.0,7.0,1.0,7.0,5.0,2.0,3.0,6.0,0.0,5.0,,5.0,2.0,3.0,1.0,6.0,4.0,2.0,3.0,5.0,4.0,3.0,8.0,5.0,4.0,5.0,4.0,8.0,3.0,4.0,3.0,0.0,3.0,7.0,3.0,0.0,4.0,1.0,1.0,8.0,5.0,0.0,4.0,,3.0,,,3.0,5.0,6.0,,0,,2.0,5.0,4.0,7.0,0.0,0.0,3.0,,3.0,6.0,2.0,0.0,3.0,3.0,4.0,4.0,1.0,6.0,0.0,8.0,5.0,5.0,8.0,5.0,,79,0.05,3.0047619047619043,-0.255534671209281
2.0,2.0,5.0,5.0,,4.0,6.0,3.0,5.0,2.0,2.0,5.0,2.0,0.0,4.0,3.0,2.0,3.0,6.0,1.0,3.0,3.0,1.0,5.0,1.0,0.0,5.0,6.0,7.0,6.0,0.0,3.0,0.0,6.0,0.0,3.0,,5.0,4.0,5.0,4.0,4.0,4.0,7.0,5.0,7.0,4.0,5.0,3.0,,7.0,5.0,6.0,,5.0,0.0,6.0,6.0,0.0,2.0,,6.0,5.0,7.0,4.0,1,3.0,1.0,4.0,6.0,5.0,4.0,4.0,,0.0,6.0,2.0,1.0,0.0,3.0,5.0,5.0,7.0,2.0,4.0,,6.0,0.0,4.0,,5.0,,80,0.05,2.9612403100775193,-0.13079490349393363
7.0,,,,4.0,2.0,5.0,0.0,0.0,7.0,3.0,6.0,4.0,4.0,0.0,2.0,3.0,6.0,,3.0,3.0,0.0,,0.0,3.0,,7.0,3.0,4.0,3.0,6.0,6.0,3.0,5.0,3.0,5.0,,2.0,2.0,6.0,0.0,0.0,5.0,4.0,4.0,3.0,3.0,4.0,1.0,2.0,3.0,3.0,5.0,,6.0,4.0,6.0,7.0,4.0,2.0,,4.0,5.0,4.0,6.0,4,3.0,3.0,5.0,2.0,,0.0,5.0,4.0,4.0,3.0,5.0,2.0,4.0,1.0,,0.0,1.0,6.0,2.0,0.0,5.0,3.0,5.0,,6.0,6.0,81,0.05,2.9337539432176656,-0.25307365495404427
2.0,3.0,1.0,2.0,3.0,3.0,2.0,2.0,1.0,3.0,2.0,3.0,4.0,3.0,6.0,6.0,5.0,3.0,0.0,1.0,2.0,4.0,5.0,0.0,6.0,7.0,7.0,1.0,0.0,3.0,4.0,6.0,7.0,7.0,1.0,4.0,7.0,,0.0,3.0,2.0,6.0,3.0,1.0,3.0,3.0,5.0,0.0,4.0,3.0,2.0,3.0,5.0,7.0,3.0,0.0,,4.0,6.0,2.0,6.0,5.0,5.0,0.0,,2,3.0,4.0,2.0,5.0,3.0,,2.0,2.0,0.0,5.0,5.0,5.0,6.0,2.0,,,1.0,0.0,6.0,0.0,2.0,,,7.0,7.0,7.0,82,0.05,2.804381846635368,-0.23267111386753847
,0.0,5.0,,5.0,4.0,0.0,5.0,6.0,3.0,,3.0,0.0,4.0,2.0,1.0,1.0,5.0,4.0,3.0,1.0,4.0,2.0,4.0,,3.0,4.0,,5.0,4.0,1.0,5.0,4.0,,1.0,3.0,2.0,2.0,3.0,1.0,2.0,4.0,5.0,6.0,3.0,3.0,5.0,3.0,2.0,2.0,0.0,,,,2.0,1.0,,3.0,2.0,4.0,,0.0,6.0,4.0,5.0,2,0.0,0.0,2.0,,4.0,5.0,3.0,5.0,5.0,3.0,2.0,5.0,0.0,0.0,5.0,,3.0,5.0,5.0,,4.0,0.0,6.0,6.0,6.0,4.0,83,0.05,2.784711388455538,-0.34342161840673546
,0.0,3.0,1.0,3.0,3.0,2.0,4.0,0.0,2.0,4.0,3.0,,2.0,3.0,4.0,5.0,,4.0,1.0,3.0,0.0,,2.0,2.0,,4.0,3.0,4.0,3.0,4.0,5.0,,3.0,2.0,3.0,4.0,0.0,0.0,3.0,0.0,1.0,4.0,3.0,0.0,6.0,3.0,4.0,1.0,6.0,3.0,3.0,6.0,5.0,1.0,0.0,5.0,4.0,5.0,4.0,0.0,2.0,3.0,2.0,4.0,3,,,1.0,6.0,3.0,5.0,6.0,4.0,6.0,5.0,6.0,4.0,4.0,5.0,5.0,5.0,2.0,,4.0,2.0,0.0,2.0,,,,4.0,84,0.05,2.5865384615384617,-0.23742312229507492
,1.0,3.0,6.0,1.0,0.0,2.0,4.0,6.0,6.0,0.0,7.0,6.0,4.0,6.0,5.0,3.0,3.0,7.0,5.0,2.0,7.0,1.0,4.0,,7.0,6.0,7.0,3.0,0.0,6.0,6.0,7.0,,3.0,3.0,7.0,5.0,6.0,3.0,5.0,4.0,,5.0,6.0,3.0,6.0,4.0,1.0,5.0,7.0,4.0,5.0,7.0,6.0,0.0,,6.0,7.0,6.0,7.0,,3.0,4.0,5.0,1,,7.0,2.0,7.0,0.0,0.0,0.0,4.0,0.0,,1.0,6.0,4.0,3.0,3.0,0.0,3.0,5.0,,5.0,4.0,2.0,,0.0,,,85,0.05,3.0419254658385095,-0.16762051473864611
0.0,,3.0,0.0,4.0,3.0,1.0,2.0,0.0,5.0,3.0,4.0,1.0,2.0,1.0,0.0,1.0,,1.0,0.0,2.0,4.0,2.0,5.0,3.0,0.0,2.0,2.0,5.0,2.0,3.0,4.0,0.0,4.0,4.0,0.0,,6.0,4.0,4.0,3.0,4.0,5.0,4.0,4.0,4.0,1.0,3.0,3.0,3.0,3.0,5.0,6.0,,3.0,0.0,3.0,,4.0,,4.0,2.0,5.0,3.0,,2,,2.0,2.0,5.0,6.0,,2.0,1.0,6.0,2.0,1.0,,1.0,1.0,,0.0,,3.0,2.0,5.0,4.0,1.0,6.0,,5.0,5.0,86,0.05,2.6132075471698113,-0.22628178532479973
0.0,4.0,4.0,7.0,5.0,4.0,3.0,4.0,7.0,3.0,5.0,2.0,3.0,7.0,7.0,3.0,0.0,4.0,6.0,5.0,3.0,1.0,3.0,7.0,6.0,2.0,2.0,6.0,7.0,0.0,5.0,4.0,0.0,7.0,2.0,4.0,,0.0,5.0,5.0,4.0,4.0,6.0,3.0,2.0,3.0,5.0,7.0,4.0,3.0,5.0,7.0,7.0,7.0,0.0,0.0,,4.0,0.0,2.0,3.0,3.0,3.0,5.0,,3,,5.0,2.0,2.0,0.0,6.0,3.0,7.0,5.0,6.0,7.0,5.0,3.0,3.0,,6.0,5.0,2.0,4.0,7.0,1.0,,,4.0,,0.0,87,0.05,2.7577235772357724,-0.12287535273647754
5.0,,5.0,4.0,5.0,3.0,3.0,3.0,1.0,3.0,5.0,5.0,0.0,2.0,2.0,2.0,4.0,3.0,3.0,2.0,2.0,5.0,4.0,4.0,6.0,2.0,3.0,1.0,3.0,6.0,5.0,0.0,5.0,5.0,3.0,3.0,4.0,,1.0,6.0,4.0,3.0,0.0,0.0,0.0,3.0,5.0,,6.0,4.0,,,1.0,6.0,6.0,5.0,4.0,0.0,4.0,5.0,5.0,4.0,4.0,6.0,0.0,5,,6.0,0.0,,5.0,5.0,2.0,,6.0,3.0,6.0,,4.0,6.0,4.0,,4.0,6.0,4.0,0.0,4.0,,,3.0,6.0,0.0,88,0.05,2.5209302325581397,-0.11379970907847169
6.0,,3.0,4.0,4.0,4.0,0.0,2.0,6.0,5.0,3.0,5.0,5.0,6.0,5.0,1.0,1.0,0.0,4.0,2.0,3.0,3.0,1.0,4.0,6.0,0.0,4.0,1.0,4.0,4.0,6.0,2.0,6.0,,3.0,3.0,6.0,0.0,5.0,0.0,,2.0,5.0,2.0,2.0,6.0,3.0,2.0,3.0,4.0,3.0,,2.0,,5.0,2.0,1.0,4.0,6.0,3.0,4.0,4.0,0.0,3.0,2.0,1,0.0,4.0,5.0,0.0,5.0,,2.0,2.0,6.0,,0.0,3.0,3.0,2.0,2.0,4.0,5.0,4.0,2.0,0.0,5.0,4.0,,4.0,6.0,,89,0.05,2.641304347826087,-0.1581613223568531
5.0,,6.0,7.0,1.0,0.0,2.0,1.0,3.0,5.0,7.0,5.0,5.0,5.0,6.0,3.0,5.0,,7.0,7.0,6.0,,4.0,7.0,3.0,0.0,3.0,5.0,,5.0,5.0,4.0,2.0,,5.0,1.0,6.0,5.0,3.0,3.0,2.0,4.0,4.0,7.0,4.0,3.0,0.0,,4.0,2.0,6.0,4.0,0.0,3.0,1.0,2.0,5.0,5.0,4.0,4.0,0.0,2.0,3.0,0.0,0.0,1,7.0,4.0,5.0,6.0,4.0,0.0,,7.0,7.0,7.0,5.0,3.0,3.0,2.0,7.0,1.0,2.0,7.0,0.0,2.0,6.0,2.0,2.0,,0.0,6.0,90,0.05,2.9393468118195956,-0.13868065617674752
,,5.0,,4.0,3.0,3.0,0.0,4.0,,4.0,5.0,4.0,4.0,6.0,3.0,4.0,7.0,4.0,2.0,3.0,0.0,2.0,5.0,7.0,0.0,0.0,2.0,3.0,4.0,5.0,3.0,,7.0,,4.0,6.0,,0.0,,2.0,4.0,5.0,6.0,0.0,0.0,5.0,7.0,1.0,0.0,2.0,3.0,1.0,6.0,3.0,2.0,2.0,6.0,2.0,0.0,7.0,4.0,5.0,5.0,3.0,5,2.0,3.0,3.0,1.0,5.0,0.0,1.0,4.0,,4.0,3.0,5.0,1.0,3.0,,4.0,5.0,4.0,,6.0,,4.0,2.0,3.0,4.0,,91,0.05,2.860062893081761,-0.13046131529260058
,,3.0,,,1.0,0.0,,3.0,4.0,6.0,6.0,4.0,7.0,3.0,3.0,6.0,6.0,2.0,1.0,2.0,3.0,6.0,4.0,2.0,6.0,4.0,3.0,3.0,3.0,2.0,6.0,,6.0,2.0,0.0,6.0,7.0,0.0,1.0,4.0,4.0,4.0,2.0,6.0,,4.0,2.0,5.0,6.0,4.0,7.0,4.0,0.0,5.0,7.0,2.0,4.0,3.0,5.0,2.0,6.0,1.0,5.0,0.0,1,,4.0,2.0,0.0,3.0,0.0,7.0,2.0,4.0,3.0,4.0,0.0,3.0,2.0,2.0,3.0,3.0,,3.0,5.0,0.0,1.0,7.0,,0.0,5.0,92,0.05,2.792937399678973,-0.10638814792339935
6.0,0.0,3.0,4.0,4.0,6.0,0.0,6.0,5.0,3.0,5.0,3.0,6.0,5.0,5.0,4.0,6.0,,,2.0,4.0,5.0,4.0,6.0,1.0,2.0,0.0,0.0,5.0,4.0,0.0,4.0,6.0,4.0,3.0,3.0,4.0,5.0,4.0,4.0,3.0,0.0,4.0,,3.0,3.0,3.0,,1.0,,2.0,,,,6.0,1.0,6.0,0.0,3.0,3.0,4.0,2.0,1.0,7.0,,5,7.0,0.0,6.0,4.0,3.0,6.0,2.0,6.0,,4.0,2.0,5.0,5.0,4.0,3.0,5.0,4.0,0.0,6.0,,2.0,3.0,4.0,,0.0,,93,0.05,2.908805031446541,-0.1436909875690098
4.0,,3.0,,3.0,0.0,2.0,6.0,7.0,5.0,6.0,6.0,2.0,0.0,2.0,4.0,1.0,0.0,4.0,4.0,3.0,0.0,5.0,0.0,6.0,6.0,,2.0,0.0,7.0,3.0,3.0,,5.0,6.0,3.0,7.0,4.0,7.0,5.0,6.0,5.0,0.0,1.0,4.0,0.0,,6.0,6.0,5.0,3.0,4.0,2.0,0.0,5.0,7.0,4.0,6.0,,5.0,,4.0,4.0,7.0,4.0,2,5.0,6.0,2.0,7.0,3.0,0.0,5.0,1.0,,1.0,3.0,6.0,6.0,6.0,6.0,4.0,3.0,7.0,,1.0,4.0,5.0,,5.0,3.0,6.0,94,0.05,2.671875,-0.040176482911857825
1.0,0.0,5.0,6.0,3.0,2.0,1.0,6.0,,0.0,3.0,3.0,4.0,1.0,5.0,0.0,0.0,6.0,3.0,1.0,2.0,4.0,,,2.0,1.0,6.0,1.0,0.0,3.0,4.0,1.0,4.0,4.0,1.0,3.0,5.0,3.0,3.0,3.0,3.0,3.0,4.0,1.0,3.0,6.0,3.0,4.0,2.0,3.0,3.0,4.0,5.0,3.0,2.0,3.0,5.0,3.0,2.0,3.0,3.0,3.0,1.0,5.0,,0,6.0,6.0,5.0,2.0,0.0,6.0,3.0,6.0,,2.0,4.0,1.0,0.0,1.0,2.0,0.0,1.0,,2.0,4.0,2.0,0.0,,,,4.0,95,0.05,2.7794117647058822,-0.34610770512215117
1.0,,7.0,4.0,4.0,3.0,4.0,6.0,7.0,2.0,6.0,3.0,4.0,5.0,6.0,2.0,0.0,0.0,2.0,4.0,3.0,6.0,0.0,,3.0,2.0,7.0,4.0,,4.0,2.0,,0.0,,7.0,2.0,,1.0,2.0,,0.0,6.0,6.0,1.0,2.0,1.0,3.0,2.0,4.0,0.0,1.0,,3.0,7.0,3.0,4.0,2.0,7.0,4.0,0.0,4.0,3.0,2.0,0.0,,4,6.0,3.0,4.0,,1.0,6.0,6.0,3.0,,7.0,6.0,0.0,,3.0,5.0,4.0,6.0,3.0,4.0,7.0,2.0,1.0,0.0,5.0,3.0,6.0,96,0.05,3.152886115444618,-0.08238675862062905
,,4.0,5.0,3.0,2.0,2.0,2.0,5.0,3.0,5.0,3.0,6.0,5.0,4.0,2.0,3.0,4.0,5.0,3.0,4.0,6.0,6.0,5.0,2.0,0.0,5.0,5.0,,2.0,1.0,5.0,,,0.0,4.0,2.0,2.0,,4.0,5.0,4.0,4.0,6.0,5.0,0.0,5.0,4.0,6.0,6.0,3.0,5.0,6.0,,0.0,4.0,4.0,0.0,2.0,6.0,2.0,5.0,3.0,4.0,,0,,1.0,0.0,6.0,4.0,3.0,1.0,6.0,6.0,,3.0,3.0,0.0,2.0,3.0,4.0,2.0,,4.0,,0.0,4.0,0.0,,3.0,,97,0.05,2.574568288854003,-0.1440651771492967
6.0,9.0,6.0,2.0,0.0,8.0,5.0,9.0,5.0,1.0,4.0,0.0,5.0,5.0,0.0,2.0,5.0,,4.0,4.0,3.0,4.0,6.0,3.0,9.0,9.0,8.0,3.0,9.0,6.0,5.0,,7.0,7.0,3.0,9.0,0.0,0.0,7.0,7.0,4.0,5.0,5.0,3.0,6.0,3.0,6.0,0.0,5.0,,5.0,8.0,4.0,,5.0,5.0,4.0,2.0,5.0,6.0,3.0,4.0,2.0,6.0,4.0,6,1.0,4.0,7.0,6.0,0.0,7.0,0.0,,,9.0,,7.0,6.0,7.0,6.0,6.0,1.0,4.0,0.0,3.0,6.0,5.0,0.0,7.0,,9.0,98,0.05,3.3676923076923075,-0.0432558847806262
2.0,6.0,1.0,,4.0,5.0,2.0,0.0,1.0,2.0,2.0,1.0,2.0,6.0,5.0,4.0,,3.0,5.0,2.0,3.0,3.0,2.0,6.0,6.0,0.0,6.0,1.0,0.0,3.0,1.0,5.0,4.0,,0.0,2.0,1.0,4.0,6.0,5.0,3.0,,0.0,,3.0,3.0,4.0,5.0,4.0,1.0,1.0,2.0,5.0,0.0,0.0,5.0,0.0,4.0,3.0,4.0,4.0,0.0,2.0,1.0,,4,,3.0,3.0,3.0,3.0,6.0,3.0,5.0,,3.0,4.0,4.0,4.0,0.0,5.0,4.0,4.0,4.0,5.0,5.0,,4.0,4.0,,5.0,,99,0.05,2.6386687797147386,-0.17370839229407412
,5.0,3.0,,5.0,3.0,6.0,4.0,3.0,3.0,2.0,6.0,3.0,3.0,2.0,1.0,6.0,,7.0,2.0,3.0,6.0,0.0,6.0,1.0,7.0,0.0,1.0,5.0,0.0,4.0,4.0,7.0,5.0,3.0,0.0,4.0,7.0,5.0,4.0,1.0,7.0,4.0,0.0,0.0,1.0,6.0,3.0,2.0,3.0,2.0,4.0,6.0,6.0,4.0,3.0,0.0,0.0,7.0,7.0,4.0,5.0,0.0,7.0,4.0,2,,3.0,2.0,1.0,6.0,7.0,5.0,7.0,,7.0,0.0,5.0,4.0,3.0,4.0,,5.0,6.0,4.0,2.0,3.0,1.0,2.0,1.0,5.0,,100,0.05,2.9892307692307694,-0.32943546537421226
7.0,7.0,4.0,,2.0,4.0,0.0,4.0,5.0,3.0,6.0,5.0,5.0,6.0,7.0,3.0,5.0,6.0,4.0,4.0,5.0,0.0,5.0,7.0,2.0,,2.0,2.0,,4.0,4.0,0.0,0.0,,7.0,6.0,,,6.0,4.0,5.0,4.0,3.0,,5.0,3.0,2.0,1.0,5.0,3.0,0.0,0.0,1.0,0.0,0.0,3.0,3.0,3.0,1.0,2.0,4.0,4.0,3.0,6.0,,2,2.0,2.0,4.0,5.0,3.0,,1.0,5.0,2.0,6.0,3.0,2.0,4.0,1.0,4.0,,0.0,6.0,2.0,6.0,1.0,7.0,6.0,0.0,,4.0,101,0.05,2.861464968152866,0.024792951002973893
5.0,4.0,3.0,4.0,2.0,1.0,2.0,2.0,4.0,5.0,,0.0,2.0,2.0,6.0,0.0,2.0,3.0,5.0,3.0,3.0,0.0,4.0,5.0,3.0,3.0,1.0,3.0,,5.0,4.0,6.0,4.0,,5.0,4.0,,,3.0,,1.0,0.0,4.0,5.0,1.0,2.0,5.0,2.0,0.0,5.0,1.0,4.0,0.0,,0.0,3.0,,6.0,4.0,0.0,,4.0,6.0,,0.0,1,5.0,4.0,4.0,1.0,6.0,,6.0,3.0,,3.0,3.0,3.0,6.0,3.0,3.0,5.0,1.0,3.0,5.0,1.0,0.0,2.0,6.0,,5.0,5.0,102,0.05,2.7849293563579276,-0.2768854064492012
4.0,4.0,3.0,0.0,4.0,3.0,4.0,1.0,6.0,2.0,3.0,3.0,4.0,,5.0,2.0,6.0,4.0,4.0,1.0,5.0,2.0,4.0,,2.0,0.0,3.0,4.0,4.0,3.0,6.0,5.0,3.0,2.0,0.0,0.0,4.0,3.0,4.0,3.0,,3.0,,0.0,5.0,5.0,2.0,1.0,2.0,,,,5.0,6.0,4.0,,,1.0,3.0,0.0,3.0,3.0,3.0,,5.0,2,0.0,3.0,5.0,3.0,6.0,6.0,6.0,5.0,6.0,5.0,,5.0,4.0,5.0,0.0,,6.0,0.0,3.0,,6.0,4.0,0.0,5.0,3.0,6.0,103,0.05,2.6242138364779874,-0.05001233059438654
4.0,6.0,1.0,,5.0,2.0,6.0,2.0,5.0,5.0,2.0,4.0,5.0,4.0,4.0,3.0,,3.0,4.0,5.0,0.0,0.0,3.0,0.0,6.0,,,0.0,4.0,4.0,3.0,,6.0,5.0,6.0,4.0,0.0,4.0,3.0,0.0,4.0,4.0,1.0,5.0,5.0,4.0,1.0,3.0,5.0,4.0,5.0,0.0,2.0,,2.0,3.0,4.0,6.0,3.0,2.0,5.0,5.0,4.0,6.0,5.0,3,6.0,4.0,0.0,6.0,5.0,1.0,3.0,4.0,,6.0,0.0,0.0,4.0,1.0,6.0,2.0,3.0,4.0,5.0,3.0,6.0,,,,6.0,5.0,104,0.05,2.625194401244168,-0.2800966782701813
7.0,,1.0,,0.0,0.0,2.0,5.0,2.0,1.0,2.0,5.0,3.0,0.0,4.0,4.0,4.0,,7.0,3.0,3.0,5.0,5.0,,3.0,4.0,4.0,0.0,1.0,6.0,,2.0,6.0,0.0,3.0,1.0,4.0,2.0,2.0,6.0,3.0,6.0,3.0,1.0,1.0,6.0,4.0,,5.0,0.0,,,1.0,0.0,7.0,0.0,7.0,4.0,1.0,3.0,0.0,6.0,1.0,6.0,,4,4.0,5.0,4.0,4.0,6.0,,1.0,4.0,,7.0,5.0,4.0,4.0,2.0,7.0,5.0,3.0,,0.0,5.0,4.0,6.0,3.0,,,7.0,105,0.05,2.78716744913928,-0.17218581003920744
0.0,0.0,5.0,,4.0,3.0,4.0,5.0,4.0,2.0,5.0,0.0,2.0,4.0,5.0,4.0,5.0,,2.0,6.0,2.0,6.0,1.0,4.0,,5.0,6.0,3.0,5.0,0.0,3.0,2.0,4.0,,6.0,5.0,4.0,2.0,4.0,5.0,1.0,4.0,6.0,5.0,4.0,5.0,4.0,5.0,3.0,5.0,6.0,6.0,4.0,,2.0,4.0,0.0,3.0,6.0,6.0,5.0,3.0,0.0,5.0,,3,,4.0,0.0,3.0,0.0,5.0,6.0,,6.0,4.0,4.0,0.0,2.0,4.0,5.0,1.0,4.0,2.0,,5.0,6.0,2.0,,5.0,2.0,0.0,106,0.05,2.4308681672025725,-0.023875609428476316
1.0,0.0,1.0,0.0,0.0,5.0,3.0,5.0,6.0,6.0,3.0,4.0,4.0,4.0,5.0,5.0,,3.0,2.0,1.0,3.0,2.0,3.0,0.0,3.0,3.0,0.0,3.0,,1.0,2.0,4.0,0.0,,3.0,0.0,2.0,,3.0,4.0,2.0,3.0,2.0,4.0,3.0,2.0,6.0,0.0,1.0,5.0,2.0,1.0,1.0,,2.0,3.0,,5.0,4.0,0.0,4.0,4.0,3.0,4.0,4.0,4,6.0,1.0,2.0,2.0,3.0,1.0,3.0,4.0,,4.0,0.0,3.0,3.0,5.0,2.0,6.0,2.0,6.0,3.0,3.0,4.0,,,,4.0,3.0,107,0.05,2.4599686028257457,0.053283995546347544
3.0,6.0,0.0,,3.0,3.0,2.0,6.0,2.0,4.0,3.0,1.0,0.0,0.0,1.0,3.0,0.0,6.0,3.0,1.0,1.0,3.0,0.0,3.0,5.0,,2.0,1.0,4.0,5.0,5.0,5.0,4.0,,3.0,5.0,0.0,2.0,2.0,3.0,1.0,2.0,2.0,1.0,2.0,2.0,0.0,5.0,2.0,0.0,3.0,3.0,0.0,2.0,4.0,,4.0,6.0,1.0,0.0,6.0,3.0,2.0,1.0,,3,,3.0,1.0,6.0,2.0,,4.0,2.0,,,4.0,5.0,4.0,3.0,4.0,2.0,4.0,4.0,,4.0,4.0,2.0,,,,,108,0.05,2.5448717948717947,-0.24647079596054872
4.0,5.0,2.0,0.0,3.0,5.0,2.0,5.0,7.0,6.0,6.0,4.0,3.0,3.0,4.0,4.0,4.0,5.0,5.0,0.0,2.0,5.0,4.0,0.0,5.0,5.0,5.0,5.0,2.0,7.0,4.0,2.0,3.0,5.0,2.0,2.0,4.0,1.0,2.0,0.0,3.0,2.0,1.0,0.0,4.0,4.0,3.0,4.0,5.0,6.0,7.0,,4.0,,1.0,4.0,0.0,5.0,2.0,0.0,,4.0,1.0,3.0,,2,,3.0,2.0,5.0,0.0,1.0,4.0,1.0,,,4.0,,5.0,0.0,,3.0,6.0,0.0,4.0,,7.0,3.0,7.0,4.0,6.0,4.0,109,0.05,2.909952606635071,-0.17753274548742284
,3.0,4.0,,3.0,3.0,0.0,1.0,3.0,6.0,3.0,3.0,1.0,4.0,1.0,4.0,4.0,4.0,5.0,0.0,2.0,1.0,0.0,4.0,6.0,6.0,2.0,5.0,5.0,3.0,4.0,5.0,5.0,0.0,4.0,2.0,5.0,,6.0,2.0,,3.0,5.0,4.0,3.0,4.0,1.0,2.0,4.0,1.0,2.0,1.0,0.0,6.0,3.0,2.0,4.0,4.0,0.0,3.0,4.0,4.0,3.0,2.0,4.0,3,5.0,0.0,4.0,3.0,6.0,4.0,2.0,2.0,0.0,3.0,,5.0,4.0,6.0,5.0,5.0,3.0,6.0,2.0,0.0,6.0,3.0,6.0,,0.0,2.0,110,0.05,2.546474358974359,-0.12142314819143175
,,2.0,,2.0,3.0,3.0,2.0,3.0,5.0,4.0,,3.0,3.0,1.0,0.0,2.0,6.0,,2.0,0.0,3.0,3.0,3.0,6.0,4.0,6.0,2.0,2.0,4.0,4.0,1.0,6.0,5.0,5.0,4.0,3.0,4.0,5.0,5.0,2.0,6.0,3.0,2.0,0.0,1.0,,4.0,0.0,1.0,2.0,4.0,0.0,5.0,5.0,0.0,4.0,2.0,,0.0,5.0,6.0,3.0,4.0,1.0,3,,0.0,4.0,6.0,0.0,5.0,3.0,4.0,5.0,4.0,3.0,2.0,2.0,3.0,6.0,5.0,1.0,0.0,,3.0,5.0,5.0,5.0,,6.0,1.0,111,0.05,2.615262321144674,-0.3996318327377869
2.0,5.0,3.0,4.0,,3.0,3.0,2.0,2.0,5.0,4.0,4.0,0.0,3.0,5.0,0.0,0.0,,6.0,1.0,3.0,4.0,6.0,4.0,3.0,4.0,,4.0,4.0,5.0,3.0,3.0,3.0,,6.0,5.0,1.0,,0.0,6.0,1.0,3.0,3.0,3.0,1.0,2.0,6.0,0.0,4.0,0.0,5.0,4.0,2.0,,2.0,3.0,5.0,4.0,3.0,1.0,,2.0,2.0,5.0,0.0,1,3.0,3.0,5.0,,4.0,6.0,5.0,3.0,0.0,5.0,0.0,2.0,,2.0,4.0,3.0,4.0,5.0,,2.0,6.0,0.0,5.0,,,3.0,112,0.05,2.704225352112676,-0.2858323607071578
6.0,,3.0,4.0,5.0,4.0,1.0,7.0,7.0,2.0,1.0,8.0,8.0,2.0,5.0,2.0,5.0,4.0,6.0,7.0,4.0,,,6.0,3.0,8.0,,5.0,8.0,4.0,2.0,7.0,7.0,2.0,3.0,0.0,,7.0,7.0,5.0,6.0,8.0,5.0,0.0,5.0,0.0,7.0,3.0,2.0,5.0,4.0,6.0,4.0,3.0,4.0,8.0,0.0,1.0,0.0,1.0,5.0,5.0,0.0,5.0,0.0,4,7.0,3.0,3.0,5.0,5.0,8.0,5.0,1.0,7.0,8.0,4.0,6.0,5.0,5.0,5.0,4.0,0.0,7.0,8.0,6.0,8.0,0.0,6.0,,4.0,0.0,113,0.05,3.321483771251932,-0.2282015323099642
3.0,,2.0,,2.0,3.0,1.0,0.0,0.0,,4.0,7.0,0.0,5.0,,3.0,0.0,5.0,7.0,4.0,3.0,6.0,7.0,,6.0,0.0,3.0,6.0,4.0,,2.0,4.0,5.0,3.0,5.0,7.0,3.0,4.0,5.0,3.0,5.0,2.0,4.0,6.0,1.0,1.0,2.0,0.0,2.0,2.0,2.0,4.0,7.0,7.0,,0.0,,7.0,4.0,4.0,7.0,4.0,5.0,1.0,5.0,4,6.0,3.0,2.0,3.0,5.0,0.0,3.0,,,7.0,3.0,1.0,0.0,2.0,7.0,1.0,2.0,6.0,,6.0,6.0,0.0,2.0,,4.0,6.0,114,0.05,2.9938080495356036,-0.2876304145102501
4.0,1.0,4.0,,,2.0,4.0,6.0,3.0,,5.0,6.0,4.0,2.0,6.0,1.0,5.0,3.0,4.0,3.0,3.0,5.0,0.0,,2.0,4.0,0.0,5.0,2.0,2.0,2.0,7.0,3.0,6.0,6.0,6.0,5.0,1.0,3.0,5.0,2.0,7.0,2.0,3.0,0.0,,3.0,5.0,3.0,7.0,4.0,7.0,7.0,,5.0,5.0,,5.0,0.0,0.0,1.0,3.0,4.0,2.0,4.0,2,6.0,0.0,3.0,6.0,0.0,4.0,,1.0,,3.0,3.0,0.0,1.0,0.0,5.0,4.0,2.0,6.0,1.0,7.0,6.0,5.0,0.0,4.0,3.0,,115,0.05,2.9671875,-0.12797274177277007
0.0,,4.0,,2.0,2.0,4.0,0.0,2.0,3.0,5.0,4.0,4.0,3.0,2.0,0.0,4.0,4.0,0.0,3.0,2.0,1.0,4.0,2.0,4.0,,,4.0,5.0,3.0,6.0,5.0,,0.0,,5.0,5.0,0.0,4.0,4.0,3.0,3.0,3.0,4.0,1.0,4.0,4.0,2.0,3.0,3.0,0.0,3.0,2.0,,2.0,5.0,3.0,3.0,2.0,2.0,6.0,3.0,2.0,5.0,5.0,1,,,4.0,0.0,1.0,,2.0,5.0,5.0,2.0,3.0,2.0,0.0,5.0,5.0,3.0,3.0,6.0,2.0,3.0,,4.0,0.0,,3.0,,116,0.05,2.4599358974358974,-0.05309024026830597
6.0,0.0,3.0,,5.0,0.0,1.0,2.0,1.0,3.0,2.0,4.0,4.0,,2.0,2.0,4.0,1.0,4.0,2.0,1.0,6.0,,3.0,3.0,,,5.0,4.0,4.0,4.0,3.0,6.0,,2.0,6.0,6.0,5.0,1.0,3.0,,3.0,3.0,0.0,0.0,6.0,4.0,3.0,3.0,4.0,6.0,0.0,3.0,4.0,3.0,3.0,5.0,5.0,4.0,0.0,0.0,5.0,4.0,5.0,3.0,2,,4.0,0.0,3.0,4.0,4.0,6.0,0.0,5.0,0.0,4.0,4.0,3.0,4.0,6.0,3.0,1.0,4.0,4.0,4.0,,3.0,3.0,6.0,3.0,,117,0.05,2.665610142630745,-0.26158865885334115
3.0,5.0,4.0,4.0,3.0,1.0,3.0,1.0,3.0,,4.0,,,0.0,6.0,1.0,0.0,3.0,1.0,0.0,0.0,6.0,3.0,6.0,3.0,5.0,4.0,1.0,4.0,,2.0,4.0,6.0,6.0,1.0,1.0,,,,0.0,2.0,4.0,1.0,3.0,3.0,6.0,3.0,4.0,4.0,4.0,4.0,2.0,5.0,,1.0,2.0,4.0,2.0,1.0,4.0,4.0,0.0,6.0,2.0,0.0,0,5.0,2.0,2.0,,4.0,,3.0,3.0,,3.0,0.0,3.0,3.0,1.0,,1.0,2.0,4.0,2.0,3.0,0.0,3.0,,5.0,1.0,,118,0.05,2.8496835443037973,-0.39710854671653806
,,4.0,,1.0,4.0,3.0,0.0,2.0,0.0,1.0,3.0,3.0,1.0,4.0,,4.0,4.0,2.0,1.0,0.0,0.0,,0.0,3.0,2.0,3.0,3.0,,4.0,2.0,4.0,5.0,0.0,5.0,3.0,4.0,5.0,1.0,1.0,4.0,0.0,4.0,5.0,1.0,2.0,4.0,0.0,0.0,3.0,1.0,3.0,3.0,,5.0,4.0,4.0,,5.0,1.0,4.0,5.0,5.0,2.0,3.0,2,4.0,4.0,0.0,2.0,,5.0,5.0,4.0,,4.0,5.0,4.0,,3.0,4.0,2.0,5.0,1.0,,1.0,,2.0,2.0,5.0,3.0,1.0,119,0.05,2.585055643879173,-0.09193724434709329
2.0,,2.0,0.0,6.0,0.0,6.0,4.0,4.0,5.0,,5.0,0.0,3.0,2.0,4.0,0.0,6.0,3.0,3.0,1.0,6.0,2.0,3.0,1.0,1.0,5.0,5.0,5.0,4.0,2.0,0.0,7.0,4.0,6.0,2.0,7.0,7.0,3.0,4.0,3.0,5.0,6.0,3.0,4.0,6.0,2.0,7.0,2.0,6.0,2.0,,,5.0,7.0,5.0,6.0,2.0,,1.0,0.0,6.0,2.0,7.0,5.0,1,5.0,1.0,5.0,0.0,5.0,5.0,5.0,5.0,0.0,,1.0,,3.0,4.0,0.0,4.0,3.0,2.0,2.0,0.0,4.0,4.0,7.0,7.0,,5.0,120,0.05,3.140845070422535,-0.18099749439525145
6.0,7.0,2.0,5.0,3.0,2.0,1.0,5.0,3.0,,4.0,5.0,4.0,1.0,5.0,0.0,3.0,4.0,0.0,2.0,0.0,6.0,,0.0,5.0,,1.0,1.0,2.0,7.0,4.0,5.0,4.0,3.0,6.0,6.0,,0.0,0.0,2.0,5.0,4.0,4.0,2.0,1.0,2.0,4.0,2.0,0.0,6.0,0.0,5.0,4.0,,3.0,6.0,4.0,,3.0,7.0,,4.0,4.0,1.0,7.0,2,,5.0,6.0,,1.0,3.0,7.0,2.0,7.0,,3.0,0.0,2.0,1.0,3.0,2.0,6.0,7.0,,4.0,4.0,3.0,6.0,0.0,5.0,1.0,121,0.05,3.0253164556962027,-0.23461201670516474
,2.0,3.0,0.0,0.0,1.0,5.0,5.0,1.0,6.0,6.0,4.0,0.0,2.0,2.0,1.0,2.0,6.0,2.0,1.0,1.0,,0.0,3.0,5.0,3.0,,0.0,3.0,0.0,1.0,2.0,3.0,,2.0,3.0,0.0,1.0,4.0,1.0,2.0,2.0,2.0,6.0,3.0,5.0,,6.0,1.0,0.0,2.0,6.0,1.0,4.0,3.0,6.0,1.0,4.0,,4.0,,5.0,2.0,,4.0,0,,2.0,1.0,1.0,2.0,,5.0,3.0,,2.0,2.0,2.0,3.0,3.0,1.0,0.0,4.0,3.0,4.0,5.0,3.0,5.0,2.0,,4.0,5.0,122,0.05,2.6801872074882995,-0.10593232995554337
,,4.0,,0.0,6.0,5.0,6.0,4.0,2.0,,6.0,5.0,7.0,4.0,2.0,4.0,6.0,2.0,2.0,3.0,4.0,5.0,3.0,3.0,1.0,1.0,7.0,,0.0,5.0,0.0,5.0,4.0,6.0,2.0,7.0,7.0,5.0,3.0,3.0,5.0,,6.0,4.0,4.0,7.0,7.0,5.0,5.0,3.0,3.0,2.0,0.0,4.0,3.0,2.0,5.0,6.0,5.0,5.0,6.0,0.0,,,4,,6.0,1.0,4.0,0.0,0.0,7.0,,,5.0,4.0,0.0,4.0,0.0,6.0,7.0,6.0,5.0,1.0,7.0,6.0,,0.0,6.0,7.0,6.0,123,0.05,2.984375,-0.012609687497635129
0.0,4.0,1.0,5.0,4.0,5.0,6.0,2.0,4.0,3.0,7.0,,2.0,4.0,6.0,4.0,3.0,5.0,4.0,4.0,2.0,3.0,6.0,4.0,0.0,5.0,,0.0,5.0,7.0,4.0,,7.0,7.0,3.0,0.0,,4.0,0.0,,4.0,3.0,2.0,3.0,1.0,0.0,3.0,0.0,2.0,0.0,4.0,4.0,0.0,,4.0,4.0,3.0,2.0,5.0,4.0,,3.0,2.0,,,4,6.0,1.0,4.0,2.0,2.0,2.0,7.0,6.0,,5.0,5.0,2.0,1.0,2.0,5.0,4.0,5.0,4.0,2.0,4.0,2.0,3.0,0.0,5.0,5.0,,124,0.05,2.8896,-0.22304838183199427
7.0,7.0,0.0,7.0,3.0,6.0,0.0,2.0,0.0,4.0,2.0,7.0,2.0,5.0,2.0,2.0,2.0,3.0,1.0,0.0,2.0,3.0,3.0,3.0,5.0,2.0,2.0,5.0,4.0,5.0,7.0,5.0,1.0,3.0,3.0,3.0,7.0,4.0,1.0,0.0,1.0,5.0,6.0,3.0,1.0,2.0,1.0,3.0,0.0,0.0,1.0,,4.0,7.0,4.0,0.0,5.0,7.0,4.0,6.0,,5.0,3.0,5.0,,6,,4.0,0.0,1.0,4.0,6.0,4.0,1.0,5.0,,,4.0,2.0,5.0,7.0,2.0,2.0,4.0,,4.0,4.0,6.0,0.0,,,,125,0.05,2.8378378378378377,-0.2691311551768386
5.0,,4.0,,1.0,0.0,1.0,3.0,5.0,3.0,6.0,5.0,5.0,4.0,6.0,4.0,3.0,,0.0,1.0,0.0,4.0,3.0,6.0,4.0,0.0,5.0,5.0,5.0,3.0,4.0,0.0,6.0,6.0,4.0,4.0,5.0,2.0,3.0,1.0,6.0,,3.0,4.0,,2.0,0.0,4.0,2.0,4.0,4.0,0.0,3.0,,2.0,5.0,0.0,4.0,3.0,4.0,,5.0,0.0,3.0,5.0,4,,4.0,5.0,1.0,,,3.0,6.0,4.0,,5.0,3.0,5.0,4.0,,6.0,0.0,,2.0,5.0,1.0,2.0,6.0,,2.0,6.0,126,0.05,2.802588996763754,-0.2315006424456254
4.0,0.0,0.0,5.0,3.0,2.0,0.0,6.0,1.0,1.0,0.0,2.0,6.0,1.0,3.0,4.0,4.0,,5.0,1.0,4.0,0.0,5.0,,0.0,1.0,4.0,2.0,6.0,3.0,2.0,,1.0,4.0,2.0,2.0,4.0,3.0,1.0,1.0,0.0,1.0,6.0,1.0,3.0,0.0,3.0,0.0,5.0,4.0,3.0,,4.0,2.0,3.0,4.0,,4.0,2.0,1.0,,3.0,3.0,3.0,5.0,1,5.0,1.0,4.0,,4.0,,4.0,2.0,1.0,0.0,2.0,2.0,5.0,3.0,5.0,3.0,2.0,6.0,6.0,5.0,,2.0,5.0,,4.0,,127,0.05,2.634460547504026,-0.2753353327325752
7.0,,1.0,,4.0,3.0,4.0,5.0,3.0,4.0,3.0,4.0,5.0,0.0,3.0,2.0,4.0,6.0,7.0,2.0,3.0,5.0,4.0,5.0,5.0,4.0,0.0,4.0,4.0,0.0,1.0,1.0,0.0,0.0,4.0,0.0,3.0,6.0,2.0,2.0,4.0,3.0,5.0,2.0,5.0,4.0,2.0,,4.0,6.0,3.0,,3.0,4.0,5.0,4.0,,,7.0,3.0,,0.0,6.0,5.0,,4,,0.0,4.0,5.0,,7.0,2.0,7.0,,6.0,0.0,5.0,2.0,3.0,6.0,5.0,2.0,6.0,5.0,5.0,6.0,0.0,6.0,,4.0,6.0,128,0.05,2.8510301109350236,-0.4264450044378365
1.0,0.0,1.0,0.0,6.0,5.0,5.0,8.0,2.0,,,7.0,3.0,3.0,8.0,5.0,7.0,4.0,6.0,3.0,4.0,0.0,6.0,3.0,7.0,6.0,7.0,1.0,3.0,6.0,5.0,4.0,7.0,,6.0,4.0,,,0.0,4.0,2.0,7.0,5.0,0.0,0.0,1.0,6.0,5.0,1.0,7.0,,6.0,4.0,7.0,7.0,6.0,6.0,6.0,7.0,6.0,,,4.0,5.0,5.0,5,7.0,3.0,0.0,8.0,4.0,1.0,4.0,7.0,3.0,0.0,2.0,4.0,0.0,2.0,4.0,6.0,4.0,8.0,,4.0,5.0,4.0,7.0,8.0,8.0,0.0,129,0.05,3.2248062015503876,-0.220332313506902
2.0,4.0,4.0,0.0,5.0,2.0,0.0,4.0,4.0,3.0,4.0,3.0,,2.0,6.0,5.0,5.0,2.0,2.0,2.0,6.0,6.0,4.0,5.0,2.0,6.0,2.0,,1.0,3.0,2.0,4.0,,0.0,,3.0,6.0,5.0,,3.0,4.0,1.0,5.0,6.0,6.0,3.0,2.0,2.0,5.0,0.0,1.0,6.0,2.0,,0.0,3.0,,5.0,5.0,4.0,,,3.0,0.0,3.0,4,,3.0,5.0,3.0,1.0,0.0,3.0,5.0,,3.0,0.0,0.0,0.0,1.0,5.0,1.0,3.0,4.0,6.0,2.0,6.0,2.0,3.0,,4.0,3.0,130,0.05,2.547433903576983,0.0399873310303097
1.0,,0.0,3.0,3.0,3.0,4.0,2.0,2.0,4.0,2.0,5.0,3.0,0.0,3.0,4.0,0.0,0.0,4.0,3.0,3.0,4.0,3.0,2.0,,4.0,5.0,2.0,3.0,1.0,1.0,5.0,4.0,3.0,4.0,3.0,0.0,3.0,2.0,2.0,2.0,3.0,5.0,5.0,2.0,0.0,0.0,4.0,1.0,4.0,2.0,5.0,,,4.0,3.0,4.0,2.0,3.0,3.0,5.0,5.0,2.0,4.0,,4,,3.0,2.0,3.0,1.0,,3.0,5.0,2.0,2.0,4.0,0.0,1.0,1.0,,2.0,1.0,5.0,,5.0,0.0,4.0,5.0,,0.0,3.0,131,0.05,2.1060358890701467,-0.1825581718124669
7.0,7.0,0.0,,3.0,5.0,2.0,3.0,0.0,5.0,1.0,3.0,2.0,3.0,2.0,0.0,0.0,4.0,3.0,3.0,2.0,,2.0,2.0,5.0,4.0,3.0,0.0,3.0,4.0,5.0,1.0,5.0,7.0,6.0,2.0,,7.0,3.0,4.0,1.0,7.0,4.0,1.0,3.0,2.0,7.0,3.0,3.0,4.0,4.0,2.0,5.0,7.0,2.0,,5.0,0.0,4.0,1.0,6.0,4.0,3.0,6.0,3.0,2,5.0,5.0,2.0,2.0,4.0,5.0,1.0,4.0,,0.0,3.0,1.0,4.0,1.0,7.0,3.0,2.0,5.0,2.0,0.0,5.0,4.0,0.0,,0.0,7.0,132,0.05,2.6498422712933754,-0.3755565777205709
5.0,,3.0,,5.0,3.0,4.0,2.0,,3.0,6.0,3.0,5.0,3.0,4.0,3.0,3.0,6.0,6.0,3.0,3.0,1.0,3.0,6.0,3.0,2.0,,3.0,1.0,2.0,3.0,1.0,3.0,3.0,6.0,1.0,6.0,6.0,0.0,0.0,4.0,4.0,5.0,0.0,1.0,0.0,1.0,3.0,2.0,0.0,4.0,,4.0,5.0,1.0,0.0,6.0,5.0,0.0,0.0,,2.0,5.0,3.0,6.0,4,4.0,4.0,2.0,5.0,6.0,,0.0,,0.0,,4.0,5.0,2.0,6.0,2.0,5.0,4.0,5.0,,,2.0,,,6.0,4.0,,133,0.05,2.690625,-0.2931434306144913
0.0,5.0,3.0,6.0,2.0,4.0,5.0,6.0,3.0,6.0,5.0,1.0,2.0,6.0,5.0,1.0,2.0,3.0,5.0,2.0,0.0,4.0,2.0,7.0,7.0,5.0,4.0,4.0,3.0,6.0,1.0,5.0,,,2.0,1.0,5.0,3.0,1.0,6.0,3.0,6.0,3.0,3.0,1.0,7.0,7.0,,5.0,2.0,3.0,7.0,2.0,0.0,5.0,6.0,0.0,,5.0,7.0,4.0,7.0,3.0,,,4,,5.0,5.0,5.0,6.0,,0.0,0.0,,1.0,4.0,0.0,5.0,3.0,7.0,0.0,4.0,5.0,7.0,1.0,0.0,3.0,0.0,6.0,6.0,,134,0.05,2.8315301391035548,-0.09540871676208985
6.0,7.0,0.0,,4.0,3.0,0.0,4.0,6.0,3.0,3.0,5.0,,3.0,2.0,2.0,5.0,4.0,4.0,3.0,3.0,4.0,3.0,,1.0,5.0,5.0,6.0,4.0,6.0,6.0,3.0,0.0,6.0,2.0,0.0,4.0,,3.0,0.0,4.0,2.0,,1.0,0.0,2.0,0.0,3.0,1.0,3.0,3.0,5.0,6.0,5.0,0.0,2.0,5.0,,2.0,3.0,,5.0,2.0,5.0,5.0,4,5.0,5.0,3.0,2.0,4.0,7.0,4.0,,7.0,6.0,4.0,6.0,5.0,4.0,,7.0,5.0,3.0,0.0,,1.0,6.0,,0.0,7.0,7.0,135,0.05,2.8699059561128526,-0.3605847407887875
3.0,,2.0,,1.0,2.0,2.0,2.0,2.0,5.0,3.0,2.0,,4.0,4.0,3.0,0.0,1.0,3.0,0.0,3.0,,4.0,,5.0,,3.0,1.0,1.0,2.0,1.0,2.0,1.0,,3.0,1.0,,4.0,2.0,4.0,3.0,0.0,1.0,2.0,0.0,4.0,,4.0,4.0,3.0,5.0,2.0,4.0,5.0,3.0,4.0,2.0,4.0,3.0,3.0,5.0,0.0,1.0,4.0,,0,1.0,1.0,1.0,4.0,2.0,4.0,2.0,,4.0,3.0,1.0,2.0,0.0,4.0,0.0,4.0,4.0,3.0,5.0,4.0,0.0,0.0,5.0,,4.0,,136,0.05,2.4469820554649266,-0.31566805934587266
0.0,4.0,5.0,,5.0,4.0,0.0,2.0,5.0,,2.0,4.0,3.0,1.0,2.0,5.0,0.0,2.0,5.0,3.0,3.0,,3.0,3.0,4.0,,,3.0,1.0,4.0,4.0,3.0,0.0,2.0,2.0,3.0,6.0,4.0,2.0,0.0,2.0,3.0,0.0,4.0,6.0,6.0,,3.0,1.0,6.0,4.0,,2.0,4.0,3.0,6.0,6.0,6.0,0.0,,4.0,4.0,2.0,5.0,,1,4.0,,1.0,4.0,2.0,1.0,1.0,4.0,,3.0,2.0,4.0,4.0,2.0,3.0,0.0,4.0,3.0,3.0,0.0,0.0,3.0,2.0,,3.0,3.0,137,0.05,2.647244094488189,-0.11083818819080779
6.0,,4.0,,6.0,4.0,1.0,6.0,0.0,1.0,5.0,,2.0,3.0,,4.0,1.0,2.0,,2.0,2.0,4.0,3.0,2.0,3.0,4.0,,1.0,5.0,0.0,0.0,0.0,3.0,4.0,5.0,4.0,6.0,0.0,4.0,3.0,0.0,4.0,0.0,0.0,4.0,4.0,3.0,4.0,4.0,0.0,3.0,5.0,3.0,5.0,1.0,5.0,4.0,3.0,4.0,5.0,,3.0,2.0,2.0,,3,,2.0,2.0,3.0,5.0,3.0,2.0,3.0,5.0,6.0,3.0,5.0,3.0,1.0,,0.0,2.0,4.0,1.0,4.0,3.0,3.0,3.0,3.0,5.0,6.0,138,0.05,2.5310015898251192,-0.2429828959458461
1.0,6.0,4.0,5.0,2.0,5.0,4.0,0.0,2.0,3.0,0.0,5.0,4.0,4.0,,3.0,0.0,,5.0,2.0,3.0,2.0,3.0,0.0,3.0,4.0,,0.0,2.0,4.0,,3.0,4.0,,4.0,5.0,0.0,6.0,4.0,5.0,3.0,5.0,0.0,5.0,1.0,5.0,6.0,6.0,2.0,2.0,5.0,,3.0,,4.0,0.0,5.0,2.0,1.0,3.0,,1.0,4.0,4.0,,2,,0.0,4.0,4.0,5.0,6.0,4.0,5.0,4.0,6.0,0.0,4.0,3.0,3.0,5.0,2.0,3.0,4.0,2.0,1.0,4.0,5.0,,,6.0,,139,0.05,2.6,-0.2540994483586011
1.0,0.0,3.0,,3.0,,4.0,3.0,5.0,0.0,6.0,3.0,0.0,2.0,1.0,2.0,3.0,6.0,6.0,3.0,2.0,2.0,4.0,,5.0,,3.0,3.0,3.0,6.0,1.0,2.0,3.0,5.0,4.0,2.0,3.0,5.0,3.0,6.0,1.0,4.0,5.0,1.0,4.0,0.0,6.0,1.0,6.0,4.0,3.0,6.0,3.0,,0.0,,5.0,6.0,6.0,6.0,0.0,4.0,1.0,4.0,4.0,3,,0.0,1.0,5.0,0.0,,2.0,,,2.0,4.0,5.0,5.0,3.0,,3.0,2.0,4.0,4.0,0.0,6.0,5.0,5.0,0.0,5.0,6.0,140,0.05,2.7555205047318614,-0.2305093054278466
,0.0,5.0,,4.0,2.0,6.0,5.0,4.0,6.0,0.0,6.0,3.0,6.0,4.0,0.0,3.0,1.0,2.0,2.0,4.0,4.0,6.0,4.0,4.0,6.0,6.0,2.0,4.0,4.0,3.0,,6.0,,5.0,5.0,4.0,,5.0,0.0,3.0,3.0,1.0,4.0,1.0,0.0,0.0,2.0,4.0,3.0,3.0,0.0,5.0,1.0,6.0,,4.0,3.0,3.0,6.0,4.0,0.0,3.0,4.0,,3,6.0,4.0,5.0,6.0,,5.0,5.0,3.0,4.0,5.0,4.0,1.0,6.0,3.0,3.0,5.0,3.0,,1.0,0.0,6.0,3.0,4.0,0.0,6.0,5.0,141,0.05,2.476725521669342,-0.09790373029769449
0.0,,,0.0,3.0,5.0,0.0,0.0,7.0,5.0,7.0,2.0,3.0,6.0,0.0,4.0,0.0,8.0,2.0,3.0,2.0,5.0,0.0,1.0,5.0,4.0,5.0,3.0,0.0,4.0,,6.0,7.0,5.0,6.0,4.0,,5.0,4.0,2.0,2.0,,0.0,2.0,5.0,4.0,6.0,7.0,3.0,3.0,5.0,,2.0,,0.0,3.0,,6.0,7.0,6.0,7.0,3.0,8.0,4.0,5.0,5,,2.0,5.0,3.0,,8.0,1.0,5.0,,7.0,5.0,5.0,3.0,4.0,7.0,5.0,1.0,2.0,6.0,3.0,2.0,4.0,4.0,,7.0,8.0,142,0.05,3.2044025157232703,-0.22206040909340286
5.0,,4.0,5.0,4.0,0.0,1.0,7.0,0.0,5.0,5.0,5.0,2.0,4.0,6.0,2.0,7.0,6.0,1.0,0.0,4.0,3.0,4.0,5.0,4.0,,5.0,4.0,2.0,5.0,0.0,3.0,4.0,4.0,3.0,,2.0,,1.0,3.0,3.0,0.0,3.0,5.0,5.0,4.0,5.0,4.0,4.0,0.0,2.0,0.0,2.0,6.0,5.0,2.0,0.0,0.0,7.0,2.0,6.0,5.0,3.0,5.0,,4,6.0,6.0,1.0,3.0,4.0,,4.0,1.0,,7.0,2.0,5.0,5.0,3.0,7.0,,1.0,,6.0,1.0,0.0,5.0,3.0,,5.0,,143,0.05,2.860062893081761,-0.11991410221994674
4.0,,2.0,5.0,5.0,1.0,1.0,4.0,2.0,0.0,3.0,4.0,6.0,3.0,2.0,3.0,3.0,0.0,0.0,1.0,1.0,2.0,4.0,1.0,0.0,5.0,,6.0,2.0,1.0,0.0,4.0,4.0,5.0,1.0,2.0,3.0,3.0,3.0,1.0,3.0,5.0,2.0,0.0,1.0,4.0,3.0,,5.0,2.0,2.0,0.0,5.0,,5.0,6.0,,5.0,1.0,0.0,1.0,3.0,4.0,3.0,2.0,2,,4.0,1.0,6.0,2.0,,4.0,0.0,3.0,,2.0,4.0,5.0,0.0,6.0,2.0,2.0,6.0,3.0,1.0,,5.0,2.0,,2.0,6.0,144,0.05,2.4817749603803487,-0.09126644963928558
0.0,4.0,3.0,,0.0,0.0,3.0,7.0,7.0,7.0,1.0,1.0,4.0,4.0,4.0,4.0,5.0,,4.0,5.0,4.0,,4.0,3.0,0.0,7.0,5.0,2.0,3.0,4.0,5.0,2.0,4.0,7.0,4.0,3.0,5.0,1.0,3.0,2.0,3.0,0.0,5.0,2.0,0.0,6.0,4.0,6.0,6.0,3.0,5.0,1.0,6.0,6.0,5.0,5.0,3.0,3.0,7.0,5.0,,4.0,2.0,,,2,,3.0,5.0,3.0,,0.0,3.0,1.0,0.0,2.0,5.0,4.0,4.0,2.0,,0.0,5.0,4.0,3.0,3.0,4.0,7.0,5.0,0.0,,,145,0.05,2.8215962441314555,0.0765772537734023
6.0,5.0,2.0,0.0,5.0,3.0,5.0,3.0,4.0,7.0,4.0,2.0,5.0,1.0,3.0,4.0,2.0,6.0,0.0,2.0,0.0,3.0,5.0,0.0,3.0,5.0,5.0,5.0,1.0,4.0,2.0,1.0,5.0,,3.0,7.0,7.0,,2.0,7.0,3.0,3.0,6.0,3.0,1.0,0.0,5.0,2.0,3.0,3.0,3.0,4.0,,,5.0,,4.0,4.0,2.0,2.0,0.0,2.0,7.0,3.0,,3,,3.0,5.0,4.0,0.0,,5.0,5.0,,1.0,0.0,1.0,0.0,2.0,4.0,4.0,0.0,3.0,4.0,5.0,5.0,1.0,6.0,7.0,2.0,7.0,146,0.05,2.8012618296529967,-0.2672476945619749
3.0,2.0,3.0,4.0,5.0,3.0,0.0,1.0,3.0,2.0,3.0,4.0,3.0,6.0,6.0,0.0,4.0,,6.0,2.0,1.0,6.0,0.0,6.0,2.0,1.0,4.0,5.0,2.0,5.0,5.0,5.0,6.0,2.0,0.0,2.0,4.0,5.0,0.0,4.0,0.0,2.0,5.0,,4.0,6.0,0.0,0.0,3.0,,3.0,6.0,3.0,,1.0,2.0,,2.0,6.0,3.0,4.0,1.0,1.0,1.0,2.0,1,,0.0,4.0,6.0,2.0,0.0,2.0,,,2.0,2.0,1.0,2.0,1.0,3.0,3.0,3.0,,2.0,4.0,,5.0,2.0,,6.0,,147,0.05,2.8351648351648353,-0.26688644770878245
0.0,,3.0,,3.0,4.0,2.0,2.0,0.0,4.0,0.0,6.0,5.0,1.0,3.0,3.0,4.0,4.0,7.0,1.0,2.0,5.0,6.0,6.0,,3.0,6.0,3.0,1.0,3.0,0.0,,0.0,7.0,3.0,2.0,4.0,6.0,2.0,3.0,5.0,5.0,3.0,1.0,4.0,5.0,5.0,0.0,4.0,7.0,3.0,7.0,3.0,,4.0,4.0,4.0,4.0,4.0,6.0,7.0,5.0,1.0,2.0,5.0,4,4.0,1.0,3.0,2.0,5.0,,1.0,5.0,,,6.0,2.0,5.0,4.0,6.0,1.0,2.0,2.0,4.0,4.0,0.0,0.0,7.0,0.0,,0.0,148,0.05,2.8134796238244513,-0.2788187892062845
7.0,,5.0,7.0,1.0,0.0,3.0,5.0,3.0,,4.0,7.0,0.0,0.0,6.0,3.0,2.0,,1.0,1.0,2.0,0.0,5.0,4.0,,2.0,5.0,1.0,4.0,5.0,2.0,4.0,5.0,4.0,4.0,2.0,,4.0,5.0,4.0,1.0,3.0,0.0,2.0,3.0,7.0,,5.0,4.0,3.0,0.0,,3.0,,2.0,3.0,0.0,2.0,1.0,4.0,,5.0,2.0,6.0,4.0,3,,4.0,2.0,5.0,2.0,0.0,3.0,7.0,,3.0,4.0,5.0,5.0,4.0,5.0,7.0,3.0,0.0,6.0,0.0,4.0,2.0,6.0,7.0,4.0,,149,0.05,2.815165876777251,-0.2549936703582335
3.0,,1.0,4.0,3.0,4.0,4.0,2.0,0.0,5.0,3.0,2.0,5.0,4.0,2.0,2.0,2.0,,4.0,3.0,0.0,2.0,,2.0,4.0,1.0,5.0,4.0,5.0,1.0,3.0,3.0,3.0,0.0,4.0,4.0,0.0,,5.0,2.0,1.0,3.0,4.0,2.0,1.0,4.0,3.0,4.0,0.0,3.0,,3.0,4.0,,4.0,5.0,3.0,0.0,4.0,5.0,2.0,5.0,3.0,0.0,,2,,3.0,1.0,,2.0,,3.0,,,5.0,3.0,3.0,2.0,0.0,4.0,3.0,4.0,0.0,3.0,2.0,0.0,2.0,,,2.0,3.0,150,0.05,2.3044871794871793,-0.054350694172780205
5.0,0.0,3.0,7.0,5.0,3.0,2.0,7.0,6.0,6.0,3.0,6.0,0.0,4.0,0.0,0.0,4.0,5.0,0.0,2.0,3.0,4.0,6.0,,2.0,,4.0,6.0,5.0,4.0,4.0,4.0,7.0,1.0,4.0,3.0,2.0,7.0,0.0,2.0,1.0,1.0,6.0,6.0,1.0,5.0,3.0,3.0,0.0,6.0,3.0,4.0,7.0,,4.0,2.0,3.0,2.0,4.0,2.0,4.0,3.0,1.0,2.0,,2,0.0,6.0,4.0,4.0,5.0,6.0,6.0,7.0,6.0,5.0,,3.0,,3.0,7.0,,1.0,0.0,3.0,4.0,3.0,5.0,2.0,0.0,7.0,7.0,151,0.05,2.7401574803149606,-0.20331152247172793
6.0,2.0,1.0,2.0,5.0,4.0,3.0,2.0,4.0,4.0,0.0,3.0,2.0,6.0,3.0,3.0,5.0,,5.0,3.0,2.0,,2.0,0.0,4.0,4.0,,0.0,1.0,4.0,5.0,4.0,,2.0,,5.0,0.0,5.0,2.0,3.0,3.0,,1.0,3.0,1.0,4.0,3.0,,4.0,1.0,4.0,5.0,3.0,0.0,6.0,6.0,3.0,3.0,4.0,2.0,6.0,4.0,0.0,0.0,3.0,3,4.0,4.0,5.0,0.0,,2.0,,3.0,5.0,0.0,1.0,6.0,4.0,4.0,6.0,,1.0,,2.0,5.0,4.0,4.0,,6.0,0.0,,152,0.05,2.699675324675325,0.015157613593745841
6.0,4.0,,,,1.0,4.0,4.0,3.0,2.0,6.0,2.0,3.0,0.0,3.0,0.0,1.0,2.0,6.0,3.0,4.0,1.0,4.0,4.0,,0.0,4.0,0.0,5.0,,1.0,2.0,4.0,3.0,6.0,4.0,4.0,0.0,3.0,2.0,2.0,0.0,3.0,1.0,3.0,0.0,3.0,,1.0,2.0,0.0,0.0,4.0,2.0,4.0,2.0,,3.0,4.0,2.0,5.0,2.0,,5.0,,3,5.0,1.0,5.0,0.0,5.0,,4.0,2.0,3.0,6.0,6.0,4.0,3.0,2.0,,3.0,3.0,4.0,2.0,1.0,4.0,4.0,2.0,3.0,3.0,6.0,153,0.05,2.8152866242038215,-0.23037726796046099
6.0,,0.0,0.0,6.0,0.0,2.0,2.0,5.0,0.0,2.0,4.0,2.0,0.0,2.0,1.0,0.0,2.0,,2.0,2.0,,1.0,4.0,5.0,2.0,3.0,4.0,3.0,6.0,4.0,0.0,5.0,4.0,0.0,6.0,,1.0,6.0,5.0,0.0,2.0,2.0,3.0,0.0,5.0,5.0,4.0,2.0,,5.0,5.0,3.0,,4.0,5.0,1.0,5.0,5.0,3.0,5.0,1.0,3.0,6.0,,1,,4.0,3.0,4.0,5.0,,4.0,,6.0,3.0,,6.0,3.0,2.0,,4.0,4.0,6.0,,6.0,5.0,6.0,4.0,,4.0,3.0,154,0.05,2.9368088467614535,-0.3289089179178382
7.0,0.0,5.0,5.0,1.0,3.0,1.0,2.0,4.0,6.0,6.0,3.0,0.0,0.0,2.0,1.0,7.0,7.0,5.0,3.0,0.0,5.0,4.0,7.0,,0.0,4.0,6.0,5.0,2.0,1.0,6.0,5.0,7.0,4.0,0.0,2.0,,3.0,5.0,2.0,5.0,3.0,1.0,4.0,3.0,5.0,5.0,3.0,1.0,5.0,4.0,2.0,3.0,4.0,3.0,1.0,,5.0,3.0,5.0,5.0,2.0,4.0,2.0,3,,3.0,7.0,7.0,3.0,5.0,0.0,,0.0,0.0,,5.0,3.0,3.0,6.0,5.0,5.0,5.0,0.0,5.0,,4.0,5.0,,4.0,6.0,155,0.05,2.864864864864865,-0.16812173029733293
4.0,,3.0,2.0,7.0,2.0,,2.0,1.0,6.0,3.0,5.0,,0.0,3.0,2.0,5.0,7.0,5.0,1.0,3.0,5.0,6.0,3.0,4.0,,4.0,2.0,3.0,2.0,4.0,0.0,6.0,3.0,2.0,0.0,3.0,6.0,1.0,0.0,3.0,3.0,4.0,3.0,4.0,6.0,5.0,3.0,7.0,2.0,2.0,,,,1.0,3.0,3.0,3.0,5.0,4.0,,5.0,3.0,4.0,,2,,2.0,3.0,6.0,5.0,7.0,5.0,3.0,0.0,5.0,4.0,3.0,4.0,1.0,0.0,7.0,3.0,3.0,0.0,0.0,0.0,4.0,7.0,,,0.0,156,0.05,2.878787878787879,-0.22421882509409533
4.0,,5.0,6.0,,3.0,5.0,0.0,5.0,4.0,4.0,4.0,6.0,0.0,5.0,,0.0,3.0,1.0,,3.0,5.0,2.0,,3.0,6.0,1.0,4.0,5.0,5.0,0.0,3.0,5.0,6.0,1.0,,,3.0,,6.0,,4.0,4.0,0.0,3.0,4.0,1.0,3.0,4.0,4.0,,,0.0,3.0,4.0,4.0,0.0,0.0,0.0,3.0,6.0,0.0,3.0,,6.0,5,5.0,1.0,3.0,2.0,2.0,3.0,4.0,6.0,,3.0,2.0,6.0,1.0,2.0,6.0,4.0,6.0,3.0,3.0,,5.0,2.0,1.0,4.0,5.0,6.0,157,0.05,2.913793103448276,-0.2469403633249947
0.0,6.0,6.0,0.0,4.0,0.0,4.0,5.0,4.0,1.0,2.0,5.0,5.0,3.0,6.0,2.0,3.0,,,5.0,5.0,3.0,1.0,3.0,2.0,,,,5.0,4.0,4.0,5.0,6.0,3.0,2.0,0.0,3.0,,3.0,5.0,5.0,2.0,,0.0,0.0,5.0,5.0,0.0,2.0,4.0,4.0,5.0,,5.0,4.0,5.0,4.0,4.0,3.0,3.0,,1.0,3.0,5.0,,1,2.0,0.0,1.0,6.0,,5.0,5.0,,0.0,4.0,2.0,4.0,4.0,5.0,2.0,,5.0,3.0,0.0,,6.0,3.0,6.0,1.0,5.0,4.0,158,0.05,2.819776714513557,-0.135600488240741
5.0,,6.0,7.0,3.0,4.0,0.0,6.0,0.0,3.0,1.0,1.0,2.0,3.0,3.0,3.0,3.0,6.0,7.0,3.0,2.0,6.0,,0.0,2.0,6.0,7.0,3.0,1.0,4.0,5.0,1.0,,6.0,2.0,4.0,,,2.0,6.0,7.0,0.0,5.0,0.0,4.0,,5.0,0.0,4.0,0.0,4.0,,6.0,7.0,5.0,4.0,6.0,5.0,6.0,6.0,0.0,2.0,3.0,3.0,0.0,6,,6.0,4.0,,0.0,,2.0,7.0,7.0,6.0,5.0,6.0,5.0,3.0,,3.0,5.0,7.0,4.0,6.0,1.0,5.0,4.0,4.0,,4.0,159,0.05,3.0389408099688473,-0.2005752603404182
,,4.0,,2.0,1.0,4.0,2.0,0.0,0.0,4.0,5.0,0.0,5.0,5.0,5.0,5.0,4.0,,3.0,6.0,6.0,4.0,7.0,4.0,4.0,1.0,4.0,6.0,0.0,2.0,3.0,3.0,5.0,7.0,4.0,6.0,7.0,5.0,2.0,1.0,1.0,7.0,0.0,6.0,4.0,0.0,3.0,3.0,5.0,3.0,5.0,0.0,1.0,5.0,4.0,5.0,2.0,3.0,7.0,7.0,2.0,3.0,4.0,,1,,3.0,4.0,3.0,2.0,2.0,3.0,,,0.0,3.0,5.0,0.0,2.0,5.0,4.0,3.0,5.0,0.0,4.0,7.0,5.0,5.0,1.0,4.0,,160,0.05,2.710651828298887,-0.09940085192924818
4.0,,7.0,7.0,5.0,2.0,3.0,0.0,4.0,0.0,5.0,6.0,3.0,0.0,2.0,3.0,3.0,1.0,3.0,5.0,1.0,6.0,7.0,6.0,5.0,2.0,4.0,4.0,2.0,1.0,0.0,2.0,1.0,,2.0,4.0,2.0,,3.0,4.0,5.0,3.0,0.0,5.0,6.0,4.0,4.0,,1.0,5.0,6.0,4.0,7.0,3.0,3.0,6.0,7.0,7.0,4.0,5.0,1.0,7.0,0.0,7.0,,2,6.0,6.0,0.0,5.0,6.0,3.0,5.0,3.0,7.0,3.0,4.0,5.0,5.0,3.0,3.0,1.0,6.0,0.0,5.0,3.0,5.0,1.0,0.0,,0.0,,161,0.05,2.918960244648318,-0.07720417104918334
0.0,,5.0,,4.0,6.0,3.0,2.0,1.0,6.0,2.0,7.0,5.0,3.0,4.0,6.0,4.0,2.0,,2.0,0.0,0.0,7.0,4.0,6.0,5.0,6.0,3.0,3.0,6.0,6.0,0.0,4.0,,3.0,2.0,2.0,,1.0,7.0,0.0,0.0,4.0,4.0,3.0,2.0,6.0,5.0,7.0,4.0,7.0,5.0,7.0,6.0,6.0,,,,6.0,5.0,4.0,7.0,4.0,7.0,0.0,4,7.0,2.0,3.0,3.0,5.0,0.0,1.0,3.0,,5.0,0.0,5.0,7.0,7.0,,7.0,2.0,,3.0,0.0,7.0,5.0,,5.0,,6.0,162,0.05,3.1298904538341157,-0.09459008998133739
3.0,,4.0,0.0,0.0,4.0,,3.0,4.0,6.0,6.0,1.0,6.0,2.0,2.0,4.0,2.0,0.0,3.0,1.0,1.0,3.0,,6.0,4.0,1.0,,3.0,3.0,2.0,4.0,5.0,5.0,1.0,0.0,5.0,1.0,,5.0,5.0,1.0,3.0,4.0,1.0,0.0,0.0,5.0,4.0,1.0,4.0,5.0,,0.0,0.0,0.0,2.0,1.0,3.0,1.0,3.0,4.0,4.0,2.0,5.0,0.0,4,,5.0,3.0,6.0,3.0,6.0,6.0,6.0,3.0,5.0,4.0,5.0,4.0,1.0,4.0,6.0,4.0,6.0,6.0,2.0,4.0,3.0,2.0,1.0,3.0,,163,0.05,2.597110754414125,-0.060962115365226326
2.0,5.0,3.0,0.0,2.0,4.0,5.0,1.0,,1.0,3.0,3.0,4.0,2.0,3.0,1.0,3.0,,4.0,1.0,3.0,,5.0,2.0,6.0,2.0,4.0,,3.0,0.0,2.0,2.0,0.0,,1.0,4.0,4.0,5.0,3.0,4.0,0.0,0.0,4.0,3.0,0.0,3.0,3.0,2.0,1.0,5.0,2.0,6.0,6.0,2.0,3.0,0.0,6.0,3.0,2.0,5.0,5.0,5.0,1.0,,3.0,0,,4.0,2.0,,1.0,,1.0,5.0,4.0,2.0,2.0,2.0,6.0,0.0,1.0,3.0,0.0,4.0,2.0,5.0,4.0,6.0,,5.0,4.0,,164,0.05,2.790951638065523,-0.35659991928584456
5.0,4.0,4.0,3.0,0.0,5.0,0.0,2.0,4.0,0.0,2.0,4.0,5.0,2.0,3.0,3.0,3.0,5.0,4.0,6.0,5.0,4.0,1.0,2.0,4.0,6.0,0.0,3.0,4.0,2.0,5.0,5.0,2.0,5.0,5.0,3.0,,0.0,4.0,,4.0,,5.0,3.0,0.0,4.0,6.0,4.0,4.0,4.0,0.0,4.0,1.0,4.0,3.0,2.0,1.0,1.0,3.0,0.0,2.0,1.0,5.0,5.0,,3,1.0,2.0,3.0,4.0,6.0,0.0,3.0,5.0,,,6.0,4.0,6.0,3.0,6.0,,1.0,3.0,1.0,5.0,4.0,0.0,4.0,5.0,,,165,0.05,2.4856687898089174,-0.05756617259324408
5.0,3.0,1.0,6.0,5.0,1.0,2.0,4.0,1.0,5.0,6.0,2.0,4.0,5.0,4.0,2.0,2.0,4.0,6.0,0.0,5.0,4.0,2.0,,6.0,0.0,0.0,2.0,6.0,,5.0,3.0,0.0,,4.0,4.0,5.0,4.0,2.0,0.0,0.0,1.0,6.0,1.0,3.0,0.0,1.0,0.0,3.0,4.0,2.0,4.0,,3.0,2.0,1.0,,4.0,5.0,2.0,5.0,3.0,2.0,1.0,,3,3.0,1.0,5.0,6.0,4.0,6.0,0.0,0.0,4.0,5.0,4.0,3.0,1.0,3.0,,2.0,5.0,4.0,6.0,4.0,3.0,3.0,4.0,,3.0,,166,0.05,2.5258215962441315,-0.3255197361509126
,,0.0,1.0,2.0,4.0,1.0,5.0,2.0,,1.0,0.0,3.0,2.0,3.0,1.0,4.0,5.0,3.0,2.0,1.0,4.0,2.0,5.0,4.0,2.0,,3.0,0.0,3.0,3.0,,,5.0,0.0,1.0,3.0,2.0,1.0,5.0,3.0,3.0,5.0,1.0,3.0,2.0,4.0,0.0,4.0,0.0,1.0,1.0,4.0,2.0,4.0,3.0,2.0,,3.0,2.0,3.0,0.0,0.0,3.0,,1,1.0,4.0,2.0,4.0,4.0,1.0,4.0,5.0,,0.0,3.0,2.0,3.0,2.0,2.0,2.0,2.0,3.0,3.0,2.0,3.0,4.0,0.0,,4.0,,167,0.05,2.1458333333333335,-0.10374041170183423
5.0,,5.0,,6.0,5.0,3.0,3.0,3.0,6.0,7.0,5.0,,5.0,0.0,5.0,7.0,4.0,2.0,5.0,4.0,4.0,6.0,,1.0,2.0,7.0,0.0,,5.0,0.0,0.0,7.0,7.0,7.0,,7.0,3.0,5.0,5.0,6.0,2.0,,6.0,6.0,5.0,7.0,5.0,7.0,7.0,6.0,5.0,7.0,6.0,6.0,4.0,5.0,,0.0,5.0,0.0,3.0,4.0,4.0,7.0,3,,4.0,5.0,0.0,,,0.0,0.0,0.0,7.0,6.0,6.0,4.0,3.0,4.0,5.0,5.0,6.0,2.0,5.0,7.0,6.0,,,6.0,,168,0.05,2.805071315372425,-0.03341528056692663
2.0,,0.0,2.0,3.0,3.0,4.0,5.0,5.0,4.0,4.0,4.0,5.0,5.0,6.0,5.0,2.0,0.0,3.0,2.0,4.0,4.0,1.0,3.0,5.0,0.0,0.0,2.0,2.0,6.0,,3.0,3.0,5.0,1.0,4.0,,1.0,5.0,5.0,3.0,1.0,,3.0,5.0,2.0,3.0,2.0,1.0,1.0,3.0,0.0,1.0,2.0,2.0,2.0,,6.0,5.0,0.0,,2.0,5.0,4.0,4.0,1,,4.0,6.0,6.0,,5.0,5.0,6.0,0.0,,3.0,2.0,4.0,0.0,3.0,6.0,6.0,5.0,,3.0,2.0,6.0,5.0,0.0,0.0,5.0,169,0.05,2.6609375,0.06889007620004914
0.0,3.0,1.0,3.0,7.0,4.0,3.0,7.0,6.0,,6.0,6.0,4.0,4.0,3.0,4.0,3.0,,0.0,6.0,3.0,4.0,2.0,1.0,3.0,3.0,,5.0,5.0,5.0,7.0,2.0,3.0,,4.0,,,3.0,2.0,4.0,3.0,4.0,3.0,3.0,2.0,3.0,,5.0,2.0,0.0,0.0,3.0,5.0,6.0,6.0,6.0,0.0,5.0,5.0,5.0,6.0,2.0,2.0,6.0,,0,3.0,0.0,0.0,3.0,4.0,5.0,4.0,3.0,,3.0,7.0,3.0,3.0,2.0,3.0,1.0,3.0,0.0,5.0,5.0,4.0,3.0,0.0,,3.0,,170,0.05,2.9187898089171975,-0.0055637088088602805
2.0,0.0,0.0,2.0,3.0,4.0,3.0,4.0,4.0,5.0,4.0,0.0,1.0,1.0,3.0,1.0,2.0,,,2.0,0.0,6.0,5.0,,6.0,2.0,2.0,3.0,3.0,4.0,3.0,1.0,5.0,4.0,3.0,1.0,4.0,4.0,5.0,0.0,3.0,4.0,1.0,0.0,1.0,6.0,4.0,1.0,6.0,5.0,5.0,4.0,2.0,2.0,2.0,,2.0,0.0,6.0,6.0,,2.0,0.0,1.0,3.0,3,0.0,2.0,4.0,,6.0,,4.0,4.0,4.0,6.0,,4.0,1.0,6.0,,6.0,2.0,4.0,5.0,6.0,4.0,2.0,5.0,0.0,,,171,0.05,2.690993788819876,-0.13813133060248184
0.0,1.0,4.0,6.0,4.0,1.0,4.0,4.0,5.0,5.0,4.0,,3.0,5.0,6.0,2.0,0.0,0.0,6.0,1.0,3.0,3.0,4.0,1.0,5.0,6.0,5.0,3.0,4.0,5.0,2.0,5.0,6.0,5.0,4.0,0.0,2.0,,6.0,5.0,4.0,4.0,2.0,4.0,3.0,3.0,5.0,0.0,4.0,1.0,4.0,0.0,5.0,1.0,3.0,5.0,0.0,3.0,6.0,1.0,0.0,2.0,1.0,6.0,5.0,2,3.0,5.0,1.0,3.0,3.0,6.0,,2.0,0.0,2.0,3.0,2.0,3.0,3.0,4.0,3.0,3.0,,,2.0,5.0,3.0,0.0,6.0,2.0,,172,0.05,2.4032,-0.018743117080851652
4.0,0.0,4.0,,2.0,4.0,4.0,0.0,0.0,5.0,4.0,1.0,4.0,3.0,6.0,3.0,1.0,4.0,3.0,4.0,0.0,4.0,2.0,,6.0,2.0,4.0,1.0,1.0,4.0,2.0,3.0,5.0,,5.0,0.0,,3.0,6.0,5.0,3.0,4.0,2.0,5.0,5.0,0.0,5.0,1.0,5.0,5.0,5.0,4.0,3.0,0.0,6.0,4.0,5.0,5.0,5.0,4.0,5.0,3.0,4.0,4.0,5.0,2,4.0,4.0,1.0,,2.0,0.0,2.0,0.0,2.0,1.0,6.0,5.0,3.0,2.0,,4.0,6.0,5.0,6.0,,,0.0,,,4.0,,173,0.05,2.547169811320755,-0.020576644334794378
5.0,5.0,0.0,,6.0,4.0,0.0,3.0,3.0,2.0,0.0,3.0,3.0,3.0,0.0,5.0,4.0,5.0,0.0,2.0,5.0,1.0,,,6.0,5.0,,4.0,4.0,5.0,4.0,6.0,1.0,3.0,3.0,2.0,6.0,5.0,6.0,5.0,4.0,0.0,5.0,4.0,0.0,1.0,5.0,0.0,1.0,,2.0,1.0,5.0,3.0,4.0,4.0,5.0,4.0,4.0,5.0,3.0,,1.0,3.0,,1,1.0,1.0,2.0,,,,5.0,5.0,,3.0,4.0,5.0,3.0,0.0,3.0,4.0,3.0,3.0,5.0,2.0,3.0,1.0,4.0,0.0,3.0,,174,0.05,2.7679127725856696,-0.18960517427422993
5.0,6.0,0.0,,1.0,2.0,3.0,2.0,6.0,6.0,2.0,3.0,4.0,4.0,,4.0,4.0,,,1.0,3.0,,4.0,3.0,4.0,0.0,1.0,4.0,4.0,0.0,1.0,5.0,4.0,5.0,1.0,3.0,,,2.0,4.0,3.0,4.0,0.0,2.0,4.0,1.0,5.0,3.0,2.0,0.0,4.0,2.0,2.0,3.0,5.0,0.0,6.0,2.0,5.0,5.0,,4.0,1.0,3.0,1.0,2,6.0,4.0,,1.0,4.0,6.0,1.0,5.0,2.0,3.0,0.0,4.0,4.0,1.0,5.0,2.0,3.0,2.0,1.0,2.0,0.0,5.0,4.0,0.0,,0.0,175,0.05,2.5160771704180065,-0.075877422338317
5.0,7.0,0.0,3.0,4.0,1.0,4.0,0.0,2.0,3.0,5.0,7.0,4.0,4.0,2.0,3.0,3.0,6.0,7.0,4.0,4.0,5.0,6.0,0.0,3.0,7.0,2.0,1.0,7.0,0.0,3.0,5.0,5.0,7.0,0.0,,,7.0,5.0,3.0,3.0,2.0,,0.0,6.0,3.0,4.0,1.0,4.0,6.0,4.0,1.0,5.0,3.0,2.0,5.0,5.0,5.0,6.0,0.0,0.0,3.0,3.0,5.0,,2,5.0,4.0,2.0,,0.0,7.0,4.0,7.0,,,2.0,0.0,3.0,5.0,5.0,1.0,2.0,,5.0,4.0,5.0,4.0,6.0,,,,176,0.05,2.918622848200313,-0.3845133108614386
,0.0,2.0,7.0,5.0,4.0,2.0,5.0,1.0,5.0,1.0,6.0,2.0,4.0,7.0,1.0,4.0,6.0,,3.0,0.0,1.0,4.0,2.0,,0.0,,0.0,7.0,4.0,,3.0,6.0,7.0,1.0,4.0,3.0,4.0,5.0,5.0,3.0,5.0,,5.0,2.0,0.0,3.0,,3.0,4.0,5.0,4.0,3.0,6.0,5.0,3.0,4.0,4.0,2.0,0.0,2.0,0.0,5.0,5.0,4.0,5,6.0,5.0,2.0,4.0,,4.0,6.0,3.0,,7.0,4.0,5.0,5.0,3.0,,6.0,1.0,2.0,7.0,4.0,0.0,6.0,0.0,,,0.0,177,0.05,2.9410828025477707,-0.14107729743245534
,,4.0,3.0,1.0,2.0,2.0,3.0,2.0,,6.0,4.0,0.0,2.0,,1.0,6.0,4.0,4.0,2.0,2.0,4.0,3.0,,3.0,4.0,4.0,1.0,3.0,0.0,3.0,4.0,4.0,6.0,3.0,1.0,3.0,5.0,0.0,1.0,2.0,3.0,3.0,1.0,1.0,3.0,4.0,1.0,1.0,3.0,6.0,5.0,4.0,0.0,4.0,4.0,,5.0,2.0,,3.0,0.0,0.0,5.0,6.0,3,,2.0,3.0,6.0,4.0,3.0,0.0,4.0,4.0,,5.0,3.0,3.0,2.0,0.0,6.0,5.0,6.0,3.0,0.0,2.0,6.0,0.0,6.0,5.0,4.0,178,0.05,2.5933014354066986,-0.36052249132449454
,1.0,2.0,,5.0,6.0,6.0,3.0,4.0,4.0,6.0,2.0,2.0,6.0,6.0,3.0,7.0,4.0,0.0,2.0,0.0,0.0,2.0,3.0,2.0,1.0,2.0,,4.0,0.0,3.0,0.0,,,3.0,5.0,,5.0,4.0,0.0,,2.0,,3.0,4.0,1.0,3.0,4.0,1.0,1.0,2.0,2.0,6.0,4.0,1.0,4.0,6.0,3.0,2.0,5.0,5.0,3.0,2.0,5.0,,4,,0.0,1.0,6.0,3.0,0.0,0.0,,3.0,1.0,0.0,5.0,5.0,2.0,7.0,3.0,3.0,7.0,3.0,5.0,7.0,1.0,,,5.0,,179,0.05,3.051321928460342,-0.12084575657517613
,,,,2.0,4.0,0.0,3.0,6.0,0.0,7.0,8.0,6.0,7.0,3.0,2.0,0.0,5.0,6.0,5.0,7.0,1.0,6.0,5.0,4.0,,7.0,7.0,8.0,3.0,0.0,6.0,5.0,7.0,4.0,6.0,7.0,4.0,5.0,6.0,4.0,1.0,1.0,8.0,6.0,,4.0,5.0,6.0,7.0,6.0,,8.0,,4.0,,6.0,5.0,0.0,3.0,1.0,1.0,3.0,0.0,,6,0.0,4.0,0.0,,2.0,3.0,3.0,,3.0,1.0,6.0,4.0,7.0,5.0,0.0,6.0,,4.0,6.0,8.0,5.0,1.0,0.0,,3.0,6.0,180,0.05,3.228395061728395,0.030362738177903862
6.0,,1.0,,5.0,4.0,3.0,1.0,5.0,3.0,4.0,3.0,4.0,0.0,6.0,0.0,1.0,6.0,2.0,1.0,4.0,1.0,0.0,6.0,1.0,,3.0,2.0,4.0,3.0,5.0,3.0,6.0,5.0,3.0,0.0,2.0,6.0,1.0,1.0,0.0,3.0,3.0,1.0,1.0,0.0,4.0,3.0,4.0,5.0,5.0,0.0,2.0,4.0,4.0,5.0,3.0,5.0,6.0,4.0,,0.0,2.0,2.0,0.0,0,3.0,4.0,1.0,5.0,4.0,,6.0,4.0,,,3.0,5.0,4.0,4.0,4.0,5.0,3.0,2.0,2.0,4.0,4.0,2.0,4.0,3.0,6.0,,181,0.05,2.6146496815286624,-0.3560979024883773
5.0,3.0,4.0,3.0,3.0,2.0,6.0,,4.0,,2.0,4.0,2.0,0.0,2.0,3.0,3.0,4.0,5.0,2.0,3.0,3.0,5.0,,5.0,4.0,6.0,3.0,4.0,2.0,2.0,2.0,4.0,4.0,4.0,3.0,,6.0,1.0,5.0,0.0,0.0,6.0,5.0,3.0,4.0,3.0,0.0,1.0,,6.0,4.0,3.0,,1.0,5.0,5.0,3.0,6.0,2.0,,3.0,2.0,1.0,6.0,2,,3.0,3.0,3.0,0.0,,,3.0,,,1.0,0.0,0.0,3.0,1.0,3.0,0.0,2.0,4.0,0.0,1.0,0.0,,6.0,4.0,2.0,182,0.05,2.646103896103896,-0.33347097857603025
3.0,,6.0,,6.0,1.0,3.0,7.0,6.0,2.0,4.0,2.0,,6.0,3.0,1.0,5.0,6.0,4.0,2.0,0.0,,4.0,6.0,3.0,7.0,5.0,5.0,5.0,0.0,4.0,2.0,4.0,6.0,0.0,2.0,5.0,,4.0,0.0,2.0,0.0,1.0,1.0,1.0,6.0,2.0,,3.0,5.0,5.0,5.0,0.0,6.0,0.0,0.0,,,3.0,2.0,5.0,0.0,3.0,5.0,2.0,4,,2.0,3.0,1.0,4.0,7.0,5.0,,,2.0,2.0,4.0,5.0,,,5.0,5.0,3.0,7.0,0.0,5.0,5.0,,7.0,6.0,7.0,183,0.05,3.282371294851794,-0.36810978811954487
2.0,,6.0,,2.0,3.0,3.0,0.0,,3.0,2.0,0.0,3.0,5.0,4.0,3.0,2.0,7.0,0.0,1.0,4.0,6.0,3.0,3.0,5.0,7.0,0.0,5.0,1.0,7.0,3.0,1.0,3.0,5.0,0.0,3.0,5.0,6.0,3.0,2.0,5.0,4.0,7.0,5.0,4.0,1.0,3.0,2.0,5.0,0.0,0.0,,6.0,5.0,1.0,1.0,4.0,0.0,1.0,2.0,2.0,1.0,3.0,4.0,7.0,3,4.0,4.0,1.0,2.0,5.0,2.0,5.0,,,6.0,0.0,4.0,4.0,4.0,7.0,4.0,2.0,6.0,6.0,7.0,2.0,2.0,4.0,,,0.0,184,0.05,2.688473520249221,-0.1535639147624409
,3.0,3.0,5.0,4.0,4.0,0.0,4.0,7.0,0.0,3.0,2.0,0.0,5.0,4.0,0.0,4.0,2.0,4.0,3.0,3.0,3.0,4.0,5.0,5.0,0.0,5.0,3.0,6.0,4.0,0.0,2.0,,6.0,3.0,2.0,4.0,,,1.0,1.0,0.0,6.0,3.0,4.0,5.0,3.0,5.0,2.0,4.0,3.0,,,7.0,2.0,2.0,6.0,,5.0,2.0,7.0,1.0,3.0,2.0,,2,,3.0,4.0,7.0,3.0,0.0,,0.0,0.0,1.0,3.0,1.0,3.0,3.0,7.0,1.0,1.0,3.0,6.0,4.0,3.0,3.0,1.0,,2.0,4.0,185,0.05,2.8390243902439023,-0.20095315879821274
,,4.0,6.0,4.0,7.0,0.0,7.0,5.0,4.0,5.0,6.0,5.0,3.0,4.0,2.0,0.0,6.0,6.0,3.0,3.0,,1.0,0.0,4.0,4.0,,4.0,5.0,5.0,6.0,4.0,7.0,5.0,5.0,2.0,,5.0,5.0,3.0,3.0,5.0,5.0,4.0,3.0,,7.0,7.0,6.0,0.0,4.0,6.0,3.0,,5.0,4.0,,5.0,3.0,5.0,0.0,2.0,6.0,6.0,5.0,1,,5.0,4.0,,0.0,6.0,5.0,,0.0,5.0,7.0,4.0,4.0,3.0,,0.0,5.0,3.0,7.0,4.0,0.0,1.0,,,4.0,0.0,186,0.05,2.8890649762282092,-0.12991709614575878
4.0,3.0,5.0,5.0,0.0,3.0,3.0,5.0,7.0,6.0,7.0,,0.0,0.0,,2.0,2.0,4.0,,4.0,3.0,6.0,5.0,,5.0,,5.0,3.0,6.0,0.0,2.0,1.0,0.0,7.0,4.0,2.0,,4.0,4.0,5.0,1.0,7.0,,1.0,6.0,5.0,7.0,2.0,7.0,4.0,7.0,,5.0,3.0,1.0,3.0,0.0,7.0,5.0,4.0,,5.0,3.0,4.0,6.0,3,7.0,4.0,4.0,5.0,3.0,0.0,6.0,6.0,0.0,2.0,5.0,1.0,0.0,3.0,5.0,2.0,5.0,,7.0,3.0,5.0,2.0,,,0.0,,187,0.05,2.8648233486943164,-0.11748418984188014
4.0,3.0,3.0,4.0,1.0,1.0,5.0,3.0,,3.0,2.0,5.0,2.0,5.0,3.0,3.0,1.0,3.0,1.0,0.0,6.0,,5.0,5.0,,0.0,,1.0,6.0,4.0,2.0,2.0,2.0,2.0,5.0,3.0,,,0.0,2.0,3.0,4.0,0.0,2.0,1.0,2.0,0.0,5.0,0.0,,3.0,2.0,1.0,5.0,3.0,6.0,3.0,6.0,3.0,5.0,4.0,3.0,2.0,2.0,1.0,2,,0.0,2.0,5.0,2.0,,5.0,1.0,4.0,,1.0,1.0,1.0,3.0,5.0,2.0,0.0,5.0,4.0,0.0,5.0,4.0,0.0,,,,188,0.05,2.7211538461538463,-0.1721874738013502
5.0,7.0,2.0,5.0,0.0,2.0,6.0,2.0,7.0,2.0,4.0,3.0,6.0,4.0,0.0,2.0,2.0,4.0,4.0,2.0,6.0,3.0,0.0,3.0,3.0,2.0,5.0,0.0,6.0,3.0,8.0,8.0,2.0,,4.0,6.0,,,4.0,5.0,3.0,4.0,6.0,6.0,1.0,3.0,0.0,5.0,0.0,4.0,5.0,,,,8.0,6.0,1.0,4.0,5.0,0.0,,4.0,1.0,5.0,,7,7.0,2.0,6.0,2.0,4.0,,0.0,5.0,,5.0,3.0,2.0,,6.0,5.0,0.0,3.0,1.0,2.0,6.0,5.0,0.0,6.0,7.0,1.0,,189,0.05,3.3594976452119307,-0.12526237945727628
,,5.0,,4.0,3.0,3.0,2.0,6.0,3.0,2.0,6.0,3.0,1.0,4.0,3.0,5.0,,,2.0,3.0,3.0,6.0,4.0,1.0,7.0,3.0,0.0,3.0,5.0,5.0,6.0,2.0,,6.0,5.0,7.0,4.0,5.0,4.0,2.0,0.0,7.0,1.0,2.0,3.0,,5.0,5.0,7.0,,0.0,5.0,7.0,5.0,4.0,0.0,4.0,4.0,0.0,,2.0,6.0,5.0,,3,0.0,3.0,5.0,,4.0,1.0,1.0,7.0,0.0,0.0,1.0,3.0,4.0,4.0,6.0,5.0,1.0,0.0,3.0,3.0,7.0,2.0,0.0,,,,190,0.05,2.9178515007898893,0.002337793343294417
3.0,5.0,0.0,4.0,3.0,6.0,1.0,0.0,3.0,2.0,7.0,5.0,0.0,2.0,3.0,3.0,3.0,7.0,6.0,6.0,4.0,0.0,6.0,,2.0,2.0,,3.0,1.0,0.0,6.0,1.0,,5.0,3.0,2.0,,7.0,3.0,2.0,1.0,4.0,2.0,0.0,3.0,4.0,5.0,0.0,4.0,5.0,3.0,5.0,2.0,,3.0,6.0,2.0,2.0,1.0,0.0,4.0,2.0,5.0,2.0,4.0,1,2.0,4.0,4.0,5.0,6.0,2.0,,7.0,,,2.0,0.0,1.0,6.0,5.0,,3.0,,6.0,1.0,0.0,5.0,7.0,2.0,,6.0,191,0.05,2.9782608695652173,-0.1637336998259459
5.0,4.0,5.0,,0.0,0.0,0.0,0.0,3.0,7.0,3.0,0.0,7.0,2.0,4.0,3.0,4.0,0.0,7.0,2.0,3.0,3.0,6.0,4.0,,2.0,5.0,2.0,5.0,,0.0,3.0,1.0,4.0,4.0,4.0,,5.0,4.0,,4.0,4.0,5.0,3.0,4.0,3.0,6.0,5.0,3.0,3.0,4.0,4.0,0.0,3.0,2.0,5.0,,7.0,6.0,6.0,,,6.0,2.0,0.0,1,,3.0,6.0,3.0,0.0,1.0,4.0,4.0,5.0,4.0,2.0,3.0,2.0,1.0,6.0,4.0,2.0,4.0,6.0,2.0,2.0,1.0,6.0,,1.0,,192,0.05,2.7717041800643085,-0.18127880652079698
,3.0,1.0,5.0,4.0,3.0,,2.0,7.0,1.0,2.0,4.0,,3.0,7.0,4.0,3.0,2.0,,1.0,5.0,4.0,3.0,5.0,1.0,5.0,6.0,5.0,6.0,5.0,0.0,4.0,3.0,5.0,2.0,6.0,,5.0,5.0,,2.0,4.0,2.0,5.0,4.0,5.0,5.0,7.0,6.0,4.0,0.0,0.0,4.0,0.0,3.0,0.0,,3.0,2.0,3.0,0.0,4.0,6.0,7.0,0.0,2,,0.0,5.0,6.0,7.0,0.0,4.0,5.0,7.0,5.0,1.0,0.0,3.0,3.0,6.0,3.0,3.0,4.0,,6.0,4.0,5.0,4.0,6.0,4.0,,193,0.05,2.8184663536776213,-0.09789130879880849
7.0,3.0,3.0,2.0,,6.0,5.0,2.0,2.0,6.0,0.0,4.0,5.0,0.0,,5.0,4.0,6.0,,4.0,4.0,4.0,2.0,,0.0,3.0,4.0,1.0,0.0,5.0,5.0,5.0,0.0,7.0,7.0,3.0,4.0,5.0,1.0,,2.0,6.0,0.0,5.0,3.0,2.0,3.0,,5.0,5.0,1.0,,0.0,0.0,6.0,3.0,4.0,4.0,5.0,4.0,4.0,6.0,5.0,7.0,4.0,3,6.0,1.0,5.0,4.0,4.0,0.0,3.0,1.0,6.0,,3.0,3.0,2.0,2.0,7.0,5.0,6.0,1.0,7.0,0.0,6.0,3.0,4.0,,,7.0,194,0.05,2.789719626168224,-0.053545337685151004
1.0,5.0,4.0,7.0,0.0,4.0,6.0,3.0,,6.0,7.0,4.0,4.0,,5.0,3.0,2.0,,,4.0,2.0,4.0,2.0,4.0,2.0,,1.0,5.0,0.0,3.0,5.0,0.0,,5.0,7.0,5.0,7.0,4.0,3.0,2.0,3.0,0.0,5.0,3.0,6.0,0.0,4.0,1.0,3.0,,0.0,3.0,4.0,2.0,3.0,2.0,6.0,6.0,5.0,0.0,4.0,3.0,2.0,1.0,0.0,4,2.0,7.0,7.0,,5.0,0.0,5.0,7.0,,4.0,6.0,2.0,7.0,6.0,0.0,6.0,5.0,1.0,6.0,6.0,4.0,6.0,,,4.0,7.0,195,0.05,2.854294478527607,-0.012272948366395454
4.0,6.0,6.0,5.0,0.0,1.0,2.0,7.0,,3.0,4.0,6.0,6.0,0.0,2.0,3.0,6.0,,,4.0,3.0,,3.0,6.0,5.0,6.0,,2.0,6.0,6.0,1.0,4.0,7.0,0.0,3.0,6.0,6.0,0.0,5.0,4.0,3.0,5.0,5.0,7.0,4.0,4.0,4.0,2.0,5.0,4.0,5.0,,1.0,3.0,,7.0,6.0,0.0,4.0,2.0,2.0,0.0,5.0,3.0,2.0,3,5.0,2.0,6.0,,0.0,2.0,7.0,5.0,3.0,4.0,3.0,1.0,5.0,3.0,,5.0,4.0,,2.0,6.0,0.0,0.0,5.0,,7.0,0.0,196,0.05,2.890625,-0.030606574384429187
0.0,5.0,6.0,,0.0,1.0,2.0,3.0,0.0,5.0,4.0,0.0,1.0,3.0,5.0,2.0,0.0,4.0,3.0,3.0,1.0,0.0,0.0,4.0,,2.0,3.0,2.0,1.0,5.0,6.0,2.0,2.0,2.0,5.0,4.0,,,3.0,4.0,3.0,6.0,1.0,5.0,2.0,4.0,,2.0,1.0,2.0,1.0,3.0,3.0,3.0,0.0,1.0,3.0,,,3.0,,4.0,4.0,,0.0,2,4.0,3.0,4.0,1.0,3.0,5.0,3.0,6.0,,4.0,2.0,2.0,2.0,4.0,5.0,2.0,2.0,4.0,3.0,3.0,5.0,4.0,3.0,0.0,4.0,,197,0.05,2.379421221864952,-0.05832237552015913
0.0,4.0,5.0,,3.0,5.0,3.0,3.0,0.0,5.0,0.0,2.0,7.0,3.0,4.0,3.0,2.0,3.0,2.0,4.0,3.0,1.0,3.0,,1.0,0.0,,0.0,2.0,3.0,4.0,4.0,5.0,5.0,2.0,2.0,6.0,4.0,4.0,1.0,2.0,5.0,,2.0,5.0,0.0,0.0,3.0,4.0,6.0,,7.0,6.0,6.0,4.0,5.0,5.0,4.0,2.0,5.0,0.0,4.0,4.0,5.0,,5,0.0,7.0,6.0,3.0,3.0,5.0,5.0,,,,7.0,7.0,5.0,4.0,0.0,7.0,3.0,3.0,3.0,4.0,,6.0,5.0,5.0,4.0,5.0,198,0.05,2.7417840375586855,-0.04822782356488197
1.0,4.0,4.0,,1.0,3.0,2.0,5.0,1.0,5.0,4.0,4.0,3.0,4.0,2.0,4.0,1.0,5.0,2.0,1.0,1.0,0.0,2.0,2.0,6.0,0.0,6.0,4.0,4.0,,4.0,3.0,5.0,3.0,3.0,6.0,,3.0,4.0,,1.0,2.0,2.0,3.0,0.0,2.0,0.0,,0.0,2.0,5.0,,,5.0,5.0,1.0,0.0,3.0,3.0,,6.0,1.0,3.0,,,4,6.0,,3.0,2.0,3.0,1.0,3.0,0.0,,6.0,4.0,1.0,5.0,0.0,1.0,6.0,1.0,0.0,6.0,4.0,3.0,0.0,3.0,,,5.0,199,0.05,2.8096,-0.17447974554084936
