0,1,2,3,4,5,6,7,8,9,10,11,12,13,14,15,16,17,18,19,20,21,22,23,24,25,26,27,28,29,30,31,32,33,34,35,36,37,38,39,40,41,42,43,44,45,46,47,48,49,50,51,52,53,54,55,56,57,58,59,60,61,62,63,64,65,66,67,68,69,70,71,72,73,74,seed,complex_param,EPH,corr
2,1,1,1,1,2,2,0,1,1,1,2,1,2,1,2,2,1,1,1,1,2,0,1,2.0,1,0,2,0.0,2,1,1,2,1,0,2,1,1,2,1,1,1,1,2,1,1,1,1,2,1,1,1,0,1,0,2,1,0,2,1,1,2.0,2,2,1,1,0,2,2,2,2,2.0,2,2,0,0,4,1.0929853181076672,-0.5803505292747544
2,1,1,1,1,1,2,1,1,1,0,2,1,2,1,1,2,1,1,0,2,2,1,1,2.0,1,0,2,2.0,1,1,1,1,0,0,2,1,1,2,1,0,1,1,2,2,1,1,1,1,1,1,1,1,1,0,0,1,1,1,1,0,2.0,1,2,2,1,1,2,1,2,0,2.0,2,2,2,1,4,1.0830324909747293,-0.5512696250386044
2,0,1,1,1,1,2,1,1,1,1,2,1,2,1,2,2,2,0,1,2,2,2,1,2.0,1,1,0,2.0,2,0,1,0,1,2,2,0,1,2,1,1,1,1,2,1,1,0,1,2,1,1,1,2,0,1,2,1,2,2,2,1,2.0,2,2,2,1,0,2,2,0,2,2.0,2,2,1,2,4,1.0992805755395683,-0.6284389589302461
2,1,1,1,1,1,0,1,0,1,1,2,1,2,1,2,0,2,2,1,2,1,2,2,1.0,0,1,2,1.0,2,1,0,1,1,2,2,0,1,2,1,1,1,1,2,2,0,1,1,0,1,0,2,2,1,1,2,1,1,2,1,2,2.0,1,2,2,1,2,2,2,0,2,2.0,2,2,1,3,4,1.0844250363901018,-0.5074086915694385
2,1,1,1,0,1,1,1,1,1,1,1,1,2,0,2,2,1,1,1,2,1,1,1,2.0,1,1,2,2.0,0,1,1,1,2,1,1,1,0,2,0,1,1,1,0,1,1,1,0,0,1,1,1,2,1,0,1,1,2,2,2,2,2.0,2,1,2,1,2,2,2,2,2,0.0,2,2,1,4,4,1.0847457627118644,-0.5034537561769583
2,1,1,1,1,2,2,1,1,1,0,1,0,2,1,2,2,2,1,1,1,1,2,1,2.0,0,0,1,2.0,2,1,1,1,1,0,0,2,0,2,1,1,1,1,2,2,1,1,1,1,1,1,1,2,1,1,1,1,0,0,2,1,1.0,2,0,1,1,2,2,1,2,2,2.0,2,2,2,5,4,1.0947712418300655,-0.5715795729314985
0,1,1,1,1,1,2,2,2,1,1,2,1,0,1,2,2,2,2,1,2,2,2,1,,1,1,2,2.0,0,1,2,0,2,2,2,2,2,0,1,1,1,1,2,2,2,1,1,2,1,2,2,2,2,1,0,0,2,2,2,2,0.0,2,2,1,0,2,2,2,2,2,2.0,0,2,1,6,4,1.1019830028328612,-0.29601754667700153
2,1,0,1,1,2,2,1,2,1,1,2,0,0,1,2,2,2,2,1,2,1,0,1,2.0,1,1,2,2.0,2,1,1,1,1,1,2,1,1,2,1,1,1,1,2,2,1,0,1,1,1,0,0,0,1,1,1,0,2,2,2,1,1.0,1,2,0,1,1,2,1,1,2,2.0,2,2,1,7,4,1.0798722044728435,-0.5558321357369493
2,0,1,0,1,1,2,1,1,1,1,2,0,2,1,1,0,1,1,0,1,1,1,1,2.0,1,1,1,2.0,2,1,1,0,1,1,0,0,1,2,1,1,1,1,2,2,0,1,1,1,1,1,1,1,1,1,2,1,2,1,1,2,2.0,1,1,1,1,1,1,1,0,2,2.0,2,2,2,8,4,1.0767754318618041,-0.5793077671318562
2,1,1,0,1,1,2,1,1,1,1,1,1,2,1,2,2,0,2,1,1,1,2,1,2.0,0,0,1,2.0,1,0,0,0,2,2,1,2,1,2,1,1,1,1,2,1,1,1,1,1,0,1,1,2,1,1,2,1,2,2,1,2,1.0,1,0,1,1,1,1,2,2,2,2.0,2,2,0,9,4,1.101328903654485,-0.6265879126020739
2,1,0,0,1,2,0,1,1,1,1,2,1,2,1,2,2,2,2,1,0,0,2,1,2.0,1,0,2,2.0,2,1,1,1,2,1,1,2,1,2,1,1,0,1,2,0,1,1,1,2,1,1,1,1,1,1,2,1,2,2,0,2,1.0,1,2,2,1,1,0,1,2,2,2.0,2,2,1,10,4,1.0992,-0.6118867945644151
2,1,0,1,1,1,2,1,1,0,1,2,1,1,1,2,2,2,2,1,1,0,2,1,2.0,1,0,2,2.0,2,0,1,1,2,1,1,2,1,2,1,2,1,1,2,1,1,1,0,1,1,1,2,1,2,1,2,1,0,2,2,1,2.0,1,2,0,1,1,2,1,2,0,0.0,2,2,1,11,4,1.098883572567783,-0.4993484395064601
2,1,1,1,1,2,2,0,0,1,1,1,1,2,0,1,2,0,1,1,1,1,2,0,2.0,1,0,1,2.0,0,1,1,1,1,1,1,1,0,2,1,1,1,1,2,0,1,1,1,1,1,1,2,2,1,1,1,0,2,1,1,2,2.0,1,1,1,1,1,2,1,2,2,2.0,2,2,1,12,4,1.0726256983240223,-0.6104995410286489
2,1,1,1,0,2,1,1,1,1,1,1,1,2,0,1,2,1,1,1,1,1,1,0,2.0,1,1,1,1.0,2,2,0,1,0,1,1,1,1,2,1,1,1,1,2,2,1,1,0,2,1,1,0,2,1,1,2,1,2,2,2,1,2.0,1,2,2,1,1,2,0,2,2,0.0,2,0,1,13,4,1.0839041095890412,-0.48677481773849646
2,1,0,1,1,2,0,1,0,1,1,2,1,2,1,2,2,2,1,1,2,2,2,2,2.0,1,1,2,2.0,2,1,1,1,0,1,2,1,1,2,1,2,1,1,0,2,1,0,1,2,1,1,1,2,1,0,2,1,2,2,2,2,2.0,1,1,2,1,2,0,2,2,2,2.0,0,2,0,14,4,1.1079881656804733,-0.5155821462768544
2,1,1,1,1,1,2,1,1,0,1,2,1,2,1,2,2,2,0,1,2,1,2,1,1.0,0,1,1,1.0,1,0,2,1,1,2,0,0,1,2,1,1,1,0,2,1,1,1,1,2,1,1,0,2,1,1,0,1,2,0,2,2,1.0,1,2,2,1,2,2,2,2,2,2.0,2,2,1,15,4,1.0753012048192772,-0.5476724820393434
2,1,0,1,1,0,1,1,1,1,1,1,1,2,1,1,2,1,1,1,2,1,2,1,2.0,1,1,0,2.0,1,1,1,1,2,1,1,1,1,1,1,1,1,0,2,1,1,1,0,1,0,1,1,1,0,0,1,1,2,2,0,2,2.0,1,2,2,1,1,2,2,2,2,2.0,2,0,1,16,4,1.0623853211009173,-0.5488566961596248
2,2,2,1,1,2,2,1,2,1,1,2,1,2,0,2,0,2,0,1,2,2,1,1,2.0,2,1,2,0.0,2,1,1,1,1,1,0,2,1,2,1,2,1,1,2,2,1,1,1,2,0,2,2,2,2,2,2,1,2,2,2,0,2.0,2,2,2,1,2,0,0,0,2,,2,2,2,17,4,1.1212976022566996,-0.33834866243185546
2,1,1,1,1,2,2,0,1,1,1,2,1,2,1,2,0,2,2,1,2,2,2,2,,1,1,2,2.0,2,1,2,2,2,1,2,2,1,2,1,1,0,1,2,0,1,1,1,0,1,1,2,2,2,1,2,0,2,0,0,2,2.0,2,2,2,1,1,2,2,2,0,2.0,2,0,1,18,4,1.097629009762901,-0.46336957478338187
2,0,1,1,1,2,0,1,1,1,1,1,1,0,0,1,2,1,1,1,2,2,1,1,2.0,1,0,2,1.0,2,1,1,1,2,1,1,1,1,2,1,2,1,1,2,1,1,0,0,1,1,1,1,1,1,1,1,1,0,2,0,1,0.0,1,2,2,1,2,2,2,2,2,2.0,2,2,1,19,4,1.0853658536585367,-0.4933177692037248
0,1,1,1,1,0,2,1,1,1,1,2,0,2,1,2,2,2,2,1,2,0,2,2,2.0,1,1,1,2.0,2,1,1,1,0,1,2,2,1,0,1,1,1,1,2,2,1,1,1,0,1,1,2,2,2,2,2,2,2,2,0,0,2.0,1,2,2,1,2,2,2,2,2,0.0,2,2,2,20,4,1.1023391812865497,-0.4634800450342413
1,1,1,0,1,1,2,1,1,1,0,1,1,0,0,1,2,1,1,0,1,1,1,0,0.0,1,1,1,2.0,2,1,1,0,1,1,1,1,1,2,1,1,1,1,0,2,1,1,1,1,1,1,1,2,1,1,2,1,0,2,1,2,2.0,2,1,1,1,2,2,1,2,2,2.0,2,2,1,21,4,1.0745967741935485,-0.4645351411670571
2,1,1,1,1,2,2,1,1,1,0,2,1,2,1,0,0,2,2,1,2,2,2,1,2.0,2,1,2,2.0,2,2,2,0,0,1,2,1,2,2,1,2,2,1,1,2,1,1,1,0,1,1,0,2,2,2,2,2,2,2,2,2,2.0,0,0,2,1,2,2,2,2,2,2.0,0,2,2,22,4,1.102710413694722,-0.4106560856741549
2,1,1,1,0,2,2,1,0,0,1,2,1,2,1,2,2,2,2,1,0,1,2,0,2.0,1,1,1,2.0,2,1,1,1,1,0,1,1,0,2,1,1,1,1,2,1,1,0,1,1,1,1,1,2,1,1,1,1,1,0,1,1,1.0,1,1,1,1,2,1,1,2,2,2.0,2,1,0,23,4,1.074141048824593,-0.6081295956741517
2,1,1,1,1,2,2,1,1,1,1,2,1,2,1,2,0,2,2,1,1,2,2,0,0.0,1,1,2,1.0,0,1,1,1,2,2,2,0,0,2,1,1,1,1,2,2,2,1,1,2,1,1,2,2,1,1,2,0,0,2,2,2,2.0,2,2,1,0,2,2,2,2,2,2.0,2,2,0,24,4,1.1109550561797752,-0.5148762542797654
0,1,1,1,1,2,0,1,1,1,1,2,1,0,1,2,2,2,1,1,2,2,1,1,2.0,1,1,2,2.0,0,2,1,2,0,1,2,1,1,2,1,1,2,1,0,2,2,1,1,2,1,2,2,2,0,2,2,2,2,0,1,0,2.0,2,2,2,0,2,2,2,2,2,,2,2,2,25,4,1.1024531024531024,-0.29232682281328626
1,1,0,0,0,1,2,1,1,1,1,1,1,2,1,1,2,1,1,1,1,1,1,1,2.0,1,0,1,2.0,1,1,1,1,0,1,1,1,0,2,0,0,1,1,2,1,1,1,1,1,1,1,1,1,1,0,1,1,1,1,0,2,2.0,1,1,1,1,1,1,1,1,2,2.0,2,2,1,26,4,1.0408602150537634,-0.6300591505370885
2,1,2,1,1,2,0,1,2,1,1,2,1,2,0,2,2,2,0,1,2,2,0,1,2.0,2,1,2,2.0,2,1,1,1,1,2,2,2,1,2,1,2,1,1,2,0,1,1,1,1,1,0,2,2,2,1,2,1,2,2,2,0,2.0,2,2,2,1,0,0,1,1,0,2.0,2,2,1,27,4,1.0818713450292399,-0.36810249467545264
0,1,1,1,1,2,2,1,1,1,1,2,1,0,1,2,2,2,2,0,2,1,2,1,2.0,1,1,0,2.0,2,2,0,2,2,2,0,2,1,2,1,1,1,1,2,2,1,1,1,2,1,2,1,0,0,1,0,1,2,0,2,2,1.0,2,2,2,1,2,2,2,2,2,,2,2,1,28,4,1.0914285714285714,-0.45342382767707284
2,1,1,1,1,1,2,0,1,0,1,2,1,2,1,1,2,1,1,1,1,1,1,1,2.0,1,1,2,2.0,2,1,1,1,0,1,1,1,1,2,1,1,0,1,2,0,1,1,1,0,0,1,2,1,0,1,1,1,2,1,1,2,2.0,1,0,2,1,1,2,2,2,2,2.0,2,2,0,29,4,1.0791896869244935,-0.6538797210329793
2,1,1,1,1,1,2,1,1,1,0,1,1,2,1,2,2,1,2,1,0,1,2,1,2.0,0,1,2,2.0,2,0,1,1,2,0,2,2,1,2,1,1,1,0,2,1,1,1,0,1,1,1,1,2,1,1,2,1,2,2,0,1,2.0,1,2,2,1,2,0,2,2,2,2.0,2,0,1,30,4,1.0971337579617835,-0.6322171284739398
0,1,1,1,1,2,2,0,2,1,1,2,1,2,0,2,2,0,1,1,2,1,2,1,2.0,1,1,1,2.0,0,0,1,2,1,1,2,1,0,2,1,1,1,1,2,1,1,1,1,2,1,1,0,2,2,1,1,2,2,2,1,1,0.0,1,2,2,1,2,2,2,0,2,2.0,2,2,2,31,4,1.0776255707762556,-0.4627079197329797
1,0,1,1,1,2,1,0,0,1,1,1,0,2,1,1,2,1,1,1,1,0,1,0,2.0,0,1,1,2.0,2,1,0,1,1,1,1,2,1,2,1,1,1,1,2,2,0,1,1,2,1,1,1,1,1,1,2,1,1,1,1,2,2.0,1,1,1,1,2,2,2,2,2,2.0,0,2,1,32,4,1.0827464788732395,-0.5964497284663218
0,1,0,1,1,0,0,2,2,1,1,2,1,2,2,2,2,2,2,1,2,2,2,1,2.0,1,1,2,0.0,2,1,1,2,1,1,2,2,1,2,1,1,1,1,0,2,2,1,1,2,1,2,0,1,2,2,2,1,2,2,1,0,2.0,0,2,2,1,2,2,0,2,2,2.0,2,2,2,33,4,1.095774647887324,-0.36400967095004744
0,0,1,0,1,2,2,0,1,1,1,1,1,2,1,0,2,0,2,1,1,2,2,1,2.0,1,1,2,2.0,2,2,2,2,1,1,2,2,1,2,1,1,1,1,0,2,1,1,1,1,1,1,1,2,2,1,2,2,0,2,2,2,2.0,2,0,2,1,2,2,2,2,2,2.0,2,0,2,34,4,1.0959302325581395,-0.44306376428651334
2,1,1,1,1,1,2,1,0,1,1,2,1,2,1,1,2,2,1,1,2,2,2,0,2.0,1,1,2,0.0,0,1,1,1,2,1,1,1,1,2,1,1,1,1,2,2,1,0,1,0,0,1,1,2,1,1,2,2,2,0,2,2,1.0,0,1,2,1,2,2,2,2,2,0.0,2,2,1,35,4,1.0977917981072556,-0.5122353423422483
2,1,0,1,1,2,2,0,1,1,1,2,1,2,1,0,2,2,1,1,1,2,2,0,2.0,2,1,2,0.0,0,1,2,1,1,2,2,1,1,2,1,1,1,1,2,2,1,1,1,2,1,0,1,2,2,1,2,1,2,2,1,1,2.0,0,2,1,1,1,0,2,0,2,2.0,2,2,2,36,4,1.0903703703703704,-0.48677931702318156
2,1,1,1,1,0,2,1,1,0,1,2,1,2,1,2,0,2,0,1,2,2,2,0,2.0,1,1,2,2.0,2,1,2,1,2,1,2,1,1,2,0,0,1,1,2,0,1,1,1,1,1,1,2,2,1,1,1,0,2,2,2,0,1.0,1,2,2,1,1,2,1,1,2,2.0,2,2,1,37,4,1.0955315870570108,-0.5539004256222898
2,1,1,1,1,1,2,1,0,1,1,2,1,2,1,2,2,2,2,1,1,2,0,1,0.0,1,1,2,1.0,2,1,2,0,2,1,2,2,1,0,1,2,1,0,2,0,1,1,1,0,1,1,2,2,2,1,2,1,1,2,2,1,2.0,1,1,0,1,1,2,1,2,0,2.0,2,2,1,38,4,1.073667711598746,-0.3974963133409531
2,1,1,1,1,2,2,1,2,1,1,0,1,2,1,0,2,2,2,1,2,0,0,1,2.0,1,1,0,2.0,2,2,2,2,0,2,2,1,1,2,0,2,1,1,2,2,1,1,1,2,1,1,0,2,1,1,2,2,2,2,2,1,2.0,1,2,2,1,2,2,0,0,2,2.0,2,2,2,39,4,1.0836879432624114,-0.47312598502444814
2,1,2,1,1,2,1,1,1,1,1,1,1,2,1,1,2,0,1,1,0,1,1,1,0.0,0,0,2,1.0,1,1,1,1,2,1,1,0,1,1,1,1,1,0,2,1,1,1,0,2,1,1,1,1,1,1,2,1,1,2,1,0,0.0,1,2,1,1,2,2,1,2,2,2.0,2,2,1,40,4,1.0712945590994372,-0.45632301853076634
2,1,0,1,1,1,2,1,1,1,1,1,1,2,1,2,2,2,0,1,1,1,2,1,2.0,0,1,0,2.0,0,1,1,0,1,1,2,2,0,2,1,2,1,0,2,1,1,1,1,2,1,1,1,2,1,1,2,1,1,2,1,0,2.0,1,1,1,1,2,2,1,0,2,2.0,2,2,2,41,4,1.0826306913996628,-0.5260281321937401
0,1,1,1,0,2,2,1,1,1,0,2,0,2,1,1,2,1,1,1,1,1,2,1,2.0,1,1,2,0.0,2,1,1,1,1,1,0,1,1,2,1,2,2,1,2,2,1,1,1,1,1,1,2,1,1,2,2,1,2,2,2,1,0.0,1,0,0,1,1,2,2,0,2,2.0,2,2,2,42,4,1.0925324675324675,-0.44610434957043016
0,1,1,1,1,0,2,1,1,1,1,2,1,0,1,0,2,2,2,1,2,2,2,0,2.0,1,1,2,1.0,2,2,2,2,0,2,2,2,2,0,1,0,1,1,2,2,1,1,1,2,1,1,2,2,1,1,0,1,2,2,2,2,2.0,2,2,2,1,1,2,2,2,0,2.0,2,2,2,43,4,1.0764951321279554,-0.3864698538895781
2,1,1,1,0,2,2,0,1,1,1,1,1,2,1,1,2,1,1,1,1,2,1,1,2.0,1,1,2,2.0,2,1,1,1,2,1,2,1,1,2,1,0,1,1,2,1,1,1,1,1,1,1,1,1,0,0,1,1,2,1,1,2,2.0,0,0,1,0,1,2,2,2,2,2.0,0,2,0,44,4,1.0646319569120288,-0.5974857107850586
1,1,0,1,1,1,2,1,1,1,0,2,1,2,1,1,2,1,1,0,2,1,2,1,2.0,1,1,2,2.0,2,1,1,1,1,1,2,1,0,2,1,1,0,1,1,1,1,1,0,0,1,1,0,1,1,1,1,0,2,2,1,2,2.0,1,1,2,1,1,2,1,2,2,2.0,2,0,1,45,4,1.0671378091872792,-0.6199630639456526
1,1,1,1,1,1,2,1,1,1,0,0,1,2,1,2,2,1,2,1,1,0,2,1,2.0,0,1,1,2.0,2,1,1,1,2,1,0,1,1,2,0,2,1,0,2,1,1,0,1,2,1,1,1,2,1,1,2,1,2,2,2,2,2.0,1,0,2,1,2,0,2,2,2,2.0,2,2,1,46,4,1.098546042003231,-0.606909691297556
2,1,1,1,1,0,2,1,1,1,1,2,1,2,0,2,2,2,0,1,0,1,1,1,2.0,1,1,2,2.0,0,1,2,1,1,1,2,1,1,2,0,1,1,1,2,2,1,1,1,2,1,1,2,2,2,0,2,1,0,2,2,1,2.0,2,2,2,1,2,0,0,2,2,2.0,2,2,1,47,4,1.078907435508346,-0.532163979385579
1,1,1,1,1,0,2,1,0,1,0,2,1,2,0,1,2,0,1,1,2,2,2,2,1.0,1,1,2,2.0,2,2,2,1,0,1,2,0,1,0,1,1,1,1,2,2,1,1,1,1,1,0,2,2,1,1,1,1,2,2,0,2,2.0,1,2,2,1,2,2,2,2,2,2.0,2,2,2,48,4,1.096439169139466,-0.5514999637105331
2,1,1,1,1,1,2,1,1,1,1,0,1,2,1,1,2,2,1,0,2,1,1,1,2.0,1,1,2,2.0,2,1,1,1,2,1,1,1,1,0,1,1,0,1,1,1,1,1,0,1,1,0,0,1,0,1,1,0,1,2,1,0,2.0,1,2,1,1,1,2,1,2,2,2.0,2,2,1,49,4,1.0696798493408664,-0.5527036159929866
1,1,1,1,1,2,2,1,0,1,1,2,1,2,1,2,0,0,0,1,1,2,2,1,2.0,0,1,2,2.0,2,1,1,1,1,2,1,2,1,2,0,1,1,1,2,2,1,0,1,2,1,1,1,2,1,1,2,2,2,0,1,2,1.0,0,0,2,1,2,2,2,2,2,2.0,2,2,1,50,4,1.0956651718983557,-0.5628775419622832
0,1,1,1,1,2,2,1,1,1,1,2,1,2,1,0,2,2,2,1,2,2,0,1,2.0,1,0,2,2.0,0,1,2,0,2,2,2,1,1,2,1,2,1,1,0,0,1,1,1,1,0,1,1,2,1,1,2,1,2,2,1,2,2.0,2,0,2,1,1,2,2,2,2,2.0,2,2,1,51,4,1.0950920245398772,-0.4706906566867517
2,1,0,0,1,1,2,1,0,1,1,1,1,2,1,1,2,2,1,0,1,1,2,1,2.0,1,1,0,2.0,2,1,1,1,1,1,1,1,1,2,1,1,1,1,2,2,1,1,1,1,0,0,1,1,1,1,2,1,2,1,1,2,2.0,1,1,0,0,1,0,1,2,2,1.0,2,2,1,52,4,1.0770642201834861,-0.6426075723975061
0,1,1,0,0,1,2,0,1,1,1,1,1,2,1,0,2,0,1,0,1,1,2,1,2.0,1,1,1,2.0,1,1,1,1,1,0,1,1,1,2,1,1,1,1,2,2,1,1,1,1,0,0,1,1,1,1,2,1,2,1,1,2,2.0,1,1,1,1,1,1,2,2,2,2.0,2,2,2,53,4,1.0790441176470589,-0.6295721097561622
0,1,1,1,1,1,2,1,1,1,0,2,1,2,1,1,2,1,1,1,1,1,2,1,2.0,1,1,2,2.0,2,1,1,2,1,0,2,1,0,2,1,1,1,0,2,1,1,1,1,1,0,1,1,1,1,1,1,1,0,1,0,1,0.0,1,1,1,0,2,2,2,2,1,2.0,2,2,1,54,4,1.0714285714285714,-0.556043953294831
2,1,1,1,0,2,0,1,1,1,1,0,1,2,1,0,2,0,2,0,2,1,2,1,1.0,1,1,1,1.0,1,1,1,2,1,1,2,1,1,0,1,0,1,1,2,2,1,1,1,2,1,1,1,0,1,1,2,1,2,2,1,0,2.0,1,2,2,1,2,2,2,2,2,2.0,2,2,2,55,4,1.0887772194304857,-0.4571768593031141
2,1,1,1,0,2,1,0,1,0,1,1,1,2,1,1,2,1,1,1,1,0,2,0,2.0,1,1,0,2.0,1,1,1,1,1,1,1,0,1,1,1,1,1,0,2,1,1,1,1,2,0,1,1,1,1,1,2,1,2,1,1,2,2.0,1,1,1,1,2,0,2,2,2,2.0,2,2,1,56,4,1.0722222222222222,-0.587614214379336
2,1,1,1,1,1,2,1,0,1,1,2,1,2,1,1,2,0,1,1,1,2,1,1,2.0,1,1,2,2.0,2,1,1,1,1,0,1,1,1,2,0,1,1,1,2,2,0,0,1,2,1,1,1,2,1,1,0,1,2,2,1,1,1.0,0,1,2,0,2,2,2,0,1,2.0,2,2,1,57,4,1.0784982935153584,-0.6220095186317839
2,1,2,1,1,2,0,0,1,1,1,2,1,2,1,0,0,0,2,1,2,2,2,1,1.0,1,1,2,0.0,2,1,0,2,1,2,2,1,2,2,1,2,1,1,2,2,1,1,1,2,1,2,2,1,2,1,2,0,2,2,2,0,2.0,2,2,2,1,2,2,2,2,2,2.0,0,2,2,58,4,1.1022099447513811,-0.3707151329925716
2,1,1,1,1,2,2,0,1,1,1,2,1,0,1,0,2,2,1,0,2,2,2,1,0.0,1,1,2,1.0,2,1,1,2,1,1,2,0,2,2,1,1,1,1,2,2,1,1,1,2,1,1,0,2,1,1,2,0,2,2,1,2,2.0,2,2,1,1,0,2,2,0,2,2.0,2,2,2,59,4,1.0949554896142433,-0.5149305789380866
1,1,1,1,1,2,2,1,1,1,1,2,1,0,1,1,2,1,1,0,1,1,2,0,0.0,1,1,2,2.0,2,1,1,1,2,1,1,1,1,2,1,1,0,1,2,1,1,0,1,0,1,1,1,0,1,1,2,1,1,2,1,1,0.0,1,1,1,1,1,2,2,2,2,2.0,2,2,0,60,4,1.073558648111332,-0.5129861907576415
2,0,1,1,1,2,1,1,1,1,1,1,1,2,1,2,2,2,1,1,2,2,1,1,2.0,0,1,0,0.0,2,1,1,2,1,1,1,2,0,2,1,2,1,1,0,1,1,1,1,2,1,1,1,2,0,2,2,1,2,2,1,0,2.0,1,2,0,1,2,2,1,0,2,2.0,2,2,1,61,4,1.0910543130990416,-0.43157261903617905
2,1,1,1,1,1,2,1,1,1,1,1,1,2,1,2,2,2,1,1,0,1,0,1,2.0,0,0,2,2.0,1,1,1,1,2,1,2,1,1,2,1,1,1,1,0,1,1,1,0,2,1,1,1,1,1,0,1,1,0,2,0,2,2.0,1,2,1,0,2,2,1,2,2,2.0,2,2,1,62,4,1.086021505376344,-0.5789506224067691
2,1,1,0,1,2,2,1,1,1,1,1,1,2,1,2,2,2,1,1,1,2,2,0,2.0,1,1,0,0.0,2,1,1,1,1,1,1,2,1,2,1,1,1,1,0,2,1,1,1,2,0,1,1,2,1,2,2,1,2,0,2,2,2.0,0,1,1,1,2,2,0,2,2,2.0,2,0,2,63,4,1.0992,-0.4608391330967243
1,1,1,1,1,2,2,1,1,1,1,2,1,2,1,2,2,0,2,1,1,1,1,0,0.0,1,1,2,2.0,2,1,2,1,2,1,1,1,1,2,0,1,0,1,0,2,0,1,1,2,1,0,1,0,1,1,2,1,2,2,1,2,1.0,1,1,0,1,1,2,2,2,2,2.0,2,2,1,64,4,1.0782029950083194,-0.5395257308762831
2,1,1,1,1,2,2,1,2,1,2,2,1,2,1,2,2,0,1,1,1,0,1,1,2.0,1,1,2,0.0,2,1,1,2,2,1,2,2,1,2,1,1,1,1,2,2,1,1,1,2,1,1,2,0,2,1,2,1,2,2,0,0,0.0,1,2,0,0,2,2,0,2,2,2.0,2,2,1,65,4,1.0846153846153845,-0.4999555093219421
2,1,1,0,1,2,2,1,0,1,1,2,1,2,1,1,2,2,1,1,1,1,2,1,2.0,1,1,2,2.0,0,1,1,1,1,1,1,0,0,0,1,1,1,1,2,2,1,0,1,1,0,1,1,2,1,1,1,1,2,1,1,2,2.0,1,0,0,1,2,2,2,2,2,2.0,2,2,1,66,4,1.0966010733452594,-0.6092629011937217
2,1,1,1,1,2,2,1,1,1,0,2,1,2,1,2,2,0,1,1,2,1,2,1,2.0,0,1,2,2.0,2,1,1,2,2,1,2,2,0,2,1,1,1,1,0,0,1,1,1,2,1,1,0,2,1,1,1,1,2,2,0,1,0.0,1,2,2,1,2,2,2,2,0,2.0,2,2,2,67,4,1.0824261275272162,-0.5255135844546444
2,1,1,0,1,0,2,1,1,1,1,2,1,0,1,2,2,2,2,1,2,2,2,2,,1,1,2,,2,2,2,1,0,2,2,2,1,0,1,2,1,0,2,2,1,1,1,2,1,1,2,2,2,1,0,1,2,2,2,2,,2,2,2,1,2,0,1,2,0,2.0,0,2,2,68,4,1.1313672922252012,-0.36879194021315753
2,0,1,1,1,1,2,1,1,1,0,2,1,2,1,0,2,2,1,1,1,2,2,1,1.0,1,1,2,2.0,2,2,1,0,1,1,2,0,1,2,1,1,0,1,1,2,1,1,1,1,1,1,0,1,1,1,1,1,2,2,0,2,2.0,2,0,2,1,1,2,2,2,2,2.0,0,2,1,69,4,1.0649350649350648,-0.5396081604832438
2,1,0,0,1,1,2,0,1,0,1,2,1,2,1,1,2,1,1,1,1,1,0,1,2.0,1,1,1,2.0,1,0,1,1,1,1,1,1,1,2,1,1,1,1,2,1,1,0,1,1,0,1,1,2,1,1,1,1,2,1,1,1,2.0,1,1,0,1,1,1,1,2,2,2.0,2,2,0,70,4,1.0725806451612903,-0.6500166268175286
2,1,1,1,0,2,2,1,1,1,1,2,1,2,1,2,2,1,2,1,1,2,2,1,2.0,1,0,2,2.0,0,1,1,1,2,0,2,1,1,2,1,1,0,1,2,1,1,1,1,1,1,1,1,1,1,1,1,0,1,2,1,1,0.0,0,2,0,1,1,2,0,2,2,2.0,2,2,1,71,4,1.0801393728222997,-0.5871913113173276
2,1,1,1,0,2,2,1,1,1,1,2,1,2,0,1,0,2,2,1,0,2,0,1,2.0,1,1,2,1.0,2,1,1,1,2,1,2,0,2,0,1,2,1,1,0,2,1,1,1,2,1,1,0,2,1,1,2,1,2,2,1,2,2.0,1,2,2,0,2,2,1,2,2,2.0,2,2,1,72,4,1.100609756097561,-0.49923907333406625
0,1,0,1,1,2,2,1,1,1,1,2,1,2,0,2,2,1,1,1,2,1,2,1,0.0,1,1,2,2.0,2,1,0,2,1,1,2,2,0,2,1,2,1,1,2,1,1,1,1,2,1,1,2,2,2,0,1,1,2,0,1,2,0.0,1,2,2,1,2,2,2,2,2,2.0,2,0,2,73,4,1.099406528189911,-0.48147613324336125
2,1,1,1,1,1,2,1,0,1,1,2,1,2,1,1,2,2,0,1,1,2,2,2,2.0,1,0,2,2.0,2,1,1,1,2,1,2,1,1,2,1,1,0,1,2,2,1,1,1,0,1,1,2,2,1,1,1,1,0,2,1,2,2.0,2,2,2,0,2,0,2,2,2,0.0,0,2,1,74,4,1.0963081861958266,-0.5123174393918142
2,1,0,1,1,1,2,0,1,1,1,2,1,0,1,2,2,2,2,1,2,1,0,1,2.0,1,1,2,2.0,2,1,0,2,1,1,2,1,1,2,1,0,1,1,2,2,1,1,1,2,1,1,2,1,1,0,1,0,2,2,1,0,2.0,1,2,2,1,1,2,1,0,2,2.0,2,2,2,75,4,1.0826833073322932,-0.5534324066737285
2,1,1,1,1,2,2,1,1,1,1,2,1,2,1,2,2,2,0,1,2,2,2,2,2.0,1,1,2,2.0,2,1,0,0,1,2,2,0,1,2,1,2,1,1,2,0,1,0,1,2,1,1,1,2,1,1,2,1,2,2,2,0,1.0,0,2,2,1,1,2,2,0,2,2.0,0,2,1,76,4,1.0782361308677098,-0.5346093878359676
2,1,1,1,1,1,2,1,0,1,1,2,1,0,1,2,2,2,2,1,1,2,2,0,2.0,1,1,2,2.0,2,0,2,1,1,1,2,2,1,2,1,1,1,1,2,2,0,1,1,0,1,0,2,2,2,1,2,1,2,2,1,2,2.0,1,1,1,1,0,2,0,2,2,2.0,2,0,1,77,4,1.0871559633027523,-0.5514766016674503
2,0,1,1,1,0,2,0,1,1,0,0,1,2,1,2,0,2,1,1,1,1,1,1,2.0,1,1,2,2.0,2,1,0,1,1,1,2,1,1,2,1,1,1,1,2,2,1,1,1,1,1,0,1,1,1,1,1,1,2,1,0,2,2.0,1,2,1,0,1,2,2,2,2,2.0,2,2,1,78,4,1.0755395683453237,-0.62244662444433
2,1,1,1,0,1,1,1,1,1,1,1,1,2,0,1,2,1,0,1,2,1,1,1,0.0,0,1,1,2.0,2,1,1,2,0,1,1,1,1,1,1,2,1,0,2,1,1,1,1,2,1,1,1,2,1,0,2,1,1,2,2,2,2.0,2,2,2,1,2,2,1,2,0,0.0,1,2,1,79,4,1.087248322147651,-0.39018839134703037
2,1,0,1,1,1,0,1,1,1,1,2,1,0,1,2,2,2,2,1,2,2,0,1,2.0,1,0,2,1.0,1,1,1,2,2,1,2,0,2,2,1,0,1,1,2,2,1,1,1,1,0,1,1,0,1,1,2,1,2,1,1,2,2.0,1,2,2,1,1,2,1,2,2,0.0,2,2,2,80,4,1.0864779874213837,-0.43187504862223997
2,1,1,1,1,1,2,0,0,1,1,1,1,2,1,2,2,0,1,1,1,0,2,1,2.0,1,0,2,2.0,2,1,1,0,1,1,1,1,1,2,1,1,1,1,2,1,1,1,1,1,1,1,2,1,2,0,1,1,2,1,1,2,0.0,1,1,1,1,0,2,1,0,2,2.0,2,2,1,81,4,1.0637065637065637,-0.5443432848701726
2,1,0,1,1,2,2,1,1,1,1,2,1,0,1,2,2,2,2,1,2,2,2,0,2.0,1,1,2,1.0,2,1,2,2,2,2,0,2,1,0,1,0,1,1,2,0,1,1,1,2,1,1,1,2,1,1,0,1,2,2,0,1,0.0,1,2,2,1,1,2,2,2,2,2.0,2,2,2,82,4,1.0692090395480225,-0.461235295386267
2,1,1,1,1,1,1,1,1,1,1,2,1,2,1,1,2,1,1,0,1,1,1,1,2.0,1,1,2,2.0,2,1,0,1,0,1,2,1,1,2,1,1,1,1,2,0,1,0,0,0,1,1,1,1,1,1,2,0,2,2,2,1,1.0,0,1,2,1,1,2,0,2,2,2.0,2,2,1,83,4,1.0862385321100918,-0.6261748288218011
2,1,1,1,0,1,2,1,0,0,1,0,1,2,1,2,2,1,2,1,1,1,2,1,2.0,0,1,1,2.0,1,1,1,1,2,1,0,1,1,0,0,0,1,1,2,1,1,1,1,1,1,1,2,2,1,1,2,1,1,1,1,0,2.0,1,2,2,1,1,1,2,2,2,2.0,2,1,1,84,4,1.0858676207513416,-0.5187747802193092
2,1,1,1,0,0,2,1,1,1,0,2,1,2,1,2,2,2,0,1,0,2,2,1,2.0,1,1,2,2.0,2,1,2,1,1,2,2,2,1,2,1,1,1,1,2,2,1,1,1,1,1,1,2,2,1,1,2,0,0,2,2,1,2.0,2,0,0,1,1,0,2,2,2,2.0,2,2,1,85,4,1.088235294117647,-0.5655950630372214
2,1,1,1,1,1,2,1,0,1,1,1,1,2,1,1,2,1,1,1,1,0,1,1,2.0,1,1,2,2.0,1,1,1,0,2,1,1,1,1,2,0,1,1,0,2,1,1,1,0,0,1,0,1,1,1,0,1,1,2,1,1,2,2.0,1,1,1,0,2,2,2,1,2,2.0,2,1,1,86,4,1.0615671641791045,-0.6474848092583418
2,1,1,0,1,2,1,0,1,1,1,1,0,2,1,1,2,1,1,1,1,1,1,1,2.0,1,1,0,2.0,0,1,1,1,0,1,1,1,1,1,1,1,1,1,2,2,1,1,0,1,0,1,1,0,1,1,1,1,2,1,2,1,2.0,1,1,1,1,2,2,1,2,0,2.0,2,2,2,87,4,1.0601941747572816,-0.4914722751951269
2,1,1,1,1,1,2,1,0,0,1,2,1,2,1,2,2,2,1,0,1,1,2,1,2.0,1,1,0,2.0,2,1,0,1,0,1,1,1,0,2,1,2,1,1,2,2,1,1,1,2,1,1,2,2,2,2,2,1,1,1,1,1,2.0,1,1,0,1,2,2,0,2,2,0.0,2,2,1,88,4,1.0979133226324238,-0.5354955437572767
1,0,1,1,1,1,2,1,1,1,1,0,1,2,0,2,2,2,2,1,1,1,1,1,2.0,0,1,2,2.0,2,1,2,0,1,1,2,2,1,2,0,1,1,1,2,2,1,1,1,0,1,1,2,2,1,1,2,1,2,2,2,2,2.0,2,1,2,1,1,2,0,0,0,2.0,2,2,1,89,4,1.0864779874213837,-0.5337756108341543
2,1,1,0,1,0,2,1,1,1,1,2,1,2,1,1,2,1,1,1,0,0,2,1,2.0,1,1,2,2.0,2,1,1,1,2,1,0,2,1,2,1,1,0,0,2,2,0,1,1,2,1,1,1,0,1,1,2,1,2,2,0,2,2.0,1,1,1,1,2,2,1,2,2,2.0,2,2,1,90,4,1.0919732441471572,-0.6979225880316348
2,1,1,1,1,0,2,1,1,1,1,0,1,0,1,2,0,2,1,1,2,2,2,1,2.0,1,1,2,2.0,2,1,1,1,0,1,2,1,1,0,1,2,0,1,2,1,2,2,0,2,1,1,2,1,1,1,1,0,2,2,2,2,0.0,2,2,2,1,2,2,2,2,2,2.0,2,2,2,91,4,1.1035502958579881,-0.4055015284442783
2,1,1,1,1,0,0,1,0,1,1,2,1,2,0,2,2,1,1,1,2,2,2,1,0.0,1,1,1,2.0,2,1,1,0,2,1,2,1,0,0,1,0,1,1,2,0,1,1,1,1,1,1,2,2,2,1,1,1,2,2,2,2,2.0,1,2,2,1,1,2,1,2,2,2.0,2,2,1,92,4,1.0796178343949046,-0.49792128710694883
2,0,1,1,1,1,0,1,1,1,2,2,1,2,1,2,2,2,2,1,0,2,2,1,2.0,0,1,2,2.0,2,0,1,1,2,2,2,2,1,2,1,1,1,1,2,1,1,1,1,2,1,1,1,2,2,2,2,1,2,2,0,1,1.0,0,2,0,1,2,2,0,2,2,0.0,2,2,1,93,4,1.0763688760806915,-0.5138835636970482
2,1,1,1,1,0,1,1,1,1,1,1,0,2,1,1,2,1,1,1,1,0,1,1,2.0,1,1,0,2.0,2,0,1,1,2,1,1,1,1,1,1,1,1,1,2,1,1,0,0,1,0,1,1,1,1,1,1,1,2,2,2,2,2.0,1,1,2,0,2,2,2,2,2,2.0,2,0,1,94,4,1.0875912408759123,-0.5861934461813301
0,1,1,1,1,1,2,2,1,0,0,2,1,0,1,1,2,1,1,1,2,2,1,1,0.0,1,1,2,0.0,2,1,2,1,1,1,1,1,1,2,1,2,1,1,2,0,2,0,1,0,1,1,2,2,2,2,2,1,2,2,2,2,2.0,2,2,2,2,2,2,2,2,2,2.0,2,0,1,95,4,1.088721804511278,-0.3232215649454105
0,1,1,1,1,1,2,1,1,0,1,2,1,2,1,2,2,0,1,1,1,2,2,1,2.0,1,1,2,0.0,2,1,1,2,1,0,1,1,0,2,1,0,1,0,2,2,0,1,1,1,1,1,2,2,1,1,2,2,1,1,0,1,2.0,1,2,2,1,2,2,1,2,2,2.0,2,2,2,96,4,1.103448275862069,-0.5776252595170417
2,1,0,1,1,2,2,1,1,0,1,2,1,2,1,2,2,2,2,1,1,2,2,1,2.0,2,1,2,2.0,2,1,2,1,1,0,2,2,1,2,1,2,1,1,0,2,0,1,1,2,1,1,2,2,2,2,2,1,0,0,2,0,1.0,1,2,2,1,2,0,1,0,2,2.0,2,2,2,97,4,1.0933908045977012,-0.4263729489273095
2,1,1,1,1,0,2,1,1,1,1,2,1,2,1,1,2,2,1,1,2,2,2,1,2.0,1,1,2,0.0,0,1,1,2,0,1,2,1,0,2,1,1,1,1,2,0,1,1,1,2,0,1,2,2,0,1,1,1,0,2,2,1,2.0,1,2,2,1,2,2,2,2,2,2.0,2,0,1,98,4,1.0901898734177216,-0.49559306494736216
2,1,1,1,0,2,0,1,1,1,0,2,1,1,0,1,2,1,1,1,2,1,1,1,0.0,1,1,2,0.0,2,1,1,1,2,1,1,1,2,1,1,2,1,1,2,0,2,1,0,1,1,1,0,1,1,1,1,1,2,2,2,2,0.0,1,2,2,1,2,2,2,2,2,2.0,2,2,2,99,4,1.0796747967479674,-0.4027645047373221
2,1,1,1,1,1,2,1,1,1,1,2,1,2,1,2,2,1,2,1,0,2,2,1,2.0,1,0,2,2.0,2,1,1,0,0,1,2,1,1,2,1,0,0,1,2,1,1,1,1,1,1,0,2,1,1,1,1,0,0,1,1,2,2.0,1,2,0,1,1,2,1,1,2,2.0,2,2,1,100,4,1.0664335664335665,-0.6206546895170217
2,1,0,1,1,2,0,1,1,1,1,1,1,0,0,2,0,2,1,1,2,0,2,1,2.0,1,1,0,2.0,2,1,1,2,1,1,1,2,0,2,1,2,1,1,2,2,1,1,1,2,1,1,2,1,0,1,1,1,2,2,1,2,2.0,2,2,2,0,2,2,1,2,2,2.0,2,2,2,101,4,1.0911808669656202,-0.4798018534890861
2,0,1,1,1,2,2,1,0,0,1,2,1,2,1,2,2,2,2,1,0,0,2,0,2.0,1,1,1,2.0,2,1,1,1,0,0,1,2,1,2,1,1,1,1,2,2,1,1,1,1,1,1,1,0,1,1,2,1,0,1,2,1,1.0,1,1,2,1,1,2,2,2,2,2.0,2,1,1,102,4,1.0844155844155845,-0.5919481033426913
2,1,0,0,1,1,2,1,1,1,1,2,1,2,1,1,2,2,0,1,1,1,2,1,2.0,1,1,2,2.0,2,1,1,0,1,0,2,0,1,2,1,1,0,1,2,1,1,1,1,1,1,0,0,1,1,1,2,1,2,2,1,2,2.0,1,2,1,1,1,2,1,2,2,2.0,2,2,0,103,4,1.0850340136054422,-0.7251590801827784
1,1,0,1,1,1,2,0,1,1,0,2,1,2,1,2,2,2,2,1,1,0,1,1,2.0,1,1,2,2.0,2,1,1,0,1,1,2,2,1,2,1,1,1,1,0,2,1,0,1,0,1,1,1,1,2,1,1,1,2,2,2,2,2.0,0,1,2,1,2,2,0,2,2,2.0,2,2,2,104,4,1.0832025117739403,-0.581513543587406
2,1,1,1,0,2,2,1,1,1,1,2,1,0,1,2,2,1,2,1,1,2,2,1,2.0,1,1,2,2.0,2,2,2,1,0,1,2,1,1,0,0,0,1,1,2,2,1,1,1,1,1,1,2,2,2,2,2,1,2,2,1,2,2.0,1,0,2,1,0,2,0,2,2,2.0,0,2,1,105,4,1.098009188361409,-0.4589629110591315
0,0,1,1,0,2,2,1,1,1,1,1,0,2,1,0,2,1,1,1,1,2,2,0,2.0,1,1,2,2.0,2,1,1,1,1,1,2,1,1,2,1,1,1,1,0,1,1,1,1,1,1,1,1,1,1,1,2,1,2,1,1,1,0.0,0,1,1,0,2,2,2,2,2,2.0,2,2,1,106,4,1.0888888888888888,-0.5710805726887158
2,1,1,1,1,2,2,1,1,1,0,2,0,2,1,1,2,1,1,1,2,1,1,1,2.0,1,1,2,2.0,0,1,1,1,0,1,2,1,1,2,1,1,1,1,2,2,1,1,1,2,0,1,1,1,1,0,1,1,2,2,0,0,2.0,1,2,2,1,2,2,0,0,2,2.0,2,2,2,107,4,1.0899830220713074,-0.5759825328816777
2,1,0,1,1,1,2,1,1,1,0,2,1,2,1,2,2,2,2,1,2,1,2,1,2.0,1,1,2,2.0,2,0,2,1,1,1,2,2,1,2,1,0,1,1,0,2,1,1,1,1,0,1,1,2,1,1,2,1,0,2,2,1,2.0,1,0,2,1,1,0,2,0,2,2.0,2,2,2,108,4,1.0799396681749622,-0.5124888559824369
2,1,1,0,1,1,2,1,1,1,0,1,1,2,0,1,2,1,1,0,1,1,1,1,2.0,1,1,1,2.0,2,1,1,0,1,1,1,1,0,2,1,2,1,1,0,0,0,1,1,1,1,1,1,2,2,1,1,1,2,2,1,2,2.0,1,1,1,1,2,0,1,2,2,2.0,2,2,1,109,4,1.0710382513661203,-0.5578835187385293
2,1,1,1,1,1,2,1,1,1,0,0,1,2,1,1,2,2,2,0,0,1,2,1,2.0,1,1,2,0.0,2,0,1,1,1,1,2,0,1,2,1,1,1,1,2,2,1,1,1,1,1,0,2,2,1,1,2,1,2,2,1,2,2.0,1,1,1,1,0,0,2,2,2,2.0,2,2,1,110,4,1.0909090909090908,-0.5916803676019862
2,1,0,1,1,1,2,1,1,1,1,2,1,2,1,2,2,2,0,1,0,2,2,1,2.0,1,0,2,1.0,2,0,1,0,1,1,2,2,1,2,1,1,1,1,2,2,1,1,1,1,1,1,1,2,2,1,2,1,2,2,1,2,2.0,0,0,1,1,1,2,1,2,2,0.0,2,0,1,111,4,1.077922077922078,-0.5410632628045753
2,1,1,1,1,2,2,1,1,1,1,2,1,2,1,2,0,1,2,1,2,1,0,1,2.0,0,1,0,2.0,2,1,1,1,1,2,1,2,1,2,1,2,1,1,2,2,0,0,1,2,1,0,2,2,1,1,0,2,1,2,2,2,2.0,2,0,2,1,2,0,2,2,2,2.0,2,2,2,112,4,1.1120815138282387,-0.47347916962784103
2,1,1,1,1,2,2,1,1,1,1,2,0,2,1,2,2,1,2,1,2,2,1,2,0.0,1,1,2,2.0,0,1,2,2,0,1,2,1,1,0,0,1,2,1,2,0,2,1,1,0,1,1,2,2,2,1,2,1,2,2,2,2,2.0,1,1,2,2,2,2,2,2,2,2.0,0,0,1,113,4,1.1047197640117994,-0.3178235943265705
2,0,1,1,1,2,2,1,0,1,1,1,1,2,2,2,0,2,2,1,0,2,2,1,2.0,0,1,2,2.0,2,2,1,1,1,1,2,2,1,2,1,1,1,1,2,2,1,1,1,2,1,2,1,0,0,1,2,1,0,2,1,2,2.0,1,0,2,1,2,2,2,2,0,,2,2,1,114,4,1.103244837758112,-0.49729451234269784
0,1,1,1,1,2,2,1,1,1,1,2,1,2,1,0,2,2,2,1,2,2,2,0,2.0,1,1,0,2.0,2,2,2,2,0,2,0,2,1,2,1,2,1,1,2,0,1,1,1,2,1,1,2,2,1,2,2,0,2,2,2,2,2.0,2,0,2,1,1,2,2,2,2,0.0,2,2,2,115,4,1.0971272229822162,-0.4521511539015407
0,1,1,1,0,0,2,2,1,1,1,2,1,2,1,2,0,0,2,1,2,2,2,2,2.0,1,1,2,2.0,2,2,2,2,2,0,2,1,2,2,1,1,1,1,2,2,1,1,1,1,1,1,2,0,1,1,2,0,2,2,2,2,2.0,2,2,2,1,1,2,2,2,0,2.0,0,2,1,116,4,1.0905109489051095,-0.4057878495934095
2,1,1,1,1,1,2,1,1,1,1,2,1,2,1,2,2,2,2,1,2,0,2,2,,1,1,2,,0,0,2,2,2,2,2,0,1,2,1,1,1,1,0,0,1,1,0,2,1,1,1,2,2,0,2,1,0,2,2,2,2.0,2,2,2,1,2,2,2,2,2,0.0,2,2,2,117,4,1.0926694329183955,-0.459475523994437
2,1,1,1,1,2,2,0,1,1,1,1,1,0,0,1,2,2,1,1,1,0,1,1,2.0,1,1,1,2.0,2,1,0,2,2,1,1,0,1,2,1,1,1,1,2,2,1,1,1,2,1,1,1,1,0,1,1,1,2,2,0,2,0.0,1,2,2,0,2,2,2,2,2,2.0,2,2,1,118,4,1.0740740740740742,-0.5803173026493667
2,1,1,1,1,2,2,1,2,1,2,2,1,0,1,2,2,2,2,1,0,2,2,0,2.0,1,1,2,1.0,2,0,2,2,2,2,2,2,1,0,1,2,1,1,2,2,1,1,1,2,1,1,2,2,2,2,2,1,0,2,0,1,0.0,1,2,2,1,1,2,2,0,0,2.0,2,2,1,119,4,1.0687757909215956,-0.3344918808962201
2,0,1,0,1,1,2,1,1,1,1,2,0,2,1,2,0,1,0,1,1,2,1,1,2.0,1,1,1,2.0,2,1,0,1,1,1,2,2,1,2,1,0,1,1,2,2,1,1,1,1,1,1,1,2,1,1,2,1,2,1,1,1,2.0,1,2,2,1,2,0,0,2,2,0.0,2,2,2,120,4,1.0919732441471572,-0.5069203232006484
2,1,1,1,1,2,2,1,1,1,1,1,1,2,1,0,2,0,1,1,0,2,2,1,2.0,2,0,2,0.0,2,1,1,2,1,1,2,1,0,2,1,2,1,0,2,1,1,1,1,2,1,1,1,1,2,2,2,2,1,1,1,2,0.0,0,0,1,1,2,2,1,2,2,2.0,2,2,2,121,4,1.0945121951219512,-0.4579565411672249
2,1,1,0,0,2,1,1,1,1,1,1,0,2,1,1,2,1,1,1,1,1,1,1,2.0,1,1,0,2.0,2,0,1,1,2,1,1,1,1,1,1,1,1,1,2,0,1,0,0,1,1,1,1,1,1,1,2,1,2,2,2,1,1.0,1,2,1,1,2,2,2,2,2,2.0,2,0,0,122,4,1.091549295774648,-0.5814535554723355
2,1,1,1,1,2,2,1,1,1,2,2,1,2,1,2,2,2,1,1,1,2,2,0,0.0,1,1,2,2.0,2,1,1,2,2,1,1,2,0,2,1,2,1,0,0,2,0,1,1,2,1,1,2,2,2,2,2,1,2,2,2,1,2.0,1,1,1,1,2,2,0,2,0,2.0,0,0,1,123,4,1.1013215859030836,-0.3827420802075176
2,1,1,1,1,2,0,1,1,1,1,2,1,2,1,2,0,2,2,0,1,2,2,1,2.0,1,1,2,1.0,2,2,2,0,1,2,0,0,1,2,1,2,1,1,2,2,1,1,0,1,1,1,2,2,1,2,2,1,2,0,2,2,2.0,2,0,2,1,2,0,2,2,2,2.0,2,2,2,124,4,1.0991620111731844,-0.4532718447465371
2,1,1,1,1,2,0,1,0,1,0,2,1,0,1,1,2,1,1,1,2,2,1,2,0.0,1,1,2,1.0,2,2,1,2,1,1,2,0,2,2,1,1,1,1,2,2,1,0,1,2,1,1,1,2,1,0,1,1,2,2,2,2,2.0,2,2,2,1,2,2,0,2,2,2.0,0,2,2,125,4,1.08675799086758,-0.39175031310960295
2,1,0,1,1,2,2,1,1,1,1,1,1,2,1,2,2,2,2,1,0,1,2,0,2.0,1,1,0,2.0,2,1,1,0,2,1,0,2,0,0,1,2,1,1,2,2,1,1,0,2,1,1,2,2,1,2,2,1,2,2,2,2,2.0,1,1,1,1,2,2,1,2,2,2.0,2,0,1,126,4,1.093655589123867,-0.5359564177127045
2,0,1,1,1,0,0,1,0,1,1,2,1,2,1,2,2,1,1,1,1,2,2,1,2.0,1,0,2,2.0,2,1,1,1,2,1,2,1,1,2,1,0,1,1,2,1,2,1,0,1,1,1,2,1,1,1,1,1,2,1,1,2,0.0,1,2,1,1,0,2,2,2,2,2.0,2,2,0,127,4,1.0971524288107202,-0.5910678457869867
2,1,1,1,1,0,2,1,1,1,1,2,1,0,0,2,2,2,0,1,1,2,2,1,2.0,1,1,2,2.0,2,1,1,0,1,2,2,2,1,2,1,1,1,1,0,2,1,1,1,1,1,1,1,1,2,0,1,1,2,2,0,1,2.0,0,2,2,1,2,2,0,2,2,2.0,2,2,1,128,4,1.0705329153605017,-0.5312405081961139
2,1,1,1,0,1,2,1,0,0,1,1,1,2,1,2,2,2,2,1,1,2,2,0,2.0,1,1,1,2.0,2,2,1,1,2,1,1,1,1,0,1,1,1,0,0,2,1,1,1,1,1,1,1,2,1,1,0,1,1,1,0,2,2.0,1,0,2,1,1,2,2,2,2,2.0,2,2,1,129,4,1.0956375838926173,-0.5217495588810602
2,1,1,0,1,2,0,1,1,1,1,2,1,2,1,2,2,2,1,1,2,0,2,2,0.0,1,1,1,1.0,2,0,1,2,2,2,0,0,2,2,1,2,1,1,0,2,1,1,1,2,1,1,1,0,1,1,2,1,2,2,2,2,2.0,2,2,2,1,2,2,2,2,2,2.0,0,2,2,130,4,1.0832116788321169,-0.40791932081032506
2,1,1,1,1,1,2,1,1,1,0,2,1,0,1,2,2,2,1,1,2,1,2,1,2.0,1,1,2,2.0,2,0,1,1,2,1,0,1,2,2,1,1,0,1,2,1,2,1,1,1,1,1,0,1,1,1,1,0,2,0,1,2,0.0,2,2,2,1,2,2,2,2,2,2.0,2,2,0,131,4,1.0842787682333874,-0.5257022839714719
2,1,0,1,0,2,2,0,1,1,1,1,1,2,1,1,2,1,1,0,1,1,2,0,2.0,1,1,1,2.0,0,1,1,1,1,1,1,1,1,2,1,1,1,1,2,2,1,1,1,1,0,1,1,0,1,1,2,1,2,1,1,0,2.0,1,0,1,1,1,1,2,2,2,2.0,2,2,1,132,4,1.0804597701149425,-0.6171069486053768
2,1,1,1,1,2,2,1,1,1,1,1,1,2,1,0,2,2,2,1,1,0,2,1,2.0,1,0,2,2.0,2,1,0,2,1,2,1,0,1,2,1,1,0,1,2,1,1,1,1,2,1,1,1,1,0,1,2,1,0,2,1,1,2.0,0,2,2,1,1,2,2,2,0,2.0,2,2,1,133,4,1.0728155339805825,-0.580961333895977
2,1,1,1,1,2,2,1,1,1,2,2,0,2,2,2,2,1,1,1,0,1,2,1,2.0,1,1,2,2.0,2,0,1,1,2,1,2,2,0,2,0,1,1,1,2,2,1,1,1,2,1,1,2,2,0,1,1,1,2,0,1,1,0.0,1,1,1,1,2,2,2,2,2,0.0,2,0,1,134,4,1.098746081504702,-0.49278495125599436
2,1,1,1,0,2,2,1,1,1,1,1,1,0,1,2,2,0,2,1,1,2,2,1,0.0,1,1,2,1.0,2,1,2,1,2,1,2,1,1,0,0,1,1,1,2,2,1,1,1,0,1,0,2,2,2,1,2,1,2,2,2,2,2.0,1,0,0,1,1,2,2,2,2,2.0,2,2,1,135,4,1.0834621329211747,-0.47656928858378333
2,0,1,1,1,1,2,1,1,1,1,2,1,2,1,1,2,1,1,0,1,2,1,1,0.0,1,1,2,0.0,2,1,1,1,2,1,1,1,1,2,1,1,0,1,0,2,1,1,1,2,1,1,1,1,0,1,0,1,0,2,1,2,2.0,2,2,2,1,2,0,2,2,2,2.0,2,2,1,136,4,1.0840787119856887,-0.47362942146942943
0,1,1,1,1,0,2,1,1,1,0,2,1,2,1,2,2,1,1,1,2,0,2,1,2.0,1,1,2,2.0,2,1,1,1,1,0,2,2,1,2,1,1,1,1,2,0,0,1,0,1,1,0,2,1,2,1,1,1,2,2,2,2,0.0,1,2,2,1,2,2,2,2,2,2.0,2,2,2,137,4,1.093558282208589,-0.5992208303812215
2,1,1,0,1,2,2,1,1,1,1,0,0,2,1,1,2,1,1,0,1,0,1,1,0.0,1,1,1,2.0,2,1,0,1,2,1,1,1,1,2,1,2,1,1,0,2,1,0,1,2,1,1,1,2,1,1,2,1,2,2,2,2,2.0,1,1,2,1,2,2,1,2,2,2.0,0,2,1,138,4,1.1057046979865772,-0.5211191981720098
2,1,1,1,1,0,2,0,0,1,1,2,1,2,1,2,2,2,2,1,1,2,2,1,2.0,1,1,2,0.0,2,1,0,0,1,1,2,1,1,2,1,0,1,1,2,2,1,1,1,1,1,0,2,2,2,1,1,1,0,1,1,2,2.0,1,2,2,1,1,0,2,2,2,2.0,2,2,1,139,4,1.0858034321372856,-0.5757803114675303
1,0,1,1,1,1,1,0,1,0,1,1,1,2,0,1,2,1,1,1,1,1,1,1,0.0,1,0,2,2.0,2,1,1,1,1,1,1,1,1,2,1,1,0,1,1,1,1,0,1,1,1,0,0,1,1,1,1,1,1,1,1,2,2.0,1,2,1,1,1,2,1,1,2,2.0,2,2,1,140,4,1.056338028169014,-0.6107400677744181
2,0,1,1,1,0,2,1,1,1,1,2,1,2,1,0,2,2,2,1,0,1,2,1,2.0,1,1,2,2.0,2,0,1,1,1,1,2,0,1,2,1,1,0,1,2,1,1,1,0,1,1,1,1,2,1,1,2,1,2,0,2,2,2.0,2,2,2,1,1,2,2,2,0,2.0,2,2,1,141,4,1.0935023771790808,-0.6318645821367919
0,1,1,0,1,0,2,1,1,1,1,1,1,2,1,2,0,1,1,1,1,1,2,1,2.0,1,1,2,2.0,2,1,1,1,1,1,2,1,0,2,1,1,0,1,1,1,1,1,0,1,1,1,2,2,1,1,1,0,2,0,2,2,2.0,2,0,2,1,1,2,1,2,2,2.0,2,2,2,142,4,1.0757314974182444,-0.49119176180118385
0,1,1,1,1,0,2,2,1,1,1,2,1,2,1,2,2,1,2,1,2,1,2,1,2.0,1,1,2,1.0,2,1,0,2,2,1,2,2,0,2,1,2,1,0,2,0,1,1,1,0,1,1,2,2,2,0,2,1,0,2,2,1,2.0,1,2,2,1,1,2,2,0,2,2.0,2,2,1,143,4,1.089080459770115,-0.4986664454476838
2,1,1,1,1,0,2,1,1,1,1,2,1,2,1,2,2,1,1,0,2,1,2,1,0.0,1,1,2,2.0,1,1,2,1,2,1,1,1,1,2,0,0,1,1,0,0,1,1,0,1,1,1,1,2,1,1,0,1,2,2,2,2,2.0,1,2,2,1,1,2,2,2,0,2.0,2,2,2,144,4,1.0927152317880795,-0.4971088225619771
2,1,1,1,0,1,2,0,1,1,1,0,1,2,1,1,2,1,2,1,1,1,2,1,2.0,1,1,2,0.0,2,1,1,1,2,1,1,1,1,2,0,1,1,0,2,0,1,1,1,2,1,1,2,2,1,1,2,0,2,2,1,2,2.0,1,1,1,1,0,2,2,1,0,2.0,2,2,1,145,4,1.093145869947276,-0.5688378745742331
2,1,1,1,1,2,2,1,1,1,2,1,1,2,2,2,2,2,1,1,1,2,1,0,2.0,1,1,2,2.0,2,1,1,2,1,1,2,2,1,2,1,2,1,0,2,1,0,1,1,2,1,1,0,1,2,1,2,2,0,2,1,0,0.0,0,0,1,1,2,2,2,2,2,2.0,2,0,2,146,4,1.0911854103343466,-0.445015771338635
2,1,1,1,1,1,2,1,1,0,1,2,1,2,1,2,2,1,1,1,1,2,1,1,2.0,1,0,2,0.0,1,1,1,0,2,1,1,1,1,2,0,1,1,1,2,2,1,1,1,0,1,1,0,0,1,0,0,1,2,2,2,2,2.0,1,2,2,1,1,1,2,2,2,2.0,2,2,1,147,4,1.087837837837838,-0.6070216037978604
0,1,1,1,1,0,2,1,0,1,1,1,1,2,1,2,2,1,1,1,1,1,2,0,2.0,1,1,2,2.0,2,1,1,2,1,1,1,2,0,2,1,1,1,0,2,1,0,1,1,2,1,1,1,1,1,0,1,1,1,2,1,2,2.0,0,1,1,1,2,2,2,2,2,0.0,2,2,2,148,4,1.0834752981260647,-0.5628255418480468
2,1,1,1,1,0,2,1,1,1,1,2,1,2,1,2,2,2,2,1,0,0,2,1,2.0,0,1,2,2.0,2,1,1,1,2,1,1,2,1,2,1,2,1,1,2,0,1,0,1,2,1,1,2,1,0,1,2,1,2,2,1,0,2.0,1,2,1,1,2,2,2,2,2,2.0,0,2,0,149,4,1.0952380952380953,-0.6131446080586351
2,1,2,1,1,2,2,1,2,1,2,2,1,2,1,2,2,2,2,1,0,1,0,1,2.0,1,1,2,2.0,2,0,1,1,2,2,0,2,1,2,1,2,0,1,2,1,1,1,1,2,1,1,2,2,2,2,2,1,2,2,1,1,0.0,1,2,0,1,0,0,2,0,2,2.0,2,2,1,150,4,1.0798192771084338,-0.42884346923834465
2,0,1,1,1,2,2,0,1,1,1,2,1,2,1,0,2,2,0,1,2,2,0,1,1.0,2,1,2,0.0,2,1,1,2,1,1,2,2,1,2,1,2,1,1,2,2,1,1,1,2,1,1,1,0,1,1,2,2,2,1,1,0,2.0,1,2,1,1,0,2,2,2,2,2.0,2,0,1,151,4,1.0866873065015479,-0.44367288651065645
2,1,1,1,0,2,2,1,0,1,1,2,0,2,0,1,2,1,1,1,1,0,2,2,2.0,1,1,1,2.0,2,1,1,1,0,0,1,1,1,2,1,1,1,1,0,2,1,1,1,1,1,1,1,2,1,1,2,1,1,1,2,1,2.0,1,1,2,1,2,0,2,0,2,2.0,2,2,1,152,4,1.0843373493975903,-0.5214513396109068
2,1,1,1,0,2,2,1,1,1,1,2,1,0,1,2,2,2,0,0,1,1,2,1,2.0,1,1,2,2.0,2,1,1,1,2,1,2,2,1,2,1,1,1,1,2,0,1,1,1,0,0,1,1,1,1,1,2,1,2,2,0,1,1.0,1,2,0,1,1,1,2,2,2,2.0,2,2,0,153,4,1.0887772194304857,-0.6052343759697963
2,1,0,0,1,0,0,1,1,1,1,2,1,0,1,2,0,2,2,1,2,2,2,1,2.0,1,1,2,2.0,0,1,1,1,2,2,2,1,2,2,1,0,1,1,2,2,2,2,1,1,1,1,1,2,1,1,2,0,2,2,1,2,2.0,2,2,2,1,1,2,1,1,2,2.0,2,2,0,154,4,1.0911854103343466,-0.4109946510074129
2,1,0,1,0,2,2,0,1,1,1,2,0,2,1,1,2,1,1,1,1,1,1,1,2.0,1,1,1,2.0,2,1,1,1,0,1,1,1,1,1,1,1,1,1,2,2,0,1,1,2,1,1,0,1,0,1,1,1,1,1,1,1,2.0,1,1,0,1,1,2,0,2,2,2.0,2,2,2,155,4,1.0608856088560885,-0.606963729237581
2,1,1,1,1,2,0,0,1,0,1,2,1,2,1,2,2,2,0,1,2,2,2,1,1.0,1,1,1,1.0,2,0,2,2,1,1,0,2,1,2,1,1,1,1,2,1,1,1,1,2,1,1,2,2,0,1,2,1,2,2,2,1,2.0,2,2,2,1,0,2,2,0,2,2.0,2,0,1,156,4,1.0792079207920793,-0.45981173195781055
2,1,1,1,0,2,2,1,1,1,1,2,1,0,1,2,2,0,2,1,1,2,2,1,2.0,1,0,2,2.0,2,1,2,1,1,0,2,2,1,2,0,1,1,1,2,0,1,1,1,1,1,1,1,2,1,1,2,1,2,0,2,2,2.0,1,0,2,1,1,2,0,2,2,2.0,2,2,1,157,4,1.096923076923077,-0.5788816181958698
2,1,1,0,1,2,2,1,2,1,1,2,1,0,1,2,2,2,2,1,1,2,2,1,,1,1,0,2.0,2,1,2,0,1,0,2,2,1,2,1,2,1,1,2,0,1,1,1,2,1,1,2,2,0,1,2,1,2,2,2,1,2.0,2,2,0,1,1,2,2,0,2,0.0,2,2,1,158,4,1.0956399437412097,-0.45139027475927856
2,0,1,1,1,1,2,1,1,1,1,2,1,2,1,2,0,0,1,0,2,2,0,1,2.0,1,1,2,1.0,2,1,1,2,1,1,2,0,1,2,1,1,1,0,2,1,1,1,1,2,1,1,1,1,1,1,2,1,0,1,1,2,0.0,1,1,1,1,0,2,2,2,2,2.0,2,2,1,159,4,1.0864197530864197,-0.4901784055678221
2,1,1,1,1,0,2,1,1,0,1,2,1,2,1,2,2,1,1,1,2,2,2,1,2.0,1,1,2,2.0,0,1,1,1,0,1,2,1,0,2,1,1,1,1,2,1,0,1,1,1,0,1,2,2,2,1,1,0,0,1,2,1,2.0,1,1,1,1,1,1,1,0,1,2.0,2,2,2,160,4,1.0693240901213172,-0.461536053778425
2,1,1,1,1,1,2,0,1,0,1,2,1,2,1,1,2,1,2,1,1,0,2,1,2.0,1,1,1,2.0,2,0,1,1,2,1,1,1,1,2,1,1,1,1,2,1,1,0,1,1,0,1,2,2,1,1,1,0,2,2,0,1,2.0,1,2,2,1,1,2,2,0,1,2.0,0,2,1,161,4,1.0837606837606837,-0.578012831754397
2,1,1,1,1,0,2,1,1,1,1,2,1,2,0,2,2,2,2,1,0,0,2,1,2.0,0,1,2,2.0,0,1,1,0,2,0,2,2,1,2,1,1,1,1,2,2,1,1,1,1,1,1,2,2,2,1,2,1,2,2,2,2,2.0,2,2,0,1,2,2,2,2,2,2.0,0,2,1,162,4,1.091042584434655,-0.6021279217538861
2,1,1,1,1,1,2,1,1,1,1,2,1,2,1,2,2,2,2,1,2,2,0,1,2.0,1,1,2,2.0,0,2,1,2,2,0,2,1,1,0,1,0,1,1,2,2,1,0,1,2,0,1,1,2,0,1,1,1,2,2,0,1,2.0,1,2,2,1,0,2,2,1,2,2.0,2,2,1,163,4,1.095166163141994,-0.5431597143299347
1,1,1,1,1,1,2,1,1,1,0,1,1,2,0,1,2,1,1,0,1,1,1,1,2.0,1,0,2,2.0,2,1,1,1,1,0,1,1,1,2,0,1,1,1,2,1,0,0,1,0,1,1,1,1,1,1,1,1,1,2,1,2,2.0,0,1,1,1,2,1,1,1,2,2.0,2,2,1,164,4,1.0682261208576997,-0.6791526789980099
2,1,1,1,0,1,2,1,0,1,2,2,1,2,1,1,2,2,1,1,0,1,2,1,0.0,1,1,1,2.0,2,0,0,1,2,1,2,1,0,2,1,0,1,1,2,2,1,1,1,1,1,1,2,2,1,1,1,1,2,1,1,1,2.0,1,1,1,0,1,1,1,2,0,2.0,2,2,1,165,4,1.078125,-0.5425456897516333
2,1,1,1,1,1,2,1,0,1,1,2,1,0,1,2,2,2,1,1,2,2,2,1,2.0,1,1,2,2.0,0,1,2,2,2,1,2,1,1,2,0,0,1,1,2,2,1,1,0,1,1,1,2,2,1,1,1,1,2,2,1,2,0.0,1,2,0,1,1,2,2,0,2,2.0,2,0,1,166,4,1.082258064516129,-0.45815154906245875
2,1,0,1,1,1,2,1,0,1,2,2,1,0,1,2,2,2,2,1,1,2,2,1,2.0,1,1,2,0.0,0,1,0,0,1,1,2,1,1,2,1,1,0,1,2,2,1,1,1,1,1,1,2,2,1,1,2,1,2,2,1,2,2.0,2,2,2,1,1,2,2,0,2,2.0,2,2,0,167,4,1.0990853658536586,-0.5405665275477318
2,1,1,1,1,2,2,1,1,1,1,2,1,2,0,2,2,2,0,0,1,2,2,1,,1,1,2,,2,2,2,1,1,2,2,2,1,2,1,1,1,1,2,2,1,1,1,1,1,1,2,0,1,1,2,0,2,0,2,1,1.0,2,0,0,1,1,2,0,2,2,2.0,2,0,1,168,4,1.097872340425532,-0.4781471236958323
2,1,0,1,1,2,2,1,1,1,1,2,1,2,1,2,2,0,2,1,2,2,2,1,2.0,1,1,2,2.0,0,1,0,2,1,1,2,0,1,2,1,1,1,1,2,2,1,1,1,2,1,1,0,1,1,0,2,1,2,2,1,0,2.0,0,2,2,1,2,2,2,2,2,0.0,2,2,2,169,4,1.0805970149253732,-0.5841331991994908
2,1,0,1,1,1,2,1,1,1,1,1,1,1,1,2,2,2,2,1,1,0,2,1,2.0,1,1,0,2.0,0,1,1,1,2,2,1,1,1,2,1,1,1,0,2,1,1,1,0,2,1,0,1,1,1,1,2,1,2,2,0,2,2.0,1,2,0,1,0,2,2,2,2,2.0,2,2,1,170,4,1.0844827586206895,-0.574843870533281
2,0,1,1,1,1,2,1,1,2,1,0,1,2,1,0,2,1,1,1,2,2,1,1,2.0,1,1,1,0.0,2,1,1,2,0,1,2,1,1,2,1,1,1,1,2,1,1,1,0,2,1,1,1,2,1,0,2,1,2,1,0,2,2.0,1,2,2,1,0,2,2,2,0,2.0,2,2,2,171,4,1.0891089108910892,-0.4800532781386066
0,1,1,1,1,1,2,1,1,1,0,2,1,2,1,2,2,0,0,1,2,2,2,1,2.0,1,1,2,2.0,0,2,1,1,1,2,2,1,0,2,1,1,1,1,1,2,1,1,1,1,1,2,0,1,1,1,1,0,2,2,2,2,2.0,2,0,2,1,2,1,2,2,2,2.0,2,2,0,172,4,1.0787037037037037,-0.4730318734863888
2,0,1,1,1,1,2,1,0,1,1,2,1,2,1,2,2,2,1,1,0,1,2,1,2.0,1,1,0,2.0,2,1,1,1,2,1,0,2,1,2,0,1,0,1,0,2,1,1,1,2,1,1,1,2,1,1,0,1,2,2,1,2,2.0,1,1,2,1,2,2,2,2,2,0.0,2,1,1,173,4,1.0863787375415281,-0.5377273298732824
2,1,0,1,1,2,2,1,1,1,1,1,1,2,0,2,2,2,1,1,1,0,0,1,2.0,1,0,2,2.0,2,1,1,1,1,0,1,1,1,2,1,1,1,1,2,1,1,1,1,1,1,0,1,1,0,0,1,1,2,2,1,2,2.0,2,2,2,1,2,2,1,2,2,2.0,2,0,1,174,4,1.080672268907563,-0.6326851641650769
2,1,0,1,1,1,2,1,1,1,1,2,1,0,1,2,0,2,2,1,2,1,2,2,2.0,0,1,2,1.0,2,0,0,1,2,2,2,0,1,2,1,1,1,1,2,2,1,1,1,2,1,1,1,0,1,1,2,0,2,2,2,1,2.0,1,2,2,1,1,2,2,2,0,2.0,2,2,1,175,4,1.0702005730659025,-0.5058349568311408
1,1,0,1,1,1,2,0,1,1,1,2,1,2,1,2,2,2,2,1,1,2,1,0,2.0,1,1,2,2.0,2,1,2,0,0,1,2,2,1,2,0,1,1,1,2,2,1,1,1,0,1,1,1,2,1,1,0,1,2,2,1,0,2.0,1,1,1,1,0,2,1,1,2,2.0,2,2,1,176,4,1.0833333333333333,-0.5842829887592995
2,1,1,1,1,2,2,1,1,1,1,0,1,2,1,2,2,2,2,1,1,2,2,2,,1,1,2,,2,0,2,1,2,0,2,2,1,2,1,2,1,1,0,2,1,0,1,2,1,1,0,2,1,1,2,1,2,2,2,1,1.0,1,1,2,0,2,0,2,0,2,2.0,2,0,1,177,4,1.0906593406593406,-0.4382381363372351
2,1,1,1,1,0,2,1,1,1,1,2,1,0,1,2,2,2,0,1,2,2,2,1,2.0,1,1,2,1.0,0,1,2,1,0,2,2,1,1,0,1,1,0,1,2,2,1,1,1,2,1,0,2,1,0,1,1,0,2,2,2,2,2.0,1,2,2,1,1,2,1,2,2,2.0,2,2,2,178,4,1.0895522388059702,-0.4852919336135697
2,1,0,1,1,2,2,1,1,1,1,2,1,2,1,2,2,0,2,1,1,0,2,1,2.0,2,1,2,2.0,2,2,2,1,0,2,0,2,1,2,1,1,1,1,2,2,1,1,1,2,1,0,0,1,1,1,0,1,2,0,2,2,2.0,1,2,2,1,2,2,0,2,2,2.0,2,2,2,179,4,1.0861313868613138,-0.5632252574435389
2,1,1,1,0,1,2,1,0,1,1,2,1,2,1,0,2,1,1,1,1,1,2,1,2.0,1,1,2,2.0,2,1,1,0,2,1,1,1,1,2,0,1,1,0,0,2,0,1,1,1,1,1,1,1,1,1,2,1,1,1,0,2,0.0,1,1,1,1,1,1,2,2,2,2.0,2,2,1,180,4,1.08,-0.581655769239784
2,1,1,1,1,2,0,1,1,1,1,2,1,0,0,2,0,1,2,1,2,1,0,2,2.0,1,1,2,1.0,2,1,1,2,1,1,2,1,2,2,0,2,1,1,2,2,1,0,1,2,1,1,2,2,1,0,2,1,2,2,2,2,2.0,1,2,2,1,2,2,2,0,2,2.0,2,0,1,181,4,1.0887573964497042,-0.4064053613766521
2,1,1,1,1,2,2,1,1,1,1,0,1,0,1,1,2,1,1,1,1,1,1,1,2.0,1,0,2,2.0,2,1,1,1,2,1,1,1,0,2,0,2,1,1,2,1,0,1,0,2,1,1,1,0,0,1,1,1,1,2,1,0,2.0,1,1,1,1,2,1,1,1,2,2.0,2,2,1,182,4,1.0641509433962264,-0.522029542965074
2,1,1,1,1,2,2,1,1,1,0,0,1,2,1,2,2,1,1,1,2,2,2,1,2.0,1,0,2,2.0,0,1,1,1,2,1,2,1,2,2,1,0,1,1,2,1,1,0,1,1,1,1,2,1,1,1,1,1,2,2,1,2,0.0,1,2,2,1,1,2,2,0,2,0.0,1,2,0,183,4,1.087248322147651,-0.43234616726428676
2,1,1,1,1,2,2,0,1,1,1,2,1,2,1,0,2,2,0,1,1,2,1,1,2.0,1,1,2,2.0,2,2,0,0,1,2,2,2,1,2,1,2,1,1,0,2,0,1,1,2,1,1,1,2,0,1,2,1,0,2,1,2,2.0,2,1,2,1,2,2,2,2,2,2.0,0,2,1,184,4,1.089311859443631,-0.5121148561483511
2,1,1,1,1,2,2,1,1,1,1,2,0,2,1,0,2,1,1,1,2,1,1,1,2.0,1,0,2,2.0,0,1,1,1,2,1,0,1,1,1,1,1,0,1,2,1,1,1,0,1,0,1,1,1,1,1,1,1,2,2,2,2,2.0,2,2,2,1,1,2,1,2,0,2.0,0,2,1,185,4,1.0910652920962198,-0.5063115837399852
2,1,1,1,1,2,2,2,2,1,1,2,1,2,2,2,0,2,2,1,2,2,2,0,,1,1,2,0.0,0,2,1,0,2,2,2,2,2,2,1,1,1,1,0,2,1,2,1,2,1,1,1,0,2,2,2,1,2,2,0,1,2.0,2,1,2,1,0,2,2,0,2,2.0,2,2,1,186,4,1.0843706777316735,-0.2760752084125963
2,1,1,1,0,2,0,1,1,1,1,1,1,0,1,2,2,2,2,1,2,0,2,1,2.0,1,1,0,2.0,0,1,1,2,2,2,2,0,1,2,1,1,1,1,2,2,2,1,1,2,1,1,1,1,1,0,0,1,2,2,2,2,2.0,2,2,2,0,2,2,2,2,2,2.0,2,2,2,187,4,1.094256259204713,-0.48724825247189474
1,1,1,1,0,2,2,1,1,1,1,1,1,2,0,1,2,1,1,0,1,0,2,1,2.0,1,1,1,2.0,2,1,1,1,1,0,1,1,0,2,1,1,1,0,2,1,1,0,1,0,1,1,1,1,1,1,2,1,1,1,1,0,2.0,1,1,1,1,2,1,1,1,2,2.0,2,2,1,188,4,1.0734126984126984,-0.6314344488769346
2,1,1,1,1,1,2,1,1,0,0,2,1,2,0,2,2,2,2,1,0,1,0,1,2.0,2,1,2,2.0,2,1,2,1,1,1,2,1,2,2,1,2,1,1,0,1,1,1,1,0,1,0,2,2,2,1,1,1,2,2,2,1,0.0,1,2,2,1,2,2,1,2,0,2.0,2,2,1,189,4,1.1,-0.45605044302146225
1,1,1,1,1,2,2,1,1,1,1,1,1,2,0,0,2,0,1,1,2,2,1,0,1.0,0,1,1,0.0,2,1,1,1,0,1,1,1,1,2,1,1,1,1,2,2,1,1,1,2,1,1,1,2,1,1,2,0,2,2,2,2,2.0,2,2,1,0,2,2,0,1,2,2.0,2,2,1,190,4,1.0895522388059702,-0.5364133248753464
2,1,1,1,0,1,1,0,1,1,1,0,1,2,1,1,2,1,1,1,1,1,1,1,2.0,1,1,1,2.0,1,1,1,2,2,1,1,1,0,2,1,0,0,1,0,1,1,1,0,2,1,1,1,1,1,0,1,1,2,0,1,2,2.0,1,1,2,1,2,2,2,2,2,2.0,2,2,2,191,4,1.064516129032258,-0.5244079589750404
2,1,1,1,0,1,2,1,1,0,1,2,1,2,1,2,2,0,2,1,1,1,2,1,1.0,2,1,2,0.0,2,0,2,1,1,0,2,1,1,2,1,1,1,1,2,1,1,1,1,0,1,0,2,0,2,1,2,1,2,2,2,1,2.0,1,2,2,1,0,2,2,2,2,2.0,2,2,1,192,4,1.0972017673048602,-0.5846786156241991
2,1,1,1,1,2,0,2,1,1,1,2,1,2,1,2,2,2,1,1,2,2,2,1,2.0,1,1,2,2.0,2,1,1,0,2,1,2,2,2,2,1,2,1,1,2,1,1,1,0,2,1,1,2,0,0,2,1,1,2,0,1,0,0.0,2,2,1,1,2,2,2,2,0,2.0,2,2,0,193,4,1.0901162790697674,-0.4354916316362828
2,1,1,1,1,2,2,1,1,1,1,2,0,0,1,1,2,2,1,1,0,1,2,1,2.0,1,1,2,2.0,2,1,1,0,2,1,0,1,1,2,1,2,0,1,2,2,1,1,0,2,1,1,0,1,1,1,1,1,2,2,0,2,2.0,1,2,2,1,2,2,1,2,2,2.0,2,0,1,194,4,1.0885245901639344,-0.5944864665027273
0,1,0,1,1,1,2,1,1,1,1,2,1,2,1,2,2,2,2,1,2,1,2,1,2.0,1,1,2,2.0,2,1,2,0,2,0,2,2,1,2,1,1,0,1,0,2,1,1,0,1,1,0,1,0,1,1,2,1,2,2,2,2,2.0,2,2,2,1,1,2,2,2,2,2.0,0,2,1,195,4,1.0982142857142858,-0.5658227906557086
2,1,2,1,1,0,2,1,2,1,2,2,1,2,1,2,2,2,2,1,2,2,2,0,,1,1,0,2.0,2,1,2,1,1,2,2,0,1,2,1,2,2,1,2,2,1,1,2,2,1,1,1,2,2,2,2,1,2,2,2,0,0.0,1,0,0,1,1,2,2,0,0,2.0,2,2,2,196,4,1.1045197740112995,-0.3373102131180959
0,1,2,1,1,2,2,1,2,2,1,0,1,2,1,2,0,2,2,1,2,0,0,1,2.0,1,1,2,0.0,2,1,1,2,2,2,2,2,1,2,1,2,1,1,2,0,2,1,1,2,1,2,2,2,1,1,2,2,2,2,0,1,0.0,1,2,2,1,2,2,2,2,2,,2,2,0,197,4,1.0873925501432664,-0.31311735101687166
2,1,1,1,1,2,2,0,1,1,2,1,1,2,2,1,2,2,1,1,1,2,2,1,2.0,1,1,2,2.0,2,2,2,2,1,1,2,0,0,0,1,1,1,1,2,2,1,1,1,2,1,1,2,2,0,1,1,1,0,2,1,1,2.0,2,0,2,0,2,0,1,2,0,2.0,2,2,2,198,4,1.0865102639296187,-0.40421006942048765
2,1,1,1,1,2,2,1,1,1,1,2,1,2,1,0,0,2,2,1,1,2,2,2,2.0,1,1,2,1.0,2,0,0,1,2,2,2,2,1,2,0,2,1,1,0,2,1,1,1,2,1,1,1,2,1,1,2,1,0,2,2,1,1.0,1,2,0,0,1,2,2,2,0,2.0,2,2,1,199,4,1.0753138075313808,-0.42602243031223014
