,0,1,2,3,4,5,6,7,8,9,10,11,12,13,14,15,16,17,18,19,20,21,22,23,24,25,26,27,28,29,30,31,32,33,34,35,36,37,38,39,40,41,42,43,44,45,46,47,48,49,50,51,52,53,54,55,56,57,58,59,60,61,62,63,64,65,66,67,68,69,70,71,72,73,74,theta,seed,q
0,2,1,1,1,1,1,1,1,1,0,1,1,0,1,1,1,2,1,1,1,1,0,1,1,2.0,1,1,1,2.0,1,1,1,1,1,1,1,0,1,1,1,1,1,1,2.0,0,1,1,0,1,1,1,1,1,1,1,1,1,1,1,2,1,1.0,1,2,0,1,1,0,1,1,0,2.0,2,2,1,2,0,-1
1,1,0,1,1,1,0,0,1,1,0,1,1,0,1,1,2,0,1,1,1,1,1,1,1,2.0,1,1,1,1.0,2,1,1,1,1,1,1,1,0,2,1,1,1,1,2.0,1,1,1,1,1,1,1,1,1,1,1,1,1,1,1,1,1,1.0,1,1,0,1,1,1,1,1,1,0.0,0,1,1,2,1,-1
2,2,1,1,1,1,1,1,0,1,1,1,1,1,2,1,0,1,1,1,1,1,1,0,1,1.0,1,1,2,1.0,1,1,1,1,1,0,1,1,1,1,1,0,1,1,0.0,1,1,1,0,1,0,1,1,1,1,1,1,1,2,1,1,1,2.0,1,0,1,1,1,2,1,2,2,2.0,0,2,1,2,2,-1
3,0,1,1,0,1,1,2,1,1,1,0,1,1,2,1,1,1,1,1,0,1,0,1,1,0.0,1,1,1,2.0,1,1,1,1,1,1,1,1,1,2,1,1,0,1,1.0,1,1,1,1,1,1,1,1,1,1,1,1,0,1,1,1,2,2.0,1,1,1,1,1,1,1,1,2,1.0,0,1,0,2,3,-1
4,1,0,1,1,1,1,1,1,1,0,1,2,1,2,1,2,2,1,1,1,1,1,1,1,2.0,1,1,2,2.0,2,1,1,1,1,1,1,1,1,2,1,1,1,1,2.0,1,1,0,1,1,1,0,1,1,1,1,0,1,1,0,1,1,1.0,1,2,1,1,1,2,1,0,1,1.0,0,1,1,2,4,-1
5,2,1,1,1,1,1,2,0,0,1,1,1,1,2,1,0,0,2,1,1,1,1,1,1,1.0,1,1,0,1.0,2,0,1,2,1,1,1,1,1,2,1,1,1,1,2.0,1,1,1,1,1,1,1,1,1,0,1,1,1,1,1,1,1,0.0,0,1,1,1,2,2,2,2,2,2.0,2,0,1,2,5,-1
6,1,0,1,1,1,1,1,1,1,1,0,1,1,1,1,1,2,1,1,1,1,1,1,1,2.0,0,0,1,2.0,1,1,1,1,0,1,1,1,1,1,1,1,1,1,1.0,1,1,1,1,1,1,1,1,1,1,1,1,1,0,1,1,1,1.0,0,2,1,1,1,2,0,1,1,2.0,2,0,1,2,6,-1
7,1,1,1,1,1,1,1,1,1,1,1,1,1,1,0,1,2,1,1,1,1,1,1,0,2.0,0,1,1,1.0,1,1,1,1,1,1,1,1,1,1,1,1,1,0,2.0,1,1,1,0,1,1,1,1,1,1,1,1,1,0,2,1,1,1.0,1,1,1,1,2,0,0,1,2,2.0,0,2,1,2,7,-1
8,1,1,1,1,1,0,1,1,0,1,1,1,1,0,1,1,2,2,1,1,1,1,2,1,2.0,1,1,0,2.0,2,1,1,1,1,1,1,1,1,1,1,1,1,1,2.0,1,1,1,1,0,0,1,2,1,1,1,1,1,1,1,1,0,2.0,1,0,1,1,1,0,2,2,1,2.0,1,1,0,2,8,-1
9,0,1,1,1,1,1,2,1,1,1,1,1,1,2,1,1,2,1,1,1,1,1,0,1,2.0,1,1,2,2.0,1,1,1,1,0,1,2,1,1,2,1,0,1,1,2.0,1,1,1,1,1,1,1,1,0,1,0,1,0,2,1,0,1,1.0,1,1,1,0,1,2,1,1,1,2.0,2,2,1,2,9,-1
10,0,1,1,1,1,1,1,1,0,0,1,2,1,1,1,0,2,1,1,1,1,2,2,1,1.0,1,1,2,0.0,0,1,1,1,1,1,1,0,1,2,1,0,1,1,2.0,2,1,1,1,1,1,1,1,2,1,1,1,1,1,1,1,1,2.0,1,2,0,1,1,2,1,2,2,2.0,2,0,1,2,10,-1
11,1,1,1,1,1,1,1,1,1,1,1,1,1,0,1,1,2,1,1,1,1,1,1,1,0.0,0,1,1,1.0,2,1,1,0,0,1,1,1,1,1,1,1,1,1,2.0,2,0,1,1,0,1,1,1,2,1,1,0,1,1,2,1,2,2.0,1,0,1,1,1,1,1,1,2,0.0,2,2,1,2,11,-1
12,1,1,0,0,1,0,0,1,1,1,1,1,1,2,1,1,1,1,1,1,1,1,0,1,1.0,1,1,0,1.0,1,1,1,1,1,1,1,1,1,1,1,1,1,1,1.0,2,1,1,1,0,0,1,1,0,1,1,1,1,2,1,1,1,2.0,1,1,1,1,1,0,1,2,2,1.0,2,2,1,2,12,-1
13,1,1,1,1,1,1,2,1,1,1,1,1,1,1,1,1,0,1,1,1,1,1,1,1,2.0,0,0,2,2.0,1,1,1,1,2,1,1,1,1,1,1,1,1,1,2.0,1,1,0,1,0,1,1,1,1,1,0,1,1,1,0,1,2,1.0,1,1,1,1,0,1,1,1,1,2.0,1,1,0,2,13,-1
14,1,1,1,1,0,1,1,1,1,1,0,1,0,1,1,1,1,1,1,1,1,1,0,1,1.0,0,0,1,0.0,1,1,1,0,1,1,1,1,1,1,1,1,1,1,2.0,1,1,1,1,1,1,1,1,1,1,1,1,1,1,1,1,1,0.0,1,1,1,1,1,1,1,1,2,0.0,1,1,1,2,14,-1
15,0,1,1,1,1,0,1,1,1,1,1,1,0,1,1,1,1,0,1,1,1,1,1,1,1.0,1,1,0,0.0,2,1,0,1,1,1,1,1,1,1,1,1,1,1,2.0,2,1,1,0,1,1,1,1,1,1,1,1,1,2,2,2,1,1.0,1,2,2,1,1,2,2,2,2,0.0,0,2,1,2,15,-1
16,2,1,1,1,0,1,1,1,1,1,1,1,1,2,1,1,0,1,1,1,1,1,1,1,1.0,1,1,1,1.0,2,0,0,1,1,1,1,1,1,2,1,1,0,1,2.0,1,1,1,1,1,1,1,1,1,1,1,1,1,1,0,1,1,1.0,1,2,1,0,1,1,0,0,1,2.0,2,1,1,2,16,-1
17,2,1,1,1,1,2,0,1,1,1,1,2,1,2,1,0,2,1,2,1,1,1,0,1,1.0,1,1,1,1.0,2,1,0,1,1,1,1,1,1,2,0,1,1,1,2.0,0,0,1,1,2,1,1,1,2,1,1,2,1,0,2,1,1,1.0,1,1,2,1,1,1,0,1,1,2.0,2,2,1,2,17,-1
18,1,1,1,1,1,1,1,1,0,1,1,1,1,2,1,1,1,0,1,0,1,1,1,1,0.0,1,1,2,1.0,1,1,1,1,1,1,1,1,1,1,1,1,1,0,2.0,1,1,0,1,1,0,1,1,1,1,1,1,1,1,1,1,1,1.0,0,1,1,1,0,1,1,0,1,2.0,1,1,1,2,18,-1
19,1,1,1,1,1,0,2,1,1,1,1,2,1,2,1,2,2,1,2,0,1,1,0,1,1.0,1,1,1,1.0,1,1,0,1,1,0,2,1,1,2,1,0,1,1,1.0,1,1,1,1,1,1,1,1,0,1,1,1,0,2,1,1,1,1.0,1,1,1,1,0,1,1,1,1,1.0,2,1,0,2,19,-1
20,2,1,1,1,1,1,1,1,1,0,1,2,1,1,1,0,0,1,1,1,0,2,0,1,1.0,1,0,2,0.0,1,1,1,1,1,0,1,1,1,1,1,0,1,1,2.0,1,1,1,1,1,1,1,1,2,1,1,1,1,1,1,1,1,2.0,1,2,1,1,1,1,1,1,2,0.0,1,1,1,2,20,-1
21,2,1,1,1,0,1,2,1,1,1,1,1,1,2,1,2,2,2,2,1,1,1,2,1,2.0,1,1,1,2.0,2,1,1,1,1,1,0,1,1,2,1,1,1,1,1.0,0,1,1,1,0,1,1,2,1,1,1,2,0,1,2,1,0,1.0,1,0,1,1,1,1,1,1,1,2.0,0,0,0,2,21,-1
22,1,1,1,1,0,1,1,1,0,1,1,1,1,1,0,1,2,1,0,1,1,1,1,1,1.0,1,1,1,1.0,2,1,1,1,1,0,1,1,1,2,0,1,0,1,2.0,0,0,1,1,1,1,1,1,1,1,1,1,1,1,1,1,1,1.0,1,1,0,1,1,1,1,1,1,2.0,2,1,1,2,22,-1
23,1,1,1,1,1,1,0,1,1,1,1,1,0,1,1,1,2,1,1,1,1,1,1,1,1.0,0,1,1,1.0,1,1,0,1,1,1,1,1,1,1,0,0,1,1,2.0,1,0,1,1,1,1,1,0,1,1,0,1,1,1,1,1,1,1.0,1,1,1,1,1,1,1,1,2,2.0,2,0,1,2,23,-1
24,1,0,1,0,0,1,1,1,1,1,1,0,1,2,1,0,2,0,1,1,1,1,1,1,1.0,1,1,1,1.0,2,1,1,1,1,0,1,1,1,2,1,1,1,1,1.0,1,1,1,1,1,1,1,1,1,1,1,2,1,2,1,1,1,1.0,1,1,0,1,1,1,2,2,1,2.0,2,0,1,2,24,-1
25,2,1,1,1,0,1,1,1,0,1,1,1,1,1,1,0,2,1,1,1,1,1,2,0,1.0,1,1,1,0.0,2,1,1,1,1,1,1,1,1,1,1,1,1,1,2.0,0,1,1,1,1,1,0,1,1,1,1,1,1,1,1,1,1,0.0,0,1,1,1,1,2,2,2,2,2.0,2,1,1,2,25,-1
26,1,1,1,1,1,1,0,1,1,1,1,1,1,2,1,1,2,0,1,1,1,2,1,1,1.0,1,1,2,1.0,2,1,1,0,1,1,1,1,1,2,1,1,1,1,2.0,2,0,1,1,0,1,1,1,1,0,1,0,1,2,2,1,1,1.0,0,1,1,0,2,1,0,1,1,2.0,2,2,1,2,26,-1
27,1,1,0,1,1,1,1,1,1,1,1,1,1,0,1,1,2,1,1,0,1,1,2,1,0.0,0,1,1,1.0,1,1,0,1,1,1,1,1,0,1,1,1,1,1,1.0,1,1,1,1,1,1,1,1,1,1,1,1,0,1,1,1,1,2.0,1,1,1,1,1,1,1,2,2,1.0,0,1,1,2,27,-1
28,1,0,1,0,1,0,1,1,1,1,1,1,0,2,1,1,2,1,1,1,1,1,0,0,1.0,1,1,1,1.0,2,1,1,0,1,1,1,1,1,2,1,1,1,1,1.0,2,1,1,1,1,1,1,0,1,1,1,1,1,2,1,1,1,1.0,1,1,0,1,1,1,1,1,2,1.0,2,2,1,2,28,-1
29,1,1,0,1,1,1,1,1,1,1,1,1,1,2,1,1,2,1,1,1,0,1,2,0,0.0,1,1,0,1.0,1,1,1,1,1,0,1,0,1,1,1,0,1,1,2.0,2,1,1,1,1,1,1,1,2,1,1,2,1,2,1,1,1,1.0,1,1,0,1,1,2,1,0,2,2.0,2,2,1,2,29,-1
30,1,1,0,1,1,2,2,1,1,1,1,1,0,1,1,1,2,0,1,1,1,1,1,0,1.0,1,1,1,1.0,2,1,1,1,1,1,1,1,0,2,1,1,1,1,2.0,1,0,0,1,1,1,1,1,1,0,1,1,1,1,1,1,1,1.0,1,1,1,1,1,1,1,1,1,2.0,1,2,1,2,30,-1
31,1,1,1,1,1,1,0,1,1,1,1,1,1,1,1,1,0,1,0,1,1,1,1,0,1.0,0,1,1,0.0,1,1,1,1,1,1,1,1,1,1,1,1,1,0,2.0,1,1,0,1,2,1,1,1,2,1,1,2,1,1,0,1,1,1.0,1,1,1,1,2,2,1,1,2,2.0,1,2,1,2,31,-1
32,1,1,1,0,0,0,1,1,1,0,1,0,1,1,1,1,1,1,1,0,1,1,1,1,2.0,1,1,1,2.0,1,1,1,1,1,1,1,1,1,2,1,1,1,1,0.0,1,1,1,1,1,1,1,1,1,1,0,1,1,1,1,1,1,2.0,0,1,1,1,1,1,1,1,1,0.0,2,1,1,2,32,-1
33,2,1,1,1,1,1,1,0,1,1,1,1,1,2,0,1,2,1,0,1,0,1,1,1,2.0,1,1,1,1.0,1,1,1,1,1,1,1,1,1,2,1,1,1,0,2.0,1,1,1,1,2,1,1,1,1,1,1,1,1,0,1,1,1,0.0,1,1,1,1,0,0,1,1,2,2.0,2,0,1,2,33,-1
34,2,1,1,1,1,2,2,1,1,1,1,0,1,2,1,2,2,2,0,1,0,1,1,1,1.0,1,1,1,1.0,0,2,2,1,0,1,0,1,1,2,1,1,1,1,2.0,2,1,1,1,2,1,1,2,2,1,1,2,1,2,2,2,1,2.0,1,1,2,1,2,2,0,0,2,2.0,2,2,2,2,34,-1
35,2,1,1,1,1,1,2,1,1,1,1,0,1,2,1,0,2,2,2,1,1,2,2,1,2.0,1,1,1,2.0,2,2,2,1,0,1,2,1,1,2,1,1,1,1,1.0,2,1,1,1,1,1,1,1,2,1,1,0,0,2,2,2,1,1.0,1,0,0,1,1,2,1,1,2,2.0,0,0,1,2,35,-1
36,2,1,1,1,1,0,0,1,1,0,1,2,1,2,1,2,2,1,1,1,1,1,2,1,1.0,1,1,1,1.0,1,0,1,1,0,1,2,1,0,2,1,0,1,1,2.0,0,1,1,1,1,1,1,2,2,1,1,0,1,1,1,1,1,1.0,1,1,0,1,1,1,1,1,2,2.0,2,2,1,2,36,-1
37,2,1,1,0,1,1,2,1,0,1,1,1,1,2,1,0,2,1,1,1,1,1,0,1,1.0,1,1,1,1.0,1,1,1,1,1,1,0,1,1,2,1,1,1,0,1.0,1,1,1,1,1,1,1,1,1,0,1,1,1,1,1,1,1,2.0,0,0,1,1,2,0,1,1,2,2.0,1,2,1,2,37,-1
38,1,1,0,1,0,1,2,1,1,1,1,1,1,0,1,1,2,1,1,1,1,1,1,0,2.0,1,1,1,1.0,2,1,1,1,0,1,1,1,1,2,1,1,1,1,2.0,1,1,1,1,1,1,1,1,1,0,1,1,1,1,1,1,0,1.0,1,1,1,0,1,1,1,1,1,0.0,1,1,0,2,38,-1
39,1,1,1,1,0,1,1,1,1,0,1,2,1,0,1,1,2,1,2,1,0,1,2,1,2.0,1,1,1,1.0,2,1,0,1,2,1,1,1,1,2,1,1,0,1,2.0,1,1,1,1,0,1,1,1,1,1,1,1,1,1,1,0,1,1.0,1,1,0,1,1,1,1,2,0,2.0,2,1,1,2,39,-1
40,1,1,1,1,1,1,1,0,1,1,1,1,0,2,1,1,2,1,1,0,1,1,1,1,2.0,1,1,1,2.0,1,1,0,1,1,1,1,1,0,2,1,1,1,1,1.0,1,1,1,1,1,1,0,1,1,1,1,1,0,1,1,1,1,1.0,1,1,1,0,1,1,1,1,0,0.0,1,2,1,2,40,-1
41,1,1,1,0,1,1,2,1,1,1,1,1,0,1,1,1,2,1,1,1,1,1,1,0,1.0,1,0,1,1.0,1,1,1,1,1,1,0,1,1,1,1,1,1,1,1.0,1,1,1,1,1,1,0,1,1,1,1,1,0,1,1,1,1,1.0,1,1,0,0,1,1,1,1,1,1.0,1,2,1,2,41,-1
42,1,1,0,1,1,1,2,1,1,1,1,1,1,1,0,1,2,2,1,1,0,0,1,0,2.0,1,1,1,2.0,2,1,1,1,1,1,1,1,1,2,1,1,1,1,1.0,1,1,1,1,1,1,1,0,1,1,1,1,1,2,2,1,0,1.0,1,1,1,1,1,1,1,1,2,0.0,1,2,0,2,42,-1
43,2,1,1,1,1,1,2,1,1,1,1,2,1,2,1,1,0,0,1,1,1,0,2,1,2.0,1,1,2,1.0,2,1,1,1,1,1,1,1,1,2,1,1,1,1,2.0,1,1,1,1,2,0,1,0,1,1,1,1,1,2,0,0,1,1.0,1,1,0,1,0,2,0,2,1,2.0,2,2,1,2,43,-1
44,2,1,1,0,1,1,2,1,1,1,1,1,1,2,1,1,2,1,1,1,0,1,0,0,1.0,1,1,1,1.0,2,1,1,1,1,1,0,2,1,2,1,1,1,1,2.0,2,0,1,1,2,1,1,1,2,1,1,0,1,2,2,0,1,1.0,1,1,1,1,1,0,1,1,2,2.0,2,2,1,2,44,-1
45,2,1,1,0,1,1,2,1,1,1,1,1,1,2,0,0,2,1,1,1,1,1,1,1,1.0,1,1,1,1.0,2,0,1,0,1,1,0,1,1,2,1,1,1,1,2.0,1,1,1,1,1,1,1,1,1,0,1,1,1,2,1,1,1,0.0,1,1,1,0,2,1,0,1,1,1.0,2,2,1,2,45,-1
46,1,1,0,1,1,1,2,1,1,1,1,1,1,2,1,2,2,1,0,0,2,1,2,1,2.0,1,1,0,2.0,1,1,1,1,1,1,1,1,1,2,1,0,1,1,1.0,1,1,1,1,1,1,1,1,1,1,1,1,1,1,0,1,0,0.0,1,1,1,1,1,1,1,0,2,1.0,0,2,1,2,46,-1
47,2,1,1,1,1,1,0,0,0,1,1,1,1,2,1,1,2,2,1,1,1,2,2,0,1.0,1,1,1,1.0,2,2,1,2,1,1,1,1,1,2,1,1,1,1,2.0,2,1,1,1,2,1,1,0,2,1,1,1,2,2,1,0,1,1.0,1,1,1,1,1,2,2,2,2,0.0,0,2,1,2,47,-1
48,0,1,1,1,1,1,0,1,1,1,1,2,1,2,1,2,2,2,2,1,1,2,2,1,1.0,1,1,2,1.0,0,2,1,1,1,0,2,1,1,2,1,1,1,1,2.0,2,1,1,1,0,1,1,0,2,1,1,2,1,2,2,2,1,1.0,1,2,0,1,1,2,0,2,0,2.0,2,2,1,2,48,-1
49,1,1,1,1,1,0,1,1,1,1,1,1,0,2,1,1,2,1,0,1,1,1,1,1,1.0,1,1,1,1.0,1,1,1,1,1,1,1,0,1,1,1,0,1,0,2.0,1,0,1,1,1,0,1,1,1,1,0,1,1,1,1,1,1,1.0,1,1,1,1,1,1,1,0,1,2.0,1,2,1,2,49,-1
50,1,1,0,1,0,0,2,1,1,1,1,0,1,1,1,1,2,1,2,1,2,1,0,1,2.0,1,1,1,2.0,2,1,1,1,0,1,2,1,1,2,1,1,1,1,2.0,2,1,1,1,0,1,1,1,1,1,1,2,1,1,1,1,1,2.0,1,1,2,1,1,2,1,2,0,0.0,2,2,1,2,50,-1
51,2,1,1,1,1,2,2,1,1,1,1,1,1,2,1,2,0,2,1,1,1,0,1,1,2.0,1,1,1,0.0,2,1,1,2,1,1,1,2,0,2,1,2,1,1,2.0,1,1,1,1,2,1,1,2,0,2,1,2,1,0,2,1,0,1.0,1,2,1,1,2,1,1,0,2,2.0,2,0,1,2,51,-1
52,2,1,1,1,1,2,2,1,1,1,1,0,1,0,1,1,2,1,1,1,1,1,1,0,1.0,1,1,1,0.0,2,1,2,0,0,1,0,1,1,2,1,2,1,1,2.0,2,1,1,1,2,1,1,2,2,1,1,2,1,2,2,2,1,2.0,1,1,1,1,1,2,1,0,2,2.0,2,2,1,2,52,-1
53,1,1,1,1,1,1,1,1,1,0,1,1,0,1,1,2,2,1,1,1,1,1,0,1,2.0,0,1,1,2.0,0,1,1,1,1,1,1,1,0,1,1,1,1,1,2.0,1,1,1,1,0,1,1,1,1,1,1,1,1,1,0,1,1,0.0,1,0,1,1,2,1,1,1,2,2.0,2,1,1,2,53,-1
54,1,1,0,1,1,1,0,0,1,0,1,1,1,1,1,0,2,0,2,1,1,1,2,0,1.0,1,1,1,1.0,1,1,1,1,1,1,1,1,1,2,1,1,1,1,1.0,1,1,1,1,1,1,1,1,1,1,1,1,0,2,1,1,1,1.0,1,1,0,1,1,2,1,0,1,2.0,2,2,1,2,54,-1
55,2,1,1,1,1,1,2,1,1,1,1,1,1,2,1,1,2,1,1,1,1,1,1,1,2.0,1,0,1,2.0,0,1,1,1,0,1,0,1,0,2,0,1,1,1,2.0,1,1,1,1,1,1,1,1,1,1,0,0,1,1,1,1,1,0.0,1,1,1,1,1,1,1,1,2,2.0,0,2,1,2,55,-1
56,1,1,1,1,1,1,1,1,1,1,1,2,0,1,0,0,2,1,1,1,1,1,0,1,0.0,1,1,1,1.0,2,1,1,1,1,0,1,1,1,1,1,1,1,1,2.0,1,1,1,1,1,1,1,1,2,1,1,0,1,0,2,2,1,1.0,1,1,0,1,0,2,1,1,2,2.0,2,2,1,2,56,-1
57,1,0,1,1,1,0,2,1,1,1,1,0,1,2,1,2,2,1,1,1,1,1,0,1,2.0,1,1,1,2.0,2,1,1,1,1,1,2,1,0,2,1,0,1,1,1.0,1,1,1,1,0,1,1,2,1,1,1,1,0,2,0,1,1,2.0,1,1,1,1,1,2,1,2,1,1.0,0,2,1,2,57,-1
58,1,1,1,1,1,1,1,1,1,1,1,1,1,1,0,1,2,1,1,1,1,0,1,0,1.0,0,1,1,1.0,2,1,1,0,0,1,0,1,0,2,1,1,1,1,2.0,1,1,1,1,1,1,1,1,2,1,1,1,1,1,1,1,1,2.0,1,1,1,1,1,1,1,1,2,2.0,2,2,1,2,58,-1
59,0,1,1,1,1,1,2,1,1,1,1,1,1,2,1,1,2,1,1,1,1,1,1,0,2.0,1,1,2,2.0,2,1,1,1,1,1,1,1,1,2,1,1,1,1,2.0,0,0,1,1,0,0,1,1,1,0,1,1,1,0,2,1,1,1.0,1,1,0,1,1,0,2,2,1,2.0,2,2,1,2,59,-1
60,1,1,1,1,1,1,2,1,1,1,0,2,1,2,1,0,2,0,1,1,1,1,1,1,1.0,1,1,2,1.0,2,1,2,1,0,0,2,1,1,2,1,0,1,1,2.0,0,1,1,1,1,1,1,1,1,1,1,1,1,2,1,1,1,1.0,1,1,2,0,1,2,1,1,0,1.0,0,2,1,2,60,-1
61,2,1,1,1,1,1,1,1,1,1,1,1,1,2,1,1,0,1,0,1,1,1,1,1,1.0,1,1,2,1.0,1,1,1,1,1,0,1,1,1,1,1,1,1,0,1.0,1,0,1,0,1,1,1,0,1,1,1,1,1,1,1,1,1,1.0,1,1,1,0,2,1,1,0,1,2.0,1,2,1,2,61,-1
62,2,1,1,1,1,1,1,1,1,0,1,0,1,2,1,1,2,0,0,1,1,1,1,1,0.0,1,1,1,1.0,2,0,1,1,1,1,1,1,0,2,1,1,1,1,2.0,1,0,1,1,1,1,1,1,1,0,1,1,1,1,0,1,1,1.0,1,1,1,1,2,1,1,1,1,2.0,2,2,1,2,62,-1
63,0,1,1,1,1,1,2,1,2,1,1,0,1,2,0,1,2,0,1,0,1,1,2,1,2.0,1,1,1,2.0,2,1,1,0,1,1,1,1,1,2,1,1,1,1,2.0,0,1,1,1,1,1,1,2,1,1,1,1,1,1,1,1,1,0.0,1,1,1,1,1,1,1,2,0,2.0,2,2,1,2,63,-1
64,1,1,1,1,1,1,2,1,0,1,0,2,1,2,1,1,0,1,1,1,1,1,1,1,1.0,1,1,1,1.0,2,1,0,1,1,0,2,1,1,0,1,1,1,1,1.0,2,1,1,1,0,1,1,0,1,1,0,1,1,2,2,1,1,1.0,1,1,2,1,2,2,0,2,2,2.0,2,1,1,2,64,-1
65,1,0,1,1,1,1,0,1,1,0,0,1,1,1,1,1,2,1,1,1,1,1,1,1,2.0,1,0,1,2.0,1,1,1,1,1,1,1,1,1,2,1,0,1,1,1.0,1,1,0,1,1,1,1,1,1,1,1,1,0,1,1,1,1,2.0,1,0,1,1,1,1,1,1,1,0.0,1,1,1,2,65,-1
66,2,1,1,1,1,2,2,1,1,1,1,1,1,0,1,2,0,2,1,1,0,0,1,1,2.0,1,1,0,1.0,2,1,1,1,1,1,1,1,1,2,0,2,1,1,2.0,1,1,1,1,1,1,1,0,1,1,1,2,1,2,2,1,0,2.0,1,1,1,1,1,1,1,1,2,2.0,2,1,0,2,66,-1
67,2,1,1,1,1,2,2,0,1,0,1,1,1,2,1,1,2,1,1,1,1,1,0,1,1.0,1,1,1,1.0,1,1,1,1,1,1,0,1,1,2,1,1,1,1,2.0,1,0,1,1,1,1,1,2,1,0,1,1,1,1,1,1,1,2.0,1,1,1,1,1,0,1,0,1,2.0,2,1,0,2,67,-1
68,1,1,1,1,1,1,1,1,1,1,1,1,0,1,1,1,1,1,1,0,1,1,1,0,0.0,1,1,1,0.0,1,1,1,1,1,1,1,0,1,1,0,1,1,1,1.0,0,1,1,1,1,1,1,1,1,1,1,2,1,1,1,1,1,1.0,1,0,1,1,1,1,1,1,2,2.0,1,1,0,2,68,-1
69,2,1,1,1,1,1,1,1,1,0,1,2,0,1,1,1,2,1,1,1,0,1,0,1,1.0,1,1,1,1.0,1,1,1,1,1,1,1,1,1,0,1,1,1,1,2.0,1,1,1,1,1,0,1,1,1,1,0,0,0,1,1,1,1,1.0,1,1,1,1,1,1,1,1,1,2.0,2,0,1,2,69,-1
70,0,0,1,1,1,1,1,1,1,1,1,1,1,2,1,2,0,1,1,1,1,2,1,0,0.0,1,1,2,1.0,2,1,1,1,1,1,1,2,1,2,1,1,1,1,2.0,1,1,1,1,1,1,1,1,0,1,1,2,1,2,2,0,0,1.0,1,2,1,1,1,2,2,2,1,2.0,0,2,1,2,70,-1
71,2,1,1,1,1,1,2,1,1,1,1,0,1,2,1,1,2,1,0,1,1,1,1,1,1.0,1,1,1,1.0,2,0,1,1,0,1,2,1,1,0,1,0,1,1,2.0,2,0,1,1,1,1,1,0,1,1,1,0,1,1,1,1,1,1.0,1,1,2,1,2,2,1,1,2,2.0,2,2,2,2,71,-1
72,1,1,1,1,1,2,2,0,1,1,1,1,0,1,1,1,2,1,1,0,1,0,1,1,2.0,1,0,1,2.0,0,1,1,1,1,1,1,1,1,1,1,1,1,1,2.0,1,0,0,1,1,1,1,1,1,1,1,1,1,1,1,1,1,1.0,1,1,1,1,1,1,1,0,1,2.0,1,1,0,2,72,-1
73,1,1,1,1,1,1,2,1,0,1,0,2,1,2,1,1,0,1,0,1,1,1,0,1,1.0,1,1,1,1.0,2,1,1,1,1,1,1,1,1,0,1,1,1,1,2.0,2,1,0,1,1,1,1,1,1,1,1,1,1,1,1,1,1,1.0,1,1,2,0,2,0,1,1,1,0.0,1,2,1,2,73,-1
74,2,1,1,1,0,1,1,1,1,0,1,0,1,1,1,1,2,1,1,1,1,1,2,1,1.0,1,1,1,0.0,2,0,0,1,1,1,1,1,0,1,1,1,1,1,2.0,1,1,1,1,1,1,1,1,1,1,1,1,1,1,1,1,1,1.0,0,1,1,1,1,1,1,2,1,2.0,2,0,1,2,74,-1
75,2,1,1,1,1,1,2,1,0,1,1,1,1,2,1,1,2,1,1,0,1,2,2,1,1.0,1,0,2,2.0,1,1,1,1,1,0,1,1,1,2,1,1,1,1,2.0,1,1,1,1,1,1,1,1,1,1,1,0,1,1,1,1,1,0.0,1,1,0,1,1,1,1,2,0,0.0,1,1,1,2,75,-1
76,0,0,1,1,1,1,1,0,1,1,1,1,1,2,1,0,2,1,1,1,1,1,1,1,2.0,1,0,1,1.0,1,1,1,1,0,1,1,1,1,1,1,0,1,0,2.0,1,1,1,1,1,1,1,1,1,1,1,1,1,1,1,1,2,2.0,1,1,1,1,1,2,1,1,2,2.0,0,2,1,2,76,-1
77,1,1,1,1,1,1,1,1,1,1,1,1,1,2,1,1,1,1,1,0,1,1,1,1,0.0,1,1,1,1.0,1,1,0,0,1,1,1,1,0,2,0,1,1,1,2.0,0,1,1,1,1,1,1,1,1,1,0,1,1,0,1,0,1,1.0,1,1,1,1,1,1,1,2,2,2.0,2,1,1,2,77,-1
78,1,1,1,0,1,1,2,1,1,1,1,1,0,2,1,1,2,1,1,1,0,1,1,0,2.0,1,1,1,2.0,0,1,1,1,1,1,1,1,1,2,1,0,1,1,0.0,1,1,1,1,1,1,1,1,1,1,0,1,0,2,1,1,1,1.0,1,1,1,1,1,1,1,0,2,2.0,2,2,1,2,78,-1
79,1,0,1,1,1,1,2,1,1,1,1,1,1,0,1,2,2,2,1,1,0,1,2,0,2.0,1,1,2,1.0,2,1,1,1,1,1,2,2,1,2,1,1,1,1,1.0,1,1,1,1,1,1,0,1,1,1,1,2,1,1,1,1,1,0.0,1,0,1,1,1,0,2,2,2,2.0,2,0,0,2,79,-1
80,1,1,1,0,1,0,2,1,1,1,0,1,1,2,1,0,1,1,1,1,1,1,1,0,1.0,1,1,1,1.0,1,1,1,1,1,1,1,1,1,0,1,1,1,1,1.0,1,1,1,0,1,1,0,1,1,1,1,1,1,1,1,1,0,1.0,1,1,0,1,1,1,1,1,2,1.0,2,2,1,2,80,-1
81,2,1,1,0,1,1,1,1,1,1,1,1,1,2,1,1,1,1,1,1,1,1,1,1,2.0,1,1,1,2.0,1,1,1,1,0,1,1,1,1,1,1,1,1,0,1.0,1,1,0,1,1,0,1,1,1,1,1,1,0,1,1,1,1,2.0,1,1,1,0,1,0,1,1,1,1.0,1,2,1,2,81,-1
82,2,1,1,0,1,1,1,1,1,1,1,1,1,2,1,1,2,1,1,1,1,1,2,1,2.0,0,1,0,1.0,0,1,0,1,1,1,1,1,1,1,1,1,1,0,0.0,1,1,1,1,2,1,1,1,2,1,1,2,1,1,1,1,1,2.0,1,1,1,1,0,0,1,1,2,2.0,2,2,1,2,82,-1
83,0,1,1,0,0,1,2,1,0,1,1,1,1,2,1,1,1,1,1,1,1,1,1,0,1.0,1,1,1,1.0,1,1,1,1,1,1,1,0,1,2,0,0,1,1,2.0,1,1,1,1,1,1,1,1,1,1,1,1,1,1,1,1,0,1.0,1,1,1,1,1,1,1,1,1,2.0,2,1,1,2,83,-1
84,2,1,1,1,1,1,1,1,1,1,1,2,1,2,1,1,2,1,1,1,1,1,1,1,2.0,1,1,1,1.0,2,1,0,1,0,1,2,1,1,2,1,1,1,0,2.0,1,1,1,1,1,1,1,1,1,1,1,2,0,0,1,1,1,1.0,1,1,0,1,1,2,0,1,1,2.0,0,2,0,2,84,-1
85,2,1,1,1,1,2,2,1,1,1,1,2,1,0,1,1,2,1,1,1,1,1,1,1,0.0,1,1,1,1.0,2,1,1,0,0,1,2,1,0,2,1,1,1,1,2.0,2,1,1,1,2,1,1,0,0,1,1,1,1,1,0,1,1,1.0,1,1,1,1,2,1,0,2,2,2.0,2,2,1,2,85,-1
86,2,1,1,1,1,1,1,1,1,0,1,2,1,1,1,1,2,0,1,1,0,1,1,1,1.0,1,1,0,0.0,1,0,1,1,1,1,1,1,1,1,1,0,1,1,2.0,0,0,1,1,1,1,1,2,2,2,1,1,1,0,1,1,1,1.0,1,1,1,1,1,1,1,1,1,2.0,2,2,1,2,86,-1
87,2,1,1,1,1,1,0,1,1,0,1,2,1,2,1,0,2,1,1,1,1,2,2,1,1.0,1,1,1,1.0,1,1,1,2,1,1,1,1,1,2,1,2,1,0,2.0,1,1,1,1,2,1,1,0,1,1,1,1,1,1,1,0,0,0.0,1,2,1,1,2,1,1,1,1,2.0,0,2,1,2,87,-1
88,2,1,1,1,0,1,1,0,1,1,1,1,1,2,1,1,2,1,1,1,0,1,2,1,2.0,1,1,1,2.0,1,1,1,0,1,0,1,1,1,1,1,1,1,1,2.0,1,1,1,1,0,0,1,1,1,1,1,1,1,2,1,1,1,1.0,0,1,1,1,1,1,1,0,1,0.0,2,1,1,2,88,-1
89,2,1,1,1,0,1,2,1,0,1,1,1,1,1,1,1,2,1,1,0,1,1,0,1,1.0,1,0,1,1.0,1,0,1,1,0,1,1,1,1,1,1,1,1,1,0.0,1,1,1,1,1,1,1,1,1,1,1,1,1,1,0,0,1,1.0,1,1,1,1,1,1,1,1,2,2.0,1,1,1,2,89,-1
90,2,1,1,1,1,2,2,1,1,1,1,2,1,2,1,2,2,2,0,1,1,1,1,1,1.0,1,1,1,1.0,0,1,0,1,1,1,2,1,0,2,0,1,1,1,2.0,1,1,1,1,1,1,1,0,1,1,1,1,1,2,0,1,1,1.0,1,1,1,1,1,0,0,2,2,2.0,2,1,0,2,90,-1
91,1,1,0,1,1,1,1,1,1,1,1,1,1,1,0,1,2,0,1,1,2,1,1,1,1.0,1,1,2,0.0,0,1,1,1,1,1,1,0,1,1,1,1,1,0,2.0,1,1,0,1,1,1,0,1,1,1,1,1,1,1,1,1,2,2.0,1,1,1,1,1,2,1,1,2,2.0,1,2,1,2,91,-1
92,2,1,1,1,1,2,1,1,1,1,1,0,1,2,1,0,2,1,0,1,1,1,2,1,1.0,1,1,1,0.0,2,1,1,2,1,1,1,1,1,1,1,2,1,0,2.0,2,1,1,1,2,1,1,1,2,1,1,2,1,0,0,2,1,1.0,1,1,2,1,2,0,1,2,0,2.0,2,2,1,2,92,-1
93,2,1,1,1,0,1,1,1,1,1,1,1,1,2,1,1,2,1,1,1,1,0,2,1,0.0,1,1,1,2.0,2,1,1,1,2,1,1,1,0,1,1,1,1,1,2.0,1,1,1,1,0,0,1,0,0,1,1,1,1,1,1,1,1,2.0,1,1,1,1,1,1,2,2,1,2.0,2,1,0,2,93,-1
94,2,1,1,1,1,1,2,1,0,1,1,2,1,2,1,1,0,2,1,0,1,1,0,1,1.0,1,1,1,1.0,2,1,1,1,1,1,1,1,1,0,1,1,1,1,1.0,1,1,1,1,1,1,0,1,1,1,1,1,0,1,1,0,1,1.0,1,1,0,1,1,0,1,1,2,1.0,2,1,1,2,94,-1
95,1,1,0,1,1,0,2,0,1,1,1,1,1,2,1,1,2,1,1,0,0,1,0,1,1.0,1,1,1,1.0,1,1,1,1,1,1,1,0,1,2,1,1,0,1,1.0,1,1,1,1,1,1,1,1,1,1,1,1,1,1,1,1,1,2.0,0,1,1,1,1,1,1,2,2,1.0,2,1,1,2,95,-1
96,2,1,0,0,1,1,0,1,1,1,1,1,1,2,1,2,2,1,1,1,1,1,1,1,1.0,1,1,1,1.0,1,1,1,1,1,1,2,1,1,0,1,1,1,1,1.0,1,1,1,1,1,1,1,1,1,1,0,1,1,2,1,1,1,0.0,0,1,1,1,0,2,1,1,2,2.0,2,0,1,2,96,-1
97,2,1,1,1,0,2,1,1,1,1,1,1,1,1,1,1,2,1,1,1,0,1,1,1,1.0,1,1,1,0.0,0,1,1,1,2,1,0,1,1,1,1,1,1,1,2.0,2,1,1,1,2,1,1,0,1,0,1,1,1,2,2,1,2,2.0,1,2,1,1,1,1,2,0,2,0.0,2,2,1,2,97,-1
98,1,1,0,1,1,1,2,1,1,1,1,1,1,2,1,1,2,2,1,1,1,1,1,0,1.0,1,1,1,1.0,2,1,1,1,1,1,1,1,1,0,1,1,1,0,1.0,2,1,1,1,1,1,1,1,0,1,1,2,1,2,1,1,1,1.0,1,0,1,0,1,2,0,1,1,0.0,1,2,1,2,98,-1
99,1,0,1,1,1,1,2,1,1,1,1,1,1,2,1,2,2,1,2,1,1,1,1,0,1.0,1,1,1,1.0,2,1,2,1,1,1,0,2,1,2,1,0,1,1,2.0,2,1,1,1,1,1,1,1,0,1,1,2,1,0,1,1,1,1.0,1,2,1,1,1,2,0,0,1,2.0,2,0,1,2,99,-1
100,2,1,1,1,1,2,1,1,1,0,1,2,0,1,1,1,2,1,2,1,1,0,2,1,2.0,1,1,1,2.0,1,1,1,1,1,1,1,0,1,2,1,2,1,1,2.0,0,1,1,0,1,1,1,1,1,1,1,1,1,2,2,2,1,1.0,1,2,0,1,1,0,1,2,0,2.0,2,2,1,3,0,-1
101,1,0,1,1,1,0,0,1,1,0,1,2,0,2,1,2,0,1,1,1,1,2,2,1,2.0,1,1,1,2.0,2,1,1,1,1,1,2,2,0,2,1,1,1,1,2.0,1,1,1,1,1,1,1,2,2,2,1,1,1,1,1,2,1,2.0,1,2,0,1,1,2,1,2,2,0.0,0,2,1,3,1,-1
102,2,1,1,1,1,1,2,0,1,1,1,1,1,2,1,0,2,1,1,1,1,1,0,1,1.0,1,1,2,1.0,1,1,2,1,1,0,1,1,1,2,1,0,1,1,0.0,2,1,1,0,1,0,1,1,2,1,1,1,1,2,1,1,2,2.0,1,0,2,1,1,2,2,2,2,2.0,0,2,2,3,2,-1
103,0,1,1,0,1,1,2,1,1,1,0,1,1,2,1,1,1,1,1,0,1,0,1,1,0.0,1,1,1,2.0,2,1,1,1,1,1,1,1,1,2,1,1,0,1,1.0,1,1,1,1,1,1,1,1,1,1,1,1,0,2,2,1,2,2.0,2,2,1,1,1,1,1,2,2,1.0,0,1,0,3,3,-1
104,2,0,1,1,1,1,2,1,1,0,1,2,1,2,1,2,2,1,2,1,2,2,2,1,2.0,1,1,2,2.0,2,1,2,1,1,1,2,1,1,2,1,1,1,1,2.0,1,1,0,1,1,1,0,1,2,1,1,0,1,1,0,2,1,1.0,1,2,2,1,1,2,2,0,1,2.0,0,2,1,3,4,-1
105,2,1,1,1,1,2,2,0,0,1,1,1,1,2,1,0,0,2,1,1,1,1,2,1,1.0,1,1,0,1.0,2,0,1,2,1,1,1,1,1,2,1,1,1,1,2.0,1,1,1,1,2,1,1,1,1,0,1,1,2,2,1,1,1,0.0,0,2,1,1,2,2,2,2,2,2.0,2,0,1,3,5,-1
106,1,0,1,1,1,1,2,1,1,1,0,1,1,2,1,1,2,1,1,1,1,2,1,1,2.0,0,0,2,2.0,2,1,1,1,0,1,2,1,1,2,1,1,1,1,2.0,1,1,1,1,1,1,1,1,1,1,1,2,1,0,1,1,1,2.0,0,2,1,1,2,2,0,2,2,2.0,2,0,1,3,6,-1
107,1,1,1,1,1,1,1,1,1,1,1,1,1,1,0,1,2,1,1,1,1,1,1,0,2.0,0,1,1,2.0,1,1,1,1,1,1,1,1,1,1,1,1,1,0,2.0,1,1,1,0,2,1,1,1,2,1,1,2,1,0,2,2,1,2.0,2,2,1,1,2,0,0,2,2,2.0,0,2,1,3,7,-1
108,2,1,1,1,1,0,2,1,0,1,1,2,1,0,1,2,2,2,1,1,1,2,2,1,2.0,1,1,0,2.0,2,1,1,1,1,1,1,2,1,2,1,1,1,1,2.0,1,1,1,1,0,0,1,2,1,1,1,1,1,2,2,1,0,2.0,1,0,1,1,1,0,2,2,2,2.0,2,2,0,3,8,-1
109,0,1,1,1,1,1,2,1,1,1,1,2,1,2,1,2,2,1,1,1,2,2,0,1,2.0,1,1,2,2.0,2,1,1,2,0,1,2,1,1,2,1,0,1,1,2.0,2,1,1,1,1,1,1,1,0,1,0,1,0,2,1,0,1,2.0,1,2,2,0,1,2,1,1,2,2.0,2,2,1,3,9,-1
110,0,1,1,1,1,1,2,1,0,0,1,2,1,2,1,0,2,1,2,1,1,2,2,1,1.0,1,1,2,0.0,0,1,2,2,1,1,1,0,1,2,1,0,1,1,2.0,2,1,1,1,1,1,1,2,2,1,1,1,1,2,1,2,2,2.0,1,2,0,1,2,2,2,2,2,2.0,2,0,1,3,10,-1
111,2,1,1,1,1,1,2,1,1,1,1,2,1,0,1,1,2,1,1,1,1,2,1,1,0.0,0,1,2,2.0,2,1,1,0,0,1,1,2,1,2,1,1,1,1,2.0,2,0,1,1,0,1,1,2,2,2,1,0,1,1,2,2,2,2.0,2,0,1,1,2,2,1,2,2,0.0,2,2,1,3,11,-1
112,1,1,0,0,1,0,0,1,1,1,1,2,1,2,1,2,2,2,1,1,2,1,0,1,2.0,1,1,0,2.0,2,1,1,1,1,1,1,2,1,2,1,1,1,1,2.0,2,1,1,1,0,0,1,1,0,1,1,2,1,2,1,1,1,2.0,1,1,2,1,1,0,1,2,2,2.0,2,2,1,3,12,-1
113,1,1,1,1,1,1,2,1,1,1,1,1,1,2,1,2,0,1,1,1,2,1,1,1,2.0,0,0,2,2.0,1,1,1,1,2,1,1,1,1,2,1,1,1,1,2.0,1,1,0,1,0,1,1,1,1,1,0,1,1,1,0,1,2,2.0,2,1,1,1,0,2,2,1,2,2.0,1,2,0,3,13,-1
114,1,1,1,1,0,1,1,1,1,1,0,1,0,1,1,1,2,1,1,1,1,1,0,1,2.0,0,0,1,0.0,2,1,1,0,1,1,1,1,1,1,1,1,1,1,2.0,1,1,1,1,1,1,1,1,1,1,1,1,1,1,1,1,1,0.0,1,2,1,1,1,1,1,2,2,0.0,1,2,1,3,14,-1
115,0,1,1,1,1,0,1,1,1,1,1,2,0,1,1,1,2,0,1,1,2,1,1,1,1.0,1,1,0,0.0,2,1,0,1,1,1,1,1,1,1,1,1,1,1,2.0,2,1,1,0,1,1,1,1,2,1,1,1,1,2,2,2,2,2.0,2,2,2,1,2,2,2,2,2,0.0,0,2,2,3,15,-1
116,2,1,1,1,0,1,2,1,1,1,2,2,1,2,1,1,0,2,2,1,1,1,1,1,2.0,1,1,1,1.0,2,0,0,1,1,1,2,1,1,2,1,1,0,1,2.0,1,1,1,1,2,1,1,1,1,1,1,2,1,2,0,1,1,1.0,1,2,2,0,1,2,0,0,1,2.0,2,2,1,3,16,-1
117,2,1,1,1,1,2,0,1,1,1,1,2,1,2,1,0,2,2,2,1,1,1,0,2,1.0,1,1,2,1.0,2,1,0,1,1,2,2,2,1,2,0,2,1,1,2.0,0,0,1,1,2,1,1,1,2,1,1,2,1,0,2,1,1,1.0,1,2,2,1,1,2,0,2,2,2.0,2,2,1,3,17,-1
118,1,1,1,1,1,1,1,1,0,1,1,1,1,2,1,1,2,0,1,0,1,1,2,1,0.0,1,1,2,1.0,1,1,1,1,1,1,1,1,1,1,1,1,1,0,2.0,1,1,0,1,1,0,1,1,1,1,1,1,1,1,1,1,1,2.0,0,1,1,1,0,2,1,0,1,2.0,1,2,1,3,18,-1
119,2,1,1,1,1,0,2,1,1,1,1,2,1,2,1,2,2,2,2,0,1,1,0,1,1.0,1,1,2,1.0,2,1,0,1,1,0,2,1,1,2,1,0,1,1,2.0,1,1,1,1,1,1,1,1,0,1,1,1,0,2,2,1,1,1.0,1,2,1,1,0,2,1,2,2,2.0,2,1,0,3,19,-1
120,2,1,1,1,1,1,2,1,1,0,1,2,1,1,1,0,0,1,2,1,0,2,0,1,1.0,1,0,2,0.0,1,1,1,1,1,0,1,1,1,2,1,0,1,1,2.0,2,1,1,1,1,1,1,1,2,1,1,1,1,2,1,1,1,2.0,1,2,2,1,2,1,1,2,2,0.0,2,2,1,3,20,-1
121,2,1,1,1,0,2,2,1,1,1,1,2,1,2,1,2,2,2,2,1,1,1,2,1,2.0,1,1,2,2.0,2,1,1,1,2,1,0,2,1,2,1,1,1,1,2.0,0,1,1,1,0,1,1,2,1,1,1,2,0,2,2,1,0,2.0,1,0,1,1,1,1,2,2,1,2.0,0,0,0,3,21,-1
122,1,1,1,1,0,1,2,1,0,1,1,2,1,2,0,1,2,1,0,1,1,1,1,1,1.0,1,1,1,2.0,2,1,1,1,1,0,1,1,1,2,0,1,0,1,2.0,0,0,1,1,1,1,1,1,1,1,1,1,1,1,2,1,1,1.0,1,1,0,1,1,1,1,1,2,2.0,2,1,1,3,22,-1
123,1,1,1,1,1,1,0,1,1,1,1,2,0,2,1,1,2,1,1,1,1,1,1,1,2.0,0,1,1,2.0,1,1,0,1,2,1,1,1,1,2,0,0,1,1,2.0,2,0,1,1,1,1,1,0,1,1,0,1,1,1,2,1,2,2.0,1,1,1,1,1,2,1,1,2,2.0,2,0,1,3,23,-1
124,2,0,1,0,0,2,2,1,1,1,1,0,1,2,1,0,2,0,2,1,1,1,2,1,1.0,1,1,1,1.0,2,1,1,1,1,0,2,1,1,2,1,1,1,1,2.0,2,1,1,1,1,1,1,1,2,1,1,2,1,2,1,1,2,2.0,1,2,0,1,1,2,2,2,2,2.0,2,0,1,3,24,-1
125,2,1,1,1,0,2,2,1,0,1,1,1,1,2,1,0,2,2,1,1,1,1,2,0,1.0,1,1,2,0.0,2,1,1,1,1,1,1,1,1,2,1,1,1,1,2.0,0,1,1,1,1,1,0,1,1,1,1,2,1,1,1,1,1,0.0,0,2,1,1,1,2,2,2,2,2.0,2,2,1,3,25,-1
126,2,1,1,1,1,1,0,1,1,1,1,1,1,2,1,1,2,0,1,1,1,2,1,1,2.0,1,1,2,2.0,2,1,1,0,1,1,2,2,1,2,1,1,1,1,2.0,2,0,1,1,0,1,1,1,1,0,1,0,1,2,2,1,2,2.0,0,1,1,0,2,1,0,2,1,2.0,2,2,1,3,26,-1
127,1,1,0,1,1,1,1,1,1,1,1,1,1,0,1,2,2,2,1,0,1,1,2,1,0.0,0,1,1,1.0,2,1,0,1,1,1,1,1,0,2,1,1,1,1,1.0,1,1,1,1,1,1,1,1,1,1,1,2,0,1,1,1,2,2.0,1,1,1,1,1,2,1,2,2,2.0,0,2,1,3,27,-1
128,1,0,1,0,1,0,2,1,1,1,1,1,0,2,1,1,2,1,1,1,1,2,0,0,2.0,1,1,1,2.0,2,1,1,0,1,1,1,1,1,2,1,1,1,1,1.0,2,1,1,1,1,1,1,0,1,1,1,1,1,2,1,1,1,1.0,1,1,0,1,1,2,1,2,2,2.0,2,2,1,3,28,-1
129,2,1,0,1,1,2,2,1,1,1,1,2,1,2,1,2,2,2,2,1,0,1,2,0,0.0,1,1,0,1.0,2,1,1,1,1,0,1,0,1,2,1,0,1,1,2.0,2,1,1,1,1,1,1,1,2,1,1,2,1,2,2,1,1,1.0,1,1,0,1,1,2,1,0,2,2.0,2,2,1,3,29,-1
130,1,1,0,1,1,2,2,1,1,1,1,1,0,2,1,1,2,0,1,1,1,1,1,0,2.0,1,1,1,2.0,2,1,1,1,1,1,1,1,0,2,1,1,1,1,2.0,2,0,0,1,2,1,1,1,1,0,1,1,1,1,1,1,1,1.0,1,1,1,1,2,2,1,1,2,2.0,2,2,1,3,30,-1
131,1,1,1,1,1,2,0,1,1,1,1,1,1,2,1,1,0,1,0,1,2,1,2,0,1.0,0,1,1,0.0,2,1,1,1,2,1,1,1,1,1,1,1,1,0,2.0,1,1,0,1,2,1,1,1,2,1,1,2,1,1,0,2,1,1.0,1,1,1,1,2,2,2,2,2,2.0,2,2,1,3,31,-1
132,2,1,1,0,0,0,2,1,1,0,1,0,1,2,1,1,2,1,1,0,1,1,2,1,2.0,1,1,1,2.0,1,1,1,1,1,1,1,1,1,2,1,1,1,1,0.0,1,1,1,1,1,1,1,1,1,1,0,1,1,1,1,1,2,2.0,0,1,1,1,1,1,1,2,2,0.0,2,1,1,3,32,-1
133,2,1,1,1,1,2,2,0,1,1,1,1,1,2,0,1,2,1,0,1,0,1,2,1,2.0,1,1,1,2.0,2,1,1,1,1,1,1,1,1,2,1,2,1,0,2.0,1,1,1,1,2,1,1,2,2,2,1,1,1,0,1,1,1,0.0,1,1,1,1,0,0,1,1,2,2.0,2,0,1,3,33,-1
134,2,1,2,1,1,2,2,1,1,1,2,0,1,2,1,2,2,2,0,1,0,1,2,1,2.0,1,1,1,2.0,0,2,2,2,0,2,0,2,1,2,1,2,1,1,2.0,2,1,1,1,2,1,2,2,2,1,1,2,2,2,2,2,1,2.0,1,1,2,1,2,2,0,0,2,2.0,2,2,2,3,34,-1
135,2,1,1,1,1,2,2,1,1,1,1,0,1,2,1,0,2,2,2,1,2,2,2,1,2.0,1,1,2,2.0,2,2,2,1,0,2,2,1,1,2,1,2,1,1,2.0,2,1,1,1,2,1,1,2,2,1,1,0,0,2,2,2,2,2.0,1,0,0,1,1,2,2,2,2,2.0,0,0,1,3,35,-1
136,2,1,1,1,1,0,0,1,1,0,1,2,1,2,1,2,2,1,2,1,1,1,2,1,2.0,1,1,1,2.0,2,0,2,1,0,1,2,1,0,2,1,0,1,1,2.0,0,1,1,1,1,1,1,2,2,2,1,0,1,1,1,2,1,1.0,1,2,0,1,1,2,1,2,2,2.0,2,2,1,3,36,-1
137,2,1,1,0,1,1,2,1,0,1,1,1,1,2,1,0,2,2,1,1,1,1,0,1,1.0,1,1,2,1.0,2,1,1,1,1,1,0,1,1,2,1,1,1,0,2.0,2,1,1,1,1,1,1,1,1,0,1,2,1,2,1,1,1,2.0,0,0,1,1,2,0,1,2,2,2.0,2,2,1,3,37,-1
138,2,1,0,1,0,1,2,1,1,1,1,1,1,0,1,1,2,2,1,1,1,2,1,0,2.0,1,1,1,2.0,2,1,1,1,0,1,1,1,1,2,1,1,1,1,2.0,1,1,1,1,1,1,1,1,1,0,1,2,1,1,1,1,0,2.0,1,1,1,0,1,1,1,1,1,0.0,1,2,0,3,38,-1
139,2,1,1,1,0,1,1,1,1,0,1,2,1,0,1,2,2,1,2,1,0,1,2,1,2.0,1,1,1,2.0,2,1,0,1,2,1,1,1,1,2,1,1,0,1,2.0,1,1,1,1,0,1,1,1,2,1,1,2,1,1,2,0,1,1.0,1,2,0,1,1,1,1,2,0,2.0,2,1,1,3,39,-1
140,2,1,1,1,1,1,2,0,1,1,1,1,0,2,1,1,2,1,1,0,1,1,1,1,2.0,1,1,1,2.0,2,1,0,1,1,1,1,1,0,2,1,1,1,1,2.0,1,1,1,1,1,1,0,1,1,1,1,1,0,1,1,1,1,2.0,1,1,1,0,1,1,1,1,0,0.0,1,2,1,3,40,-1
141,2,1,1,0,1,1,2,1,1,1,1,1,0,2,1,1,2,1,1,1,1,1,1,0,2.0,1,0,1,2.0,2,1,1,1,1,1,0,1,1,2,1,1,1,1,2.0,1,1,1,1,1,1,0,1,1,1,1,1,0,1,1,1,1,1.0,1,1,0,0,1,1,1,1,2,1.0,1,2,1,3,41,-1
142,1,1,0,1,1,2,2,1,1,1,1,1,1,2,0,2,2,2,1,1,0,0,2,0,2.0,1,1,1,2.0,2,1,1,1,1,1,1,2,1,2,1,2,1,1,2.0,1,1,1,1,1,1,1,0,1,1,1,2,1,2,2,1,0,2.0,1,1,1,1,1,1,1,2,2,0.0,2,2,0,3,42,-1
143,2,1,1,1,1,2,2,1,1,1,1,2,1,2,1,2,0,0,2,1,1,0,2,1,2.0,1,1,2,2.0,2,2,1,1,1,2,2,2,1,2,1,1,1,1,2.0,1,1,1,1,2,0,1,0,1,1,1,2,1,2,0,0,1,1.0,1,2,0,1,0,2,0,2,1,2.0,2,2,1,3,43,-1
144,2,1,1,0,1,2,2,1,1,1,1,2,1,2,1,2,2,2,2,1,0,1,0,0,1.0,1,1,1,1.0,2,1,1,1,1,1,0,2,1,2,1,1,1,1,2.0,2,0,1,1,2,1,1,1,2,1,1,0,1,2,2,0,1,1.0,1,1,1,1,2,0,1,2,2,2.0,2,2,1,3,44,-1
145,2,1,1,0,1,1,2,1,1,1,1,1,1,2,0,0,2,2,1,1,1,1,1,1,1.0,1,1,1,1.0,2,0,1,0,1,1,0,1,1,2,1,1,1,1,2.0,1,1,1,1,1,1,1,1,1,0,1,1,1,2,1,1,1,0.0,1,1,1,0,2,1,0,1,2,2.0,2,2,1,3,45,-1
146,2,1,0,1,1,1,2,1,1,1,1,2,1,2,1,2,2,2,0,0,2,1,2,1,2.0,1,1,0,2.0,2,1,1,2,1,1,2,2,1,2,1,0,1,1,2.0,2,1,1,1,1,1,1,1,1,1,1,2,1,1,0,1,0,0.0,1,2,1,1,1,2,1,0,2,2.0,0,2,2,3,46,-1
147,2,1,1,1,1,2,0,0,0,1,1,2,1,2,1,1,2,2,1,1,1,2,2,0,1.0,1,1,1,2.0,2,2,1,2,2,1,1,1,1,2,1,1,1,1,2.0,2,1,1,1,2,1,1,0,2,1,1,1,2,2,2,0,2,2.0,1,1,2,1,2,2,2,2,2,0.0,0,2,1,3,47,-1
148,0,1,1,1,1,2,0,1,2,1,1,2,1,2,1,2,2,2,2,1,1,2,2,1,2.0,1,1,2,2.0,0,2,2,1,2,0,2,2,1,2,1,1,1,1,2.0,2,1,1,1,0,1,2,0,2,2,1,2,1,2,2,2,1,2.0,2,2,0,1,2,2,0,2,0,2.0,2,2,2,3,48,-1
149,2,1,1,1,1,0,1,1,1,1,1,2,0,2,1,1,2,1,0,1,1,1,1,1,2.0,1,1,2,1.0,1,1,1,1,1,1,1,0,1,1,1,0,1,0,2.0,1,0,1,1,1,0,1,1,1,1,0,1,1,1,1,1,1,2.0,1,1,1,1,1,2,1,0,2,2.0,2,2,2,3,49,-1
150,1,1,0,1,0,0,2,1,1,1,1,0,1,2,1,2,2,2,2,1,2,1,0,1,2.0,1,1,1,2.0,2,1,2,1,0,1,2,2,1,2,1,1,1,1,2.0,2,1,1,1,0,1,1,2,2,1,1,2,1,2,1,2,1,2.0,1,1,2,1,1,2,1,2,0,0.0,2,2,2,3,50,-1
151,2,1,1,1,1,2,2,2,1,1,1,2,1,2,2,2,0,2,1,1,2,0,2,1,2.0,1,1,2,0.0,2,1,1,2,1,1,2,2,0,2,1,2,1,1,2.0,1,1,1,1,2,1,1,2,0,2,2,2,2,0,2,2,0,1.0,1,2,2,1,2,2,2,0,2,2.0,2,0,2,3,51,-1
152,2,1,1,1,1,2,2,1,2,1,1,0,1,0,1,2,2,2,2,1,2,2,2,0,1.0,1,1,1,0.0,2,2,2,0,0,2,0,2,1,2,1,2,1,1,2.0,2,1,1,1,2,1,1,2,2,1,2,2,1,2,2,2,1,2.0,1,1,2,1,1,2,2,0,2,2.0,2,2,2,3,52,-1
153,1,1,1,1,1,1,1,1,1,0,1,1,0,1,1,2,2,2,1,1,1,1,0,1,2.0,0,1,1,2.0,0,1,1,1,1,1,1,1,0,2,1,1,1,1,2.0,1,1,1,1,0,1,1,2,2,1,1,1,1,1,0,1,1,0.0,1,0,1,1,2,2,1,2,2,2.0,2,2,1,3,53,-1
154,1,1,0,1,1,1,0,0,1,0,1,2,1,2,1,0,2,0,2,1,1,2,2,0,1.0,1,1,1,1.0,2,1,1,1,1,1,1,1,1,2,1,1,1,1,2.0,2,1,1,1,1,1,1,1,2,1,1,1,0,2,1,2,1,2.0,1,1,0,1,1,2,1,0,2,2.0,2,2,1,3,54,-1
155,2,1,1,1,1,1,2,1,1,1,1,1,1,2,1,2,2,1,1,1,1,1,1,1,2.0,1,0,1,2.0,0,1,1,1,0,1,0,1,0,2,0,1,1,1,2.0,1,1,1,1,2,1,1,1,1,1,0,0,1,1,1,1,1,0.0,1,1,1,1,2,1,1,1,2,2.0,0,2,1,3,55,-1
156,2,1,1,1,1,2,1,1,1,1,1,2,0,2,0,0,2,1,1,1,1,2,0,1,0.0,1,1,2,1.0,2,1,1,1,1,0,1,1,1,2,1,1,1,1,2.0,2,1,1,1,1,1,1,1,2,1,1,0,1,0,2,2,1,1.0,2,2,0,1,0,2,1,1,2,2.0,2,2,1,3,56,-1
157,1,0,1,1,1,0,2,1,1,1,1,0,1,2,1,2,2,2,2,1,2,2,0,1,2.0,1,1,2,2.0,2,1,1,1,1,1,2,2,0,2,1,0,1,1,2.0,1,1,1,1,0,1,1,2,2,1,1,1,0,2,0,1,2,2.0,1,1,1,1,1,2,1,2,2,2.0,0,2,1,3,57,-1
158,1,1,1,1,1,2,2,1,1,1,1,1,1,2,0,2,2,2,1,1,1,0,2,0,2.0,0,1,1,2.0,2,1,1,0,0,1,0,2,0,2,1,2,1,1,2.0,1,1,1,1,2,1,1,2,2,1,1,1,1,1,2,2,1,2.0,1,1,1,1,2,2,1,2,2,2.0,2,2,1,3,58,-1
159,0,1,1,1,1,1,2,1,1,1,1,2,1,2,1,1,2,1,1,1,1,1,2,0,2.0,1,1,2,2.0,2,1,1,1,2,1,1,2,1,2,1,1,1,1,2.0,0,0,1,1,0,0,1,1,1,0,1,2,1,0,2,1,1,1.0,1,1,0,1,1,0,2,2,2,2.0,2,2,1,3,59,-1
160,2,1,1,1,1,1,2,1,1,1,0,2,1,2,1,0,2,0,1,1,2,2,1,1,1.0,1,1,2,1.0,2,1,2,2,0,0,2,1,1,2,1,0,1,1,2.0,0,1,1,1,1,1,1,1,2,1,1,1,1,2,1,2,1,2.0,1,2,2,0,1,2,1,2,0,2.0,0,2,1,3,60,-1
161,2,1,1,1,1,1,2,1,1,1,1,1,1,2,1,1,0,1,0,1,1,1,1,1,2.0,1,1,2,1.0,2,1,1,1,1,0,1,1,1,2,1,2,1,0,2.0,2,0,1,0,2,1,1,0,1,1,1,1,1,2,2,1,1,2.0,1,1,1,0,2,2,1,0,2,2.0,2,2,2,3,61,-1
162,2,1,1,1,1,2,2,1,1,0,1,0,1,2,1,1,2,0,0,1,1,1,1,1,0.0,1,1,1,1.0,2,0,1,1,1,1,1,1,0,2,1,1,1,1,2.0,1,0,1,1,2,1,1,2,2,0,1,1,1,1,0,1,1,1.0,1,1,2,1,2,1,1,2,2,2.0,2,2,1,3,62,-1
163,0,1,1,1,1,1,2,1,2,1,1,0,1,2,0,2,2,0,1,0,2,1,2,1,2.0,1,1,1,2.0,2,1,1,0,1,1,2,2,1,2,1,2,1,1,2.0,0,1,1,1,1,1,1,2,2,2,1,1,1,2,2,2,1,0.0,1,1,1,1,1,2,1,2,0,2.0,2,2,1,3,63,-1
164,2,1,1,1,1,1,2,1,0,1,0,2,1,2,1,1,0,2,1,1,1,1,1,1,1.0,1,1,2,1.0,2,2,0,1,1,0,2,1,1,0,1,1,1,1,2.0,2,1,1,1,0,1,1,0,1,1,0,1,1,2,2,1,1,2.0,1,2,2,1,2,2,0,2,2,2.0,2,2,1,3,64,-1
165,1,0,1,1,1,1,0,1,1,0,0,1,1,2,1,1,2,1,1,1,1,2,1,1,2.0,1,0,2,2.0,1,1,1,1,1,1,1,1,1,2,1,0,1,1,1.0,1,1,0,1,1,1,1,1,1,1,1,1,0,1,1,1,2,2.0,1,0,1,1,1,2,1,1,1,0.0,1,2,1,3,65,-1
166,2,1,1,1,1,2,2,1,1,1,1,2,1,0,1,2,0,2,1,1,0,0,2,1,2.0,1,1,0,2.0,2,1,1,1,2,1,1,2,1,2,0,2,1,1,2.0,1,1,1,1,2,1,2,0,1,1,1,2,2,2,2,1,0,2.0,1,2,1,1,2,1,2,2,2,2.0,2,2,0,3,66,-1
167,2,1,1,1,1,2,2,0,1,0,1,2,1,2,1,1,2,1,1,1,1,1,0,1,2.0,1,1,1,2.0,2,1,1,1,1,1,0,1,1,2,1,2,1,1,2.0,2,0,1,1,2,1,1,2,1,0,1,1,1,2,2,1,1,2.0,1,2,1,1,2,0,1,0,2,2.0,2,2,0,3,67,-1
168,1,1,1,1,1,2,1,1,1,1,1,1,0,2,1,1,1,1,1,0,1,1,1,0,0.0,1,1,1,0.0,1,1,1,1,1,1,1,0,1,1,0,1,1,1,2.0,0,1,1,1,1,1,1,1,1,1,1,2,1,2,2,1,1,1.0,1,0,1,1,1,1,2,2,2,2.0,2,1,0,3,68,-1
169,2,1,1,1,1,1,1,1,1,0,1,2,0,2,1,2,2,1,1,1,0,1,0,1,2.0,1,1,1,2.0,1,1,1,1,1,1,1,1,1,0,1,1,1,1,2.0,1,1,1,1,1,0,1,1,1,1,0,0,0,2,1,2,1,2.0,1,1,1,1,2,1,1,1,1,2.0,2,0,1,3,69,-1
170,0,0,1,1,1,2,2,1,1,1,1,2,1,2,1,2,0,1,1,1,1,2,1,0,0.0,1,1,2,1.0,2,1,1,2,2,1,2,2,1,2,1,1,1,1,2.0,2,1,1,1,2,1,1,1,0,1,1,2,1,2,2,0,0,1.0,1,2,1,1,1,2,2,2,2,2.0,0,2,1,3,70,-1
171,2,1,1,1,1,1,2,1,1,1,1,0,1,2,1,1,2,1,0,1,2,1,2,1,1.0,1,1,1,1.0,2,0,2,1,0,1,2,1,1,0,1,0,1,1,2.0,2,0,1,1,2,1,1,0,2,1,1,0,1,2,2,1,1,1.0,1,1,2,1,2,2,1,2,2,2.0,2,2,2,3,71,-1
172,1,1,1,1,1,2,2,0,1,1,1,1,0,2,1,1,2,1,1,0,1,0,1,1,2.0,1,0,1,2.0,0,1,1,1,1,1,1,1,1,2,1,1,1,1,2.0,1,0,0,1,1,1,1,1,1,1,1,1,1,1,1,1,1,2.0,1,1,1,1,1,1,1,0,2,2.0,1,2,0,3,72,-1
173,2,1,1,1,1,1,2,1,0,1,0,2,1,2,1,1,0,2,0,1,1,2,0,2,1.0,1,1,2,1.0,2,2,1,1,1,1,2,1,1,0,1,1,1,1,2.0,2,1,0,1,2,1,1,1,2,1,1,1,2,2,2,2,1,2.0,1,1,2,0,2,0,1,2,2,0.0,1,2,1,3,73,-1
174,2,1,1,1,0,2,1,1,1,0,2,0,1,1,1,2,2,1,2,1,1,1,2,1,1.0,1,1,1,0.0,2,0,0,1,1,1,1,1,0,2,1,1,1,1,2.0,1,1,1,1,1,1,1,1,2,1,1,2,1,1,1,1,1,1.0,0,2,1,1,2,1,2,2,2,2.0,2,0,1,3,74,-1
175,2,1,1,1,1,1,2,1,0,1,1,2,1,2,1,1,2,2,1,0,1,2,2,1,2.0,1,0,2,2.0,2,1,1,1,1,0,1,1,1,2,1,1,1,1,2.0,2,1,1,1,1,1,1,1,1,1,1,0,1,1,1,1,1,0.0,1,2,0,1,1,2,1,2,0,0.0,1,1,1,3,75,-1
176,0,0,1,1,1,1,2,0,1,1,1,1,1,2,1,0,2,1,1,1,1,2,1,1,2.0,1,0,2,2.0,1,1,1,2,0,1,1,1,1,2,1,0,1,0,2.0,1,1,1,1,1,1,1,1,1,1,1,1,1,1,1,1,2,2.0,1,1,1,1,1,2,1,1,2,2.0,0,2,1,3,76,-1
177,2,1,1,1,1,1,2,1,1,1,1,1,1,2,1,2,2,1,1,0,1,1,1,1,0.0,1,1,1,2.0,1,1,0,0,1,1,1,1,0,2,0,1,1,1,2.0,0,1,1,1,1,1,1,1,2,1,0,1,1,0,2,0,1,1.0,1,1,1,1,1,1,1,2,2,2.0,2,2,1,3,77,-1
178,2,1,1,0,1,1,2,1,1,1,1,1,0,2,1,2,2,1,1,1,0,1,1,0,2.0,1,1,1,2.0,0,1,1,1,1,1,1,1,1,2,1,0,1,1,0.0,2,1,1,1,1,1,1,1,1,1,0,1,0,2,1,1,1,2.0,1,1,1,1,1,2,1,0,2,2.0,2,2,1,3,78,-1
179,2,0,1,1,1,2,2,1,1,1,1,1,1,0,1,2,2,2,2,1,0,2,2,0,2.0,1,1,2,2.0,2,1,1,1,1,1,2,2,1,2,1,1,1,1,2.0,1,1,1,1,1,1,0,2,1,1,1,2,1,2,1,1,1,0.0,1,0,1,1,1,0,2,2,2,2.0,2,0,0,3,79,-1
180,1,1,1,0,1,0,2,1,1,1,0,1,1,2,1,0,1,1,1,1,1,1,1,0,1.0,1,1,1,1.0,2,1,1,1,1,1,1,1,1,0,1,1,1,1,1.0,1,1,1,0,1,1,0,1,1,1,1,1,1,2,2,1,0,1.0,1,2,0,1,1,2,2,1,2,1.0,2,2,2,3,80,-1
181,2,1,1,0,1,1,2,1,1,1,1,1,1,2,1,1,2,1,1,1,1,1,1,1,2.0,1,1,2,2.0,1,1,1,1,0,1,1,1,1,2,1,1,1,0,2.0,1,1,0,1,1,0,1,1,1,1,1,1,0,1,1,1,1,2.0,1,1,1,0,2,0,1,1,1,2.0,1,2,1,3,81,-1
182,2,1,1,0,1,1,1,1,1,1,1,1,1,2,1,2,2,2,1,1,1,1,2,1,2.0,0,1,0,2.0,0,1,0,1,2,2,1,1,1,1,1,1,1,0,0.0,1,1,1,1,2,1,1,1,2,1,1,2,1,2,2,1,2,2.0,1,1,1,1,0,0,2,1,2,2.0,2,2,1,3,82,-1
183,0,1,1,0,0,1,2,1,0,1,1,1,1,2,1,1,2,1,1,1,1,1,1,0,1.0,1,1,1,2.0,1,1,1,1,1,1,1,0,1,2,0,0,1,1,2.0,2,1,1,1,1,1,1,1,2,1,1,2,1,1,1,1,0,2.0,1,1,1,1,1,1,1,1,2,2.0,2,1,1,3,83,-1
184,2,1,1,1,1,2,2,1,1,1,1,2,1,2,1,2,2,2,2,1,1,2,2,1,2.0,1,1,2,2.0,2,1,0,1,0,2,2,1,1,2,1,2,1,0,2.0,1,1,1,1,2,1,1,2,1,1,1,2,0,0,2,1,1,1.0,1,2,0,1,1,2,0,1,2,2.0,0,2,0,3,84,-1
185,2,1,1,1,1,2,2,1,1,1,1,2,1,0,1,1,2,2,1,1,1,2,1,1,0.0,1,1,2,2.0,2,1,1,0,0,1,2,1,0,2,1,2,1,1,2.0,2,1,1,1,2,1,1,0,0,2,2,1,1,2,0,2,1,2.0,1,1,2,1,2,2,0,2,2,2.0,2,2,2,3,85,-1
186,2,1,1,1,1,1,1,1,1,0,1,2,1,2,1,2,2,0,1,1,0,1,2,1,1.0,1,1,0,0.0,2,0,1,1,1,1,1,1,1,2,1,0,1,1,2.0,0,0,1,1,1,1,1,2,2,2,1,2,1,0,2,1,1,1.0,1,2,2,1,2,1,1,2,2,2.0,2,2,1,3,86,-1
187,2,1,1,1,1,2,0,1,1,0,1,2,1,2,1,0,2,2,1,1,1,2,2,1,2.0,1,1,2,1.0,2,1,1,2,1,1,2,1,1,2,1,2,1,0,2.0,1,1,1,1,2,1,1,0,1,1,2,1,2,1,1,0,0,0.0,1,2,1,1,2,2,1,1,2,2.0,0,2,1,3,87,-1
188,2,1,1,1,0,1,2,0,1,1,1,1,1,2,1,1,2,1,2,1,0,1,2,1,2.0,1,1,2,2.0,2,1,1,0,1,0,1,1,1,2,1,1,1,1,2.0,1,1,1,1,0,0,1,1,1,1,1,1,1,2,1,1,1,2.0,0,1,1,1,1,1,2,0,2,0.0,2,2,1,3,88,-1
189,2,1,1,1,0,1,2,1,0,1,1,1,1,2,1,1,2,1,1,0,1,1,0,1,1.0,1,0,1,2.0,2,0,1,1,0,1,1,1,1,2,1,1,1,1,0.0,1,1,1,1,1,1,1,1,1,1,1,2,1,1,0,0,1,1.0,1,1,1,1,1,1,1,2,2,2.0,2,1,1,3,89,-1
190,2,1,1,1,1,2,2,1,1,1,1,2,1,2,1,2,2,2,0,1,1,1,2,1,2.0,1,1,1,2.0,0,1,0,1,1,1,2,1,0,2,0,1,1,1,2.0,2,1,1,1,2,1,1,0,2,1,1,2,1,2,0,1,1,1.0,1,2,2,1,1,0,0,2,2,2.0,2,2,0,3,90,-1
191,1,1,0,1,1,1,1,1,1,1,1,2,1,1,0,1,2,0,1,1,2,1,1,1,1.0,1,1,2,0.0,0,1,1,1,1,1,1,0,1,2,1,1,1,0,2.0,1,1,0,1,1,1,0,1,1,1,1,2,1,1,1,1,2,2.0,1,1,2,1,2,2,1,1,2,2.0,2,2,1,3,91,-1
192,2,1,2,1,1,2,2,1,1,1,1,0,1,2,1,0,2,2,0,1,2,2,2,1,1.0,1,1,2,0.0,2,2,2,2,1,2,2,1,1,2,2,2,1,0,2.0,2,1,1,1,2,1,1,1,2,1,1,2,2,0,0,2,1,1.0,2,2,2,1,2,0,2,2,0,2.0,2,2,2,3,92,-1
193,2,1,1,1,0,2,1,1,1,1,1,1,1,2,1,1,2,1,1,1,1,0,2,1,0.0,1,1,1,2.0,2,1,1,1,2,1,1,1,0,1,1,1,1,1,2.0,1,1,1,1,0,0,1,0,0,1,1,1,1,2,1,1,2,2.0,1,1,1,1,1,1,2,2,2,2.0,2,2,0,3,93,-1
194,2,1,1,1,1,1,2,1,0,1,1,2,1,2,1,2,0,2,2,0,1,2,0,1,1.0,1,1,2,1.0,2,1,1,1,1,2,2,1,1,0,1,1,1,1,2.0,2,1,1,1,1,1,0,2,1,1,1,2,0,1,1,0,1,2.0,1,2,0,1,1,0,1,2,2,2.0,2,2,1,3,94,-1
195,1,1,0,1,1,0,2,0,1,1,1,1,1,2,1,1,2,1,1,0,0,1,0,1,2.0,1,1,2,2.0,1,1,1,1,1,1,1,0,1,2,1,1,0,1,2.0,2,1,1,1,1,1,1,1,1,1,1,1,1,2,1,1,2,2.0,0,1,1,1,1,2,1,2,2,2.0,2,2,1,3,95,-1
196,2,1,0,0,1,1,0,1,1,1,1,1,1,2,1,2,2,2,1,1,2,1,2,1,2.0,1,1,1,2.0,2,1,1,1,1,1,2,2,1,0,1,1,1,1,2.0,1,1,1,1,2,1,1,1,1,1,0,2,1,2,1,1,2,0.0,0,1,1,1,0,2,2,2,2,2.0,2,0,2,3,96,-1
197,2,1,1,1,0,2,2,1,1,1,1,2,1,2,1,1,2,2,1,1,0,1,2,1,2.0,1,1,2,0.0,0,1,1,2,2,1,0,1,2,2,1,1,1,1,2.0,2,1,1,1,2,1,1,0,1,0,1,2,1,2,2,1,2,2.0,1,2,2,1,2,2,2,0,2,0.0,2,2,1,3,97,-1
198,2,1,0,1,1,1,2,1,1,1,1,1,1,2,1,2,2,2,2,1,1,1,2,0,2.0,1,1,2,1.0,2,1,1,1,1,1,2,2,1,0,1,1,1,0,2.0,2,1,1,1,2,1,1,1,0,1,1,2,1,2,1,1,1,2.0,1,0,1,0,1,2,0,2,2,0.0,1,2,1,3,98,-1
199,2,0,1,1,1,2,2,1,1,1,1,2,1,2,1,2,2,2,2,1,1,2,2,0,2.0,1,1,2,2.0,2,2,2,1,1,1,0,2,1,2,1,0,1,1,2.0,2,1,1,1,2,1,1,1,0,1,1,2,1,0,2,2,1,1.0,1,2,2,1,1,2,0,0,2,2.0,2,0,1,3,99,-1
200,2,1,2,1,1,2,2,1,1,0,1,2,0,2,1,2,2,2,2,1,1,0,2,1,2.0,1,1,2,2.0,2,1,2,1,2,2,1,0,1,2,1,2,1,1,2.0,0,1,1,0,2,1,1,2,2,2,1,2,1,2,2,2,1,2.0,1,2,0,1,2,0,2,2,0,2.0,2,2,1,4,0,-1
201,2,0,1,1,1,0,0,1,1,0,1,2,0,2,1,2,0,2,2,1,1,2,2,1,2.0,1,1,1,2.0,2,1,1,1,1,1,2,2,0,2,1,2,1,1,2.0,2,1,1,1,1,1,1,2,2,2,2,1,1,2,1,2,1,2.0,1,2,0,1,2,2,2,2,2,0.0,0,2,1,4,1,-1
202,2,1,1,1,1,2,2,0,1,2,1,2,1,2,1,0,2,1,2,1,2,2,0,1,2.0,1,1,2,2.0,1,1,2,2,1,0,2,1,1,2,1,0,1,1,0.0,2,1,1,0,1,0,1,1,2,1,1,1,1,2,2,2,2,2.0,2,0,2,1,2,2,2,2,2,2.0,0,2,2,4,2,-1
203,0,1,1,0,1,1,2,1,1,1,0,2,1,2,1,1,2,1,1,0,1,0,1,1,0.0,1,1,2,2.0,2,1,1,1,2,1,1,1,1,2,1,1,0,1,1.0,1,1,1,1,1,1,1,2,1,1,1,2,0,2,2,1,2,2.0,2,2,1,1,1,2,1,2,2,2.0,0,2,0,4,3,-1
204,2,0,1,1,1,1,2,1,1,0,1,2,1,2,1,2,2,2,2,1,2,2,2,2,,2,1,2,,2,1,2,1,1,2,2,2,1,2,1,1,1,1,2.0,1,1,0,1,2,1,0,2,2,2,1,0,1,2,0,2,2,2.0,1,2,2,1,2,2,2,0,2,2.0,0,2,1,4,4,-1
205,2,1,1,1,1,2,2,0,0,1,1,1,1,2,1,0,0,2,1,1,1,2,2,1,2.0,1,1,0,2.0,2,0,1,2,1,1,1,1,1,2,1,1,1,1,2.0,2,1,1,1,2,1,2,2,2,0,1,1,2,2,2,1,2,0.0,0,2,2,1,2,2,2,2,2,3.0,2,0,1,4,5,-1
206,2,0,1,1,1,2,2,1,1,1,0,1,1,2,1,2,2,1,1,1,1,2,1,1,2.0,0,0,2,2.0,2,1,1,1,0,1,2,2,1,2,1,1,1,1,2.0,1,1,1,1,2,1,1,1,1,1,1,2,1,0,2,1,1,2.0,0,2,1,1,2,2,0,2,2,2.0,2,0,1,4,6,-1
207,2,1,1,1,1,2,1,1,1,1,1,1,1,2,0,2,2,2,2,1,1,1,2,0,2.0,0,1,2,2.0,2,1,1,1,2,2,1,2,1,2,1,2,1,0,2.0,1,1,1,0,2,1,1,1,2,1,1,2,1,0,2,2,1,2.0,2,2,2,1,2,0,0,2,2,2.0,0,2,1,4,7,-1
208,2,1,1,1,1,0,2,1,0,1,1,2,1,0,1,2,2,2,1,1,1,2,2,1,2.0,1,1,0,2.0,2,1,1,1,1,1,2,2,1,2,1,1,1,1,2.0,2,1,1,1,0,0,2,2,2,2,2,2,1,2,2,1,0,2.0,2,0,2,1,1,0,2,2,2,2.0,2,2,0,4,8,-1
209,0,1,1,1,1,1,2,1,1,2,1,2,1,2,1,2,2,1,2,1,2,2,0,1,2.0,1,1,2,2.0,2,1,1,2,0,1,2,1,2,2,1,0,1,1,2.0,2,1,1,1,2,1,1,1,0,1,0,1,0,2,2,0,1,2.0,1,2,2,0,2,2,1,2,2,2.0,2,2,1,4,9,-1
210,0,1,2,1,1,1,2,1,0,0,1,2,1,2,1,0,2,1,2,1,2,2,2,1,1.0,1,1,2,0.0,0,2,2,2,1,1,2,0,2,2,1,0,1,1,2.0,2,1,1,1,1,1,1,2,2,1,1,2,1,2,2,2,2,2.0,1,2,0,1,2,2,2,2,2,2.0,2,0,1,4,10,-1
211,2,1,1,1,1,1,2,1,1,1,1,2,1,0,1,2,2,2,2,1,2,2,2,1,0.0,0,1,2,2.0,2,1,2,0,0,1,2,2,1,2,1,2,1,2,2.0,2,0,1,1,0,1,1,2,2,2,2,0,1,2,2,2,2,2.0,2,0,2,1,2,2,2,2,2,0.0,2,2,2,4,11,-1
212,2,1,0,0,1,0,0,1,1,1,1,2,1,2,1,2,2,2,2,1,2,1,0,1,2.0,1,1,0,2.0,2,1,1,1,1,1,2,2,1,2,1,1,1,1,2.0,2,1,1,1,0,0,1,1,0,1,1,2,1,2,2,2,2,2.0,1,1,2,1,2,0,2,2,2,2.0,2,2,1,4,12,-1
213,2,1,1,1,1,1,2,1,1,1,1,2,1,2,1,2,0,2,2,1,2,2,2,1,2.0,0,0,2,2.0,2,1,1,1,2,1,2,2,1,2,1,1,1,1,2.0,1,2,0,1,0,1,1,1,2,1,0,2,1,2,0,1,2,2.0,2,2,1,1,0,2,2,2,2,2.0,2,2,0,4,13,-1
214,2,1,1,1,0,1,1,1,1,1,0,2,0,1,1,1,2,1,1,1,1,1,0,1,2.0,0,0,2,0.0,2,1,1,0,2,1,1,1,1,1,1,1,1,1,2.0,1,1,1,1,1,1,1,1,1,1,1,1,1,1,1,1,2,0.0,1,2,1,1,2,2,1,2,2,0.0,2,2,1,4,14,-1
215,0,1,1,1,1,0,1,1,1,1,1,2,0,2,1,2,2,0,1,1,2,1,2,1,2.0,1,1,0,0.0,2,1,0,2,2,2,1,2,1,1,1,2,1,1,2.0,2,1,1,0,1,1,1,2,2,2,1,2,1,2,2,2,2,2.0,2,2,2,1,2,2,2,2,2,0.0,0,2,2,4,15,-1
216,2,1,1,1,0,2,2,1,1,1,2,2,1,2,1,2,0,2,2,1,1,1,2,2,,1,1,2,2.0,2,0,0,1,2,2,2,2,1,2,1,1,0,1,2.0,2,1,1,1,2,1,1,2,2,1,1,2,1,2,0,1,1,2.0,1,2,2,0,1,2,0,0,2,2.0,2,2,1,4,16,-1
217,2,1,1,1,1,2,0,1,1,1,2,2,1,2,1,0,2,2,2,1,1,1,0,2,1.0,1,1,2,1.0,2,2,0,2,1,2,2,2,1,2,0,2,1,1,2.0,0,0,1,1,2,1,1,2,2,1,1,2,1,0,2,2,1,2.0,1,2,2,1,2,2,0,2,2,2.0,2,2,2,4,17,-1
218,2,1,1,1,1,1,2,1,0,1,1,2,1,2,1,1,2,0,1,0,1,1,2,1,0.0,1,1,2,2.0,2,1,1,1,1,1,1,1,1,2,1,1,1,0,2.0,1,1,0,1,2,0,1,1,1,1,1,2,1,1,1,1,2,2.0,0,1,1,1,0,2,2,0,2,2.0,2,2,1,4,18,-1
219,2,1,1,1,1,0,2,1,1,1,1,2,1,2,1,2,2,2,2,0,1,2,0,1,2.0,1,1,2,2.0,2,1,0,1,2,0,2,2,2,2,1,0,1,1,2.0,2,1,1,1,1,1,1,1,0,1,1,2,0,2,2,1,1,2.0,1,2,1,1,0,2,1,2,2,2.0,2,2,0,4,19,-1
220,2,1,2,1,1,2,2,1,1,0,1,2,1,2,1,0,0,1,2,1,0,2,0,1,1.0,2,0,2,0.0,2,1,2,2,1,0,2,1,1,2,1,0,1,1,2.0,2,1,1,1,1,1,1,2,2,1,1,2,2,2,2,2,2,2.0,1,2,2,1,2,2,1,2,2,0.0,2,2,2,4,20,-1
221,2,1,1,1,0,2,2,2,1,1,2,2,1,2,1,2,2,2,2,1,2,2,2,1,2.0,1,1,2,2.0,2,1,1,1,2,1,0,2,1,2,1,2,1,1,2.0,0,2,1,1,0,1,1,2,1,1,2,2,0,2,2,2,0,2.0,2,0,1,1,1,2,2,2,2,2.0,0,0,0,4,21,-1
222,2,1,1,1,0,2,2,1,0,1,1,2,1,2,0,1,2,1,0,1,1,1,1,1,2.0,1,1,2,2.0,2,1,1,1,1,0,1,1,1,2,0,1,0,1,2.0,0,0,1,1,1,1,1,1,2,1,1,2,1,1,2,1,1,1.0,1,2,0,1,1,2,2,2,2,2.0,2,1,1,4,22,-1
223,2,1,1,1,1,1,0,1,1,1,1,2,0,2,1,2,2,1,1,1,1,1,1,1,2.0,0,1,1,2.0,1,1,0,1,2,1,1,1,1,2,0,0,1,1,2.0,2,0,1,1,2,1,1,0,1,1,0,1,1,2,2,1,2,2.0,1,2,2,1,2,2,2,2,2,2.0,2,0,1,4,23,-1
224,2,0,1,0,0,2,2,1,1,1,1,0,1,2,1,0,2,0,2,1,1,2,2,1,2.0,1,1,2,2.0,2,2,2,1,1,0,2,2,1,2,1,1,1,1,2.0,2,1,1,1,1,1,1,1,2,1,1,2,1,2,2,2,2,2.0,1,2,0,1,2,2,2,2,2,2.0,2,0,1,4,24,-1
225,2,1,1,1,0,2,2,1,0,1,1,2,1,2,1,0,2,2,2,1,1,2,2,0,1.0,1,1,2,0.0,2,1,1,2,1,1,1,1,1,2,1,1,1,1,2.0,0,1,1,1,2,1,0,1,1,1,1,2,1,1,1,1,1,0.0,0,2,1,1,1,2,2,2,2,2.0,2,2,1,4,25,-1
226,2,1,1,1,1,1,0,1,1,1,1,2,1,2,1,2,2,0,2,1,1,2,1,1,2.0,1,1,2,2.0,2,1,1,0,1,1,2,2,1,2,1,1,1,1,2.0,2,0,1,1,0,1,1,1,1,0,1,0,1,2,2,1,2,2.0,0,1,1,0,2,2,0,2,2,2.0,2,2,1,4,26,-1
227,2,1,0,1,1,1,2,1,1,1,1,2,1,0,1,2,2,2,2,0,2,1,2,1,0.0,0,1,1,2.0,2,1,0,1,2,1,2,2,0,2,1,1,1,1,2.0,2,1,1,1,2,1,1,1,2,1,1,2,0,2,2,1,2,2.0,1,2,1,1,1,2,1,2,2,2.0,0,2,1,4,27,-1
228,1,0,1,0,1,0,2,1,1,1,1,2,0,2,1,2,2,2,1,1,1,2,0,0,2.0,1,1,2,2.0,2,1,1,0,1,1,2,2,1,2,1,1,1,1,2.0,2,1,1,1,1,1,1,0,2,1,1,1,1,2,2,2,1,2.0,1,1,0,1,1,2,1,2,2,2.0,2,2,1,4,28,-1
229,2,1,0,1,1,2,2,1,1,1,1,2,1,2,1,2,2,2,2,1,0,2,2,0,0.0,1,1,0,1.0,2,1,1,1,1,0,2,0,1,2,1,0,1,1,2.0,2,1,1,1,2,1,1,1,2,1,1,2,1,2,2,2,1,2.0,1,2,0,1,1,2,2,0,2,2.0,2,2,2,4,29,-1
230,1,1,0,1,1,2,2,1,1,1,1,2,0,2,1,1,2,0,1,1,1,1,1,0,2.0,1,1,2,2.0,2,1,1,1,1,1,1,2,0,2,1,1,1,1,2.0,2,0,0,1,2,1,1,1,1,0,1,1,1,1,2,1,1,2.0,1,1,1,1,2,2,1,2,2,2.0,2,2,2,4,30,-1
231,2,1,1,1,1,2,0,1,1,1,1,2,1,2,1,2,0,2,0,1,2,2,2,0,1.0,0,1,1,0.0,2,1,1,2,2,2,1,2,1,2,1,2,1,0,2.0,2,1,0,1,2,1,1,1,2,1,1,2,2,2,0,2,2,1.0,2,2,2,1,2,2,2,2,2,2.0,2,2,1,4,31,-1
232,2,1,1,0,0,0,2,1,1,0,1,0,1,2,1,2,2,1,2,0,1,1,2,1,2.0,1,1,1,2.0,1,1,1,1,1,1,1,1,1,2,1,1,1,1,0.0,1,1,1,1,1,1,1,1,1,1,0,2,1,2,1,1,2,2.0,0,1,1,1,2,1,2,2,2,0.0,2,2,2,4,32,-1
233,2,1,2,1,1,2,2,0,1,1,1,2,1,2,0,2,2,2,0,1,0,1,2,1,2.0,1,1,2,2.0,2,1,1,1,1,1,2,2,1,2,1,2,1,0,2.0,1,1,1,1,2,1,1,2,2,2,1,2,2,0,2,1,1,0.0,1,1,1,1,0,0,2,2,2,2.0,2,0,1,4,33,-1
234,2,1,2,1,2,2,2,1,1,1,2,0,1,2,1,2,2,2,0,1,0,2,2,2,3.0,2,1,1,3.0,0,2,2,2,0,2,0,2,1,2,1,2,1,1,2.0,2,1,1,1,2,2,2,2,2,2,2,2,2,2,2,2,1,2.0,2,2,2,1,2,2,0,0,2,3.0,2,2,2,4,34,-1
235,2,1,2,1,1,2,2,1,1,1,1,0,1,2,1,0,2,2,2,1,2,2,2,1,3.0,1,1,2,3.0,2,2,2,1,0,2,2,2,1,2,2,2,1,1,2.0,2,1,1,1,2,1,2,2,2,1,2,0,0,2,2,2,2,2.0,2,0,0,1,2,2,2,2,2,2.0,0,0,1,4,35,-1
236,2,1,1,1,1,0,0,1,1,0,1,2,1,2,1,2,2,2,2,1,1,2,2,1,2.0,1,1,1,2.0,2,0,2,1,0,1,2,2,0,2,1,0,1,1,2.0,0,1,1,1,1,1,1,2,2,2,1,0,1,2,1,2,1,1.0,1,2,0,1,1,2,1,2,2,2.0,2,2,1,4,36,-1
237,2,1,1,0,1,2,2,1,0,1,1,1,1,2,1,0,2,2,1,1,1,2,0,1,1.0,1,1,2,1.0,2,2,1,2,1,1,0,1,1,2,1,1,1,0,2.0,2,1,1,1,2,1,2,1,2,0,1,2,2,2,2,1,2,2.0,0,0,2,1,2,0,2,2,2,3.0,2,2,1,4,37,-1
238,2,1,0,1,0,2,2,1,1,1,1,1,1,0,1,1,2,2,1,1,1,2,1,0,2.0,1,1,2,2.0,2,1,1,1,0,1,2,1,1,2,1,1,1,1,2.0,2,1,1,1,2,1,1,1,1,0,1,2,1,2,1,1,0,2.0,1,1,1,0,1,1,1,2,2,0.0,2,2,0,4,38,-1
239,2,1,1,1,0,2,2,1,1,0,2,2,1,0,1,2,2,2,2,1,0,1,2,1,2.0,1,1,2,2.0,2,1,0,1,2,1,2,2,1,2,1,1,0,1,2.0,2,1,1,1,0,1,1,2,2,1,2,2,1,2,2,0,1,2.0,1,2,0,1,1,2,1,2,0,2.0,2,2,1,4,39,-1
240,2,1,1,1,1,1,2,0,1,1,1,1,0,2,1,1,2,2,1,0,1,1,2,1,2.0,1,1,1,2.0,2,1,0,1,1,1,2,1,0,2,1,1,1,1,2.0,2,1,1,1,1,1,0,1,1,1,1,1,0,1,1,1,1,2.0,1,1,1,0,1,2,1,1,0,0.0,2,2,1,4,40,-1
241,2,1,1,0,1,1,2,1,1,1,1,1,0,2,1,1,2,2,1,1,1,1,1,0,2.0,1,0,1,2.0,2,1,1,1,2,1,0,1,1,2,1,1,1,1,2.0,2,1,1,1,1,1,0,1,1,1,1,1,0,2,1,1,2,2.0,1,1,0,0,1,2,1,1,2,2.0,2,2,1,4,41,-1
242,2,1,0,1,1,2,2,1,2,1,1,2,1,2,0,2,2,2,2,1,0,0,2,0,2.0,1,1,2,2.0,2,1,1,1,2,1,2,2,1,2,1,2,1,1,2.0,1,1,1,1,2,1,1,0,1,1,1,2,1,2,2,1,0,2.0,1,2,1,1,2,2,1,2,2,0.0,2,2,0,4,42,-1
243,2,1,1,1,1,2,2,1,2,1,1,2,1,2,1,2,0,0,2,1,1,0,2,1,3.0,1,1,2,2.0,2,2,1,1,2,2,2,2,1,2,1,1,1,1,2.0,2,1,1,1,2,0,1,0,2,2,1,2,1,2,0,0,2,2.0,1,2,0,1,0,2,0,2,2,2.0,2,2,1,4,43,-1
244,2,1,1,0,1,2,2,1,1,1,1,2,1,2,1,2,2,2,2,1,0,1,0,0,2.0,1,1,2,2.0,2,2,1,1,2,2,0,2,1,2,1,1,1,1,2.0,2,0,1,1,2,1,1,1,2,1,1,0,2,2,2,0,1,2.0,1,1,1,1,2,0,1,2,2,2.0,2,2,1,4,44,-1
245,2,1,1,0,1,1,2,1,1,1,1,1,1,2,0,0,2,2,1,1,1,1,1,1,2.0,1,1,1,2.0,2,0,1,0,1,1,0,1,1,2,1,1,1,1,2.0,2,1,1,1,1,1,1,1,2,0,1,1,1,2,2,1,2,0.0,1,2,1,0,2,2,0,2,2,2.0,2,2,1,4,45,-1
246,2,1,0,1,1,2,2,1,1,1,1,2,1,2,1,2,2,2,0,0,2,2,2,1,2.0,2,1,0,2.0,2,1,1,2,1,1,2,2,1,2,1,0,1,1,2.0,2,1,1,2,2,1,1,2,1,1,1,2,1,2,0,1,0,0.0,1,2,2,1,1,2,1,0,2,2.0,0,2,2,4,46,-1
247,2,1,1,1,1,2,0,0,0,1,1,2,1,2,2,2,2,2,2,1,1,2,2,0,2.0,1,1,2,2.0,2,2,1,2,2,2,2,2,1,2,1,1,1,1,2.0,2,1,1,1,2,1,1,0,2,1,1,2,2,2,2,0,2,2.0,1,2,2,1,2,2,2,2,2,0.0,0,2,1,4,47,-1
248,0,1,1,1,1,2,0,2,2,1,1,2,1,2,1,2,2,2,2,1,2,2,2,2,3.0,1,1,2,3.0,0,2,2,2,2,0,2,2,2,2,1,1,2,1,2.0,2,1,1,1,0,1,2,0,2,2,2,2,1,2,2,2,1,2.0,2,2,0,1,2,2,0,2,0,3.0,2,2,2,4,48,-1
249,2,1,1,1,1,0,2,1,1,1,1,2,0,2,1,1,2,1,0,1,2,1,2,1,2.0,1,1,2,2.0,1,1,1,1,1,1,1,0,1,2,1,0,1,0,2.0,2,0,1,1,1,0,1,1,1,1,0,1,1,2,1,1,2,2.0,1,1,1,1,1,2,1,0,2,2.0,2,2,2,4,49,-1
250,2,1,0,1,0,0,2,1,1,1,1,0,1,2,1,2,2,2,2,1,2,2,0,2,2.0,2,1,2,2.0,2,1,2,1,0,1,2,2,1,2,1,1,1,1,2.0,2,1,1,1,0,1,1,2,2,1,1,2,1,2,2,2,2,2.0,1,1,2,1,1,2,1,2,0,0.0,2,2,2,4,50,-1
251,2,2,2,1,1,2,2,2,2,1,2,2,1,2,2,2,0,2,2,1,2,0,2,2,2.0,1,1,2,0.0,2,1,1,2,1,1,2,2,0,2,1,2,1,1,3.0,2,1,1,1,2,1,1,2,0,2,2,2,2,0,2,2,0,2.0,2,2,2,2,2,2,2,0,2,3.0,2,0,2,4,51,-1
252,2,1,1,1,1,2,2,1,2,1,2,0,1,0,1,2,2,2,2,1,2,2,2,0,,1,1,1,0.0,2,2,2,0,0,2,0,2,2,2,1,2,2,1,2.0,2,1,2,1,2,2,1,2,2,2,2,2,2,2,2,2,2,,2,1,2,1,2,2,2,0,2,2.0,2,2,2,4,52,-1
253,2,1,1,1,1,2,2,1,1,0,1,2,0,2,1,2,2,2,2,1,1,2,0,1,2.0,0,1,1,2.0,0,1,1,1,1,1,2,2,0,2,1,1,1,1,2.0,1,1,1,1,0,1,1,2,2,2,1,1,1,1,0,2,1,0.0,1,0,1,1,2,2,1,2,2,2.0,2,2,2,4,53,-1
254,2,1,0,1,1,2,0,0,1,0,1,2,1,2,1,0,2,0,2,1,1,2,2,0,1.0,1,1,1,1.0,2,1,2,1,1,2,2,1,1,2,1,1,1,1,2.0,2,1,1,1,2,1,1,2,2,1,1,2,0,2,2,2,1,2.0,1,2,0,1,1,2,2,0,2,2.0,2,2,1,4,54,-1
255,2,1,1,1,1,2,2,1,1,1,1,2,1,2,1,2,2,1,1,1,2,1,1,1,2.0,1,0,2,2.0,0,1,1,2,0,1,0,1,0,2,0,1,1,1,2.0,1,1,1,1,2,1,1,1,2,1,0,0,1,1,1,1,2,0.0,1,2,2,1,2,2,2,2,2,2.0,0,2,2,4,55,-1
256,2,1,2,1,1,2,2,1,1,1,1,2,0,2,0,0,2,2,2,1,2,2,0,1,0.0,1,1,2,1.0,2,2,1,1,1,0,2,1,1,2,1,1,1,1,2.0,2,1,1,1,2,1,1,1,2,1,1,0,1,0,2,2,1,1.0,2,2,0,1,0,2,2,2,2,2.0,2,2,2,4,56,-1
257,2,0,1,1,1,0,2,1,1,1,1,0,1,2,1,2,2,2,2,1,2,2,0,1,2.0,1,1,2,2.0,2,1,2,1,1,1,2,2,0,2,1,0,1,1,2.0,2,2,1,1,0,1,1,2,2,1,1,1,0,2,0,2,2,2.0,1,2,2,1,1,2,1,2,2,2.0,0,2,1,4,57,-1
258,2,1,1,1,1,2,2,1,1,1,1,1,1,2,0,2,2,2,2,1,1,0,2,0,2.0,0,1,1,2.0,2,1,1,0,0,2,0,2,0,2,1,2,1,1,2.0,1,1,1,1,2,1,1,2,2,2,1,2,1,2,2,2,2,2.0,2,1,1,1,2,2,1,2,2,2.0,2,2,1,4,58,-1
259,0,1,1,1,1,2,2,1,1,1,1,2,1,2,1,2,2,2,2,1,1,2,2,0,2.0,1,1,2,2.0,2,1,2,1,2,1,1,2,1,2,1,1,1,1,2.0,0,0,1,1,0,0,1,2,2,0,1,2,1,0,2,2,1,1.0,1,1,0,1,1,0,2,2,2,2.0,2,2,1,4,59,-1
260,2,1,1,1,1,2,2,1,1,1,0,2,1,2,1,0,2,0,2,1,2,2,2,2,2.0,1,1,2,2.0,2,2,2,2,0,0,2,1,1,2,1,0,1,1,2.0,0,1,1,1,2,1,1,1,2,1,1,2,1,2,2,2,1,2.0,1,2,2,0,2,2,1,2,0,2.0,0,2,2,4,60,-1
261,2,1,1,1,1,2,2,1,1,1,1,2,1,2,1,1,0,2,0,1,1,2,2,1,2.0,1,1,2,1.0,2,1,1,2,1,0,2,1,1,2,1,2,1,0,2.0,2,0,1,0,2,1,1,0,1,1,1,2,1,2,2,1,2,2.0,1,2,2,0,2,2,2,0,2,2.0,2,2,2,4,61,-1
262,2,1,1,1,1,2,2,1,1,0,1,0,1,2,1,2,2,0,0,1,1,1,2,1,0.0,1,1,1,1.0,2,0,1,2,1,1,1,2,0,2,1,1,1,1,2.0,2,0,1,1,2,1,1,2,2,0,1,2,2,2,0,2,1,2.0,1,2,2,1,2,2,2,2,2,2.0,2,2,2,4,62,-1
263,0,1,2,1,1,2,2,1,2,1,1,0,1,2,0,2,2,0,2,0,2,1,2,1,,1,1,2,2.0,2,1,2,0,2,2,2,2,2,2,1,2,1,1,2.0,0,1,1,1,1,1,1,2,2,2,1,2,1,2,2,2,2,0.0,1,2,2,1,1,2,1,2,0,2.0,2,2,1,4,63,-1
264,2,1,1,1,1,1,2,1,0,1,0,2,1,2,1,2,0,2,1,1,1,2,2,2,1.0,1,1,2,1.0,2,2,0,2,1,0,2,1,1,0,1,1,1,1,2.0,2,1,1,1,0,1,2,0,2,1,0,1,1,2,2,2,2,2.0,2,2,2,1,2,2,0,2,2,2.0,2,2,2,4,64,-1
265,2,0,1,1,1,1,0,1,1,0,0,2,1,2,1,2,2,1,1,1,1,2,1,1,2.0,1,0,2,2.0,2,1,1,1,1,1,2,1,1,2,1,0,1,1,1.0,1,1,0,1,1,1,1,1,1,1,1,1,0,2,1,2,2,2.0,1,0,2,1,1,2,1,1,1,0.0,2,2,1,4,65,-1
266,2,1,1,1,1,2,2,1,2,1,1,2,1,0,1,2,0,2,2,1,0,0,2,1,2.0,1,1,0,2.0,2,1,1,2,2,1,2,2,1,2,0,2,1,1,2.0,2,2,1,1,2,1,2,0,1,2,2,2,2,2,2,1,0,2.0,1,2,2,1,2,1,2,2,2,,2,2,0,4,66,-1
267,2,1,2,1,1,2,2,0,1,0,1,2,1,2,1,2,2,2,2,1,1,2,0,1,2.0,1,1,2,2.0,2,1,2,1,1,1,0,2,1,2,1,2,1,1,2.0,2,0,1,1,2,1,1,2,2,0,1,2,1,2,2,1,1,2.0,2,2,2,1,2,0,2,0,2,2.0,2,2,0,4,67,-1
268,1,1,1,1,1,2,2,1,1,1,1,2,0,2,1,1,2,1,1,0,1,1,1,0,0.0,1,1,2,0.0,2,1,1,1,1,1,1,0,1,2,0,1,1,1,2.0,0,1,1,1,1,1,1,1,2,1,1,2,1,2,2,2,2,2.0,1,0,1,1,1,2,2,2,2,2.0,2,2,0,4,68,-1
269,2,1,1,1,1,1,2,1,1,0,1,2,0,2,1,2,2,1,2,1,0,1,0,1,2.0,1,1,2,2.0,2,1,1,1,2,1,2,1,1,0,1,1,1,1,2.0,1,1,1,1,1,0,1,1,1,1,0,0,0,2,2,2,2,2.0,1,2,1,1,2,2,1,2,2,2.0,2,0,1,4,69,-1
270,0,0,1,1,1,2,2,2,1,2,1,2,1,2,2,2,0,2,2,1,2,2,2,0,0.0,1,1,2,2.0,2,2,1,2,2,2,2,2,1,2,1,2,1,1,2.0,2,1,1,1,2,1,1,1,0,1,2,2,2,2,2,0,0,1.0,1,2,2,1,2,2,2,2,2,2.0,0,2,1,4,70,-1
271,2,1,1,1,1,2,2,1,1,1,1,0,1,2,1,2,2,2,0,1,2,2,2,1,2.0,1,1,1,2.0,2,0,2,2,0,1,2,2,1,0,1,0,1,1,2.0,2,0,1,1,2,1,1,0,2,1,1,0,2,2,2,2,2,2.0,1,2,2,1,2,2,2,2,2,2.0,2,2,2,4,71,-1
272,2,1,1,1,1,2,2,0,1,1,1,1,0,2,1,1,2,1,1,0,1,0,1,1,2.0,1,0,1,2.0,0,1,1,1,1,1,1,1,1,2,1,1,1,1,2.0,1,0,0,1,1,1,1,1,1,1,1,1,1,1,1,1,2,2.0,1,1,1,1,1,1,1,0,2,2.0,1,2,0,4,72,-1
273,2,1,1,1,1,1,2,1,0,1,0,2,1,2,1,1,0,2,0,1,2,2,0,2,1.0,1,1,2,1.0,2,2,2,1,1,1,2,1,1,0,1,2,1,1,2.0,2,1,0,1,2,1,1,1,2,1,1,1,2,2,2,2,1,2.0,2,2,2,0,2,0,2,2,2,0.0,1,2,1,4,73,-1
274,2,1,1,1,0,2,1,1,1,0,2,0,1,2,1,2,2,2,2,1,1,1,2,1,2.0,1,1,1,0.0,2,0,0,2,2,1,2,2,0,2,1,2,1,1,2.0,1,1,1,1,2,1,1,2,2,2,1,2,1,2,2,1,1,2.0,0,2,2,1,2,2,2,2,2,2.0,2,0,1,4,74,-1
275,2,1,1,1,1,1,2,1,0,1,1,2,1,2,1,2,2,2,1,0,1,2,2,1,2.0,1,0,2,2.0,2,2,1,1,2,0,2,2,1,2,1,1,1,1,2.0,2,1,1,1,1,1,1,1,2,1,1,0,1,1,1,1,1,0.0,1,2,0,1,1,2,2,2,0,0.0,2,2,1,4,75,-1
276,0,0,1,1,1,1,2,0,1,1,1,1,1,2,1,0,2,1,1,1,1,2,1,1,2.0,1,0,2,2.0,1,1,2,2,0,1,2,1,1,2,1,0,1,0,2.0,2,1,1,1,1,1,1,1,2,1,1,2,1,2,1,1,2,2.0,1,2,1,1,2,2,1,2,2,2.0,0,2,1,4,76,-1
277,2,1,1,1,1,1,2,1,1,1,1,2,1,2,1,2,2,1,1,0,1,1,2,1,0.0,1,1,2,2.0,2,1,0,0,2,1,2,1,0,2,0,1,1,1,2.0,0,1,1,1,2,1,1,1,2,1,0,2,1,0,2,0,1,1.0,1,1,2,1,1,1,2,2,2,2.0,2,2,1,4,77,-1
278,2,1,1,0,1,1,2,1,1,1,1,2,0,2,1,2,2,1,2,1,0,1,2,0,2.0,1,1,2,2.0,0,1,1,1,2,1,2,1,1,2,1,0,1,1,0.0,2,1,1,1,1,1,1,1,2,1,0,1,0,2,2,2,2,2.0,1,1,1,1,1,2,1,0,2,2.0,2,2,2,4,78,-1
279,2,0,1,1,1,2,2,1,1,1,2,2,1,0,1,2,2,2,2,1,0,2,2,0,2.0,1,1,2,2.0,2,1,1,1,2,1,2,2,1,2,1,2,1,1,2.0,1,1,1,1,1,1,0,2,1,2,2,2,1,2,2,1,2,0.0,1,0,1,1,1,0,2,2,2,2.0,2,0,0,4,79,-1
280,2,1,1,0,1,0,2,1,1,1,0,2,1,2,1,0,2,2,1,1,2,1,1,0,2.0,1,1,2,2.0,2,1,2,1,1,1,2,1,1,0,1,1,1,1,2.0,2,1,1,0,1,1,0,1,1,1,1,2,1,2,2,2,0,2.0,1,2,0,1,1,2,2,2,2,2.0,2,2,2,4,80,-1
281,2,1,1,0,1,1,2,1,1,1,1,2,1,2,1,1,2,1,1,1,1,1,1,1,2.0,1,1,2,2.0,2,1,1,1,0,1,1,1,1,2,1,1,1,0,2.0,1,1,0,1,2,0,1,1,1,1,1,1,0,2,1,1,2,2.0,1,1,1,0,2,0,1,1,1,2.0,2,2,1,4,81,-1
282,2,1,1,0,1,1,1,1,1,1,1,1,1,2,1,2,2,2,2,1,1,1,2,1,2.0,0,1,0,2.0,0,1,0,1,2,2,1,2,1,2,1,1,1,0,0.0,2,1,1,1,2,1,2,1,2,1,1,2,1,2,2,1,2,2.0,2,1,1,1,0,0,2,2,2,2.0,2,2,1,4,82,-1
283,0,1,1,0,0,1,2,1,0,1,1,2,1,2,1,1,2,1,2,1,1,2,2,0,2.0,1,1,2,2.0,1,1,1,1,1,1,1,0,1,2,0,0,1,1,2.0,2,1,1,1,1,1,1,1,2,1,1,2,1,2,1,1,0,2.0,1,1,1,1,1,1,2,2,2,2.0,2,2,1,4,83,-1
284,2,1,1,1,1,2,2,2,1,1,2,2,1,2,1,2,3,2,2,1,1,2,2,1,3.0,1,1,2,3.0,2,2,0,1,0,2,2,2,1,2,2,2,1,0,2.0,2,1,1,2,2,1,1,2,2,1,2,2,0,0,2,2,1,2.0,1,2,0,1,1,2,0,2,2,2.0,0,2,0,4,84,-1
285,2,1,1,1,1,2,2,2,1,1,1,2,1,0,1,2,2,2,1,1,2,2,2,1,0.0,1,1,2,2.0,2,2,2,0,0,1,2,2,0,2,2,2,1,1,2.0,2,1,1,1,2,1,1,0,0,2,2,2,2,2,0,2,1,2.0,1,2,2,1,2,2,0,2,2,2.0,2,2,2,4,85,-1
286,2,1,2,1,1,2,2,1,1,0,2,2,1,2,1,2,2,0,2,1,0,1,2,1,2.0,1,1,0,0.0,2,0,1,1,1,1,1,2,1,2,1,0,1,1,2.0,0,0,1,1,2,1,1,2,2,2,1,2,1,0,2,2,1,2.0,1,2,2,1,2,2,1,2,2,2.0,2,2,1,4,86,-1
287,2,1,2,1,1,2,0,1,1,0,1,2,1,2,1,0,2,2,1,1,2,2,2,1,2.0,1,1,2,2.0,2,1,1,2,2,1,2,1,1,2,1,2,1,0,2.0,1,1,1,1,2,1,2,0,1,1,2,2,2,1,2,0,0,0.0,1,2,2,1,2,2,2,2,2,2.0,0,2,1,4,87,-1
288,2,1,1,1,0,1,2,0,1,1,1,2,1,2,1,2,2,2,2,1,0,1,2,1,2.0,1,1,2,2.0,2,1,1,0,1,0,2,2,1,2,1,1,1,1,2.0,2,1,1,1,0,0,1,1,2,2,1,2,1,2,2,1,2,2.0,0,1,1,1,1,1,2,0,2,0.0,2,2,1,4,88,-1
289,2,1,1,1,0,2,2,1,0,1,1,2,1,2,1,1,2,1,1,0,1,2,0,2,2.0,1,0,1,2.0,2,0,1,1,0,1,1,1,1,2,1,1,1,1,0.0,2,1,1,1,1,1,1,1,2,1,1,2,1,1,0,0,1,2.0,1,1,2,1,1,2,1,2,2,2.0,2,2,1,4,89,-1
290,2,1,1,1,1,2,2,1,1,1,2,2,1,2,1,2,2,2,0,1,1,2,2,1,2.0,1,1,2,2.0,0,2,0,1,1,2,2,2,0,2,0,1,1,1,2.0,2,1,1,1,2,1,2,0,2,1,1,2,1,2,0,1,1,2.0,1,2,2,1,2,0,0,2,2,3.0,2,2,0,4,90,-1
291,1,1,0,1,1,2,2,1,1,1,1,2,1,2,0,1,2,0,1,1,2,1,2,1,2.0,1,1,2,0.0,0,1,1,1,1,1,1,0,1,2,1,1,1,0,2.0,1,1,0,1,2,1,0,1,2,1,1,2,1,2,2,2,2,2.0,1,2,2,1,2,2,1,1,2,2.0,2,2,2,4,91,-1
292,2,1,2,1,1,2,2,1,1,1,2,0,1,2,1,0,2,2,0,1,2,2,2,2,2.0,2,1,2,0.0,2,2,2,2,1,2,2,2,1,2,2,2,1,0,2.0,2,1,1,1,2,1,2,2,2,1,2,2,2,0,0,2,1,2.0,2,2,2,1,2,0,2,2,0,,2,2,2,4,92,-1
293,2,1,1,1,0,2,2,1,1,1,1,2,1,2,1,1,2,2,1,1,1,0,2,1,0.0,1,1,2,2.0,2,1,1,1,2,1,1,1,0,2,1,2,1,1,2.0,1,1,1,1,0,0,1,0,0,1,1,2,1,2,2,1,2,2.0,1,2,1,1,2,1,2,2,2,2.0,2,2,0,4,93,-1
294,2,1,1,1,1,1,2,1,0,1,1,2,1,2,1,2,0,2,2,0,1,2,0,1,2.0,1,1,2,2.0,2,2,1,1,1,2,2,1,1,0,1,1,1,1,2.0,2,1,1,1,1,1,0,2,2,1,1,2,0,2,2,0,1,2.0,1,2,0,1,1,0,2,2,2,2.0,2,2,1,4,94,-1
295,1,1,0,1,1,0,2,0,1,1,1,2,1,2,1,1,2,2,2,0,0,1,0,1,2.0,1,1,2,2.0,2,1,1,1,1,1,2,0,1,2,1,1,0,1,2.0,2,1,1,1,2,1,1,1,1,1,1,2,1,2,2,1,2,2.0,0,1,1,1,1,2,1,2,2,2.0,2,2,2,4,95,-1
296,2,1,0,0,1,1,0,1,1,1,2,2,1,2,2,2,2,2,2,1,2,2,2,1,2.0,1,1,2,2.0,2,1,1,2,2,1,2,2,2,0,1,1,1,1,2.0,1,1,1,1,2,1,1,1,1,2,0,2,1,2,2,1,2,0.0,0,2,1,1,0,2,2,2,2,2.0,2,0,2,4,96,-1
297,2,1,2,1,0,2,2,1,1,1,2,2,1,2,2,1,2,2,2,1,0,2,2,1,2.0,1,1,2,0.0,0,2,1,2,2,1,0,1,2,2,1,2,1,1,2.0,2,1,1,1,2,1,2,0,2,0,1,2,2,2,2,1,2,2.0,2,2,2,1,2,2,2,0,2,0.0,2,2,2,4,97,-1
298,2,1,0,1,1,1,2,1,1,1,1,1,1,2,1,2,2,2,2,1,1,2,2,0,3.0,1,1,2,3.0,2,2,2,1,2,2,2,2,1,0,1,1,1,0,2.0,2,1,1,1,2,1,1,1,0,1,1,2,1,2,2,2,2,2.0,1,0,2,0,2,2,0,2,2,0.0,2,2,1,4,98,-1
299,2,0,1,1,1,2,2,1,1,1,1,2,1,2,1,2,2,2,2,1,2,2,2,0,3.0,1,1,2,3.0,2,2,2,2,1,2,0,2,1,2,1,0,1,1,2.0,2,1,1,1,2,1,1,2,0,1,1,2,1,0,2,2,1,2.0,1,2,2,1,1,2,0,0,2,2.0,2,0,1,4,99,-1
300,2,1,2,1,1,2,2,1,2,0,1,2,0,2,1,2,2,2,2,1,1,0,2,2,3.0,1,1,2,3.0,2,1,2,1,2,2,2,0,1,2,1,2,1,1,2.0,0,1,1,0,2,1,1,2,2,2,1,2,1,2,2,2,1,2.0,2,2,0,1,2,0,2,2,0,3.0,2,2,2,5,0,-1
301,2,0,2,1,1,0,0,1,1,0,1,2,0,2,2,2,0,2,2,1,1,2,2,1,3.0,1,1,2,2.0,2,1,2,1,2,2,2,2,0,2,1,2,2,1,2.0,2,1,1,1,2,1,1,2,2,2,2,2,1,2,2,2,2,2.0,1,2,0,1,2,2,2,2,2,0.0,0,2,2,5,1,-1
302,2,1,1,1,1,2,2,0,1,2,1,2,1,2,1,0,2,2,2,1,2,2,0,1,2.0,2,1,2,2.0,2,2,2,2,1,0,2,1,1,2,1,0,1,1,0.0,2,1,1,0,1,0,2,1,2,1,1,2,2,2,2,2,2,3.0,2,0,2,1,2,2,2,2,2,3.0,0,2,2,5,2,-1
303,0,1,1,0,1,1,2,1,1,1,0,2,1,2,1,1,2,1,1,0,1,0,2,1,0.0,1,1,2,2.0,2,1,1,1,2,1,1,1,2,2,1,1,0,1,2.0,2,2,1,1,1,1,1,2,1,1,1,2,0,2,2,2,2,2.0,2,2,2,1,2,2,2,2,2,2.0,0,2,0,5,3,-1
304,2,0,2,1,1,2,2,1,1,0,1,2,1,2,1,2,2,2,2,1,2,2,2,2,3.0,2,1,2,3.0,2,2,2,1,1,2,2,2,1,2,1,2,1,1,2.0,2,1,0,2,2,1,0,2,2,2,2,0,1,2,0,2,2,3.0,2,2,2,1,2,2,2,0,2,2.0,0,2,2,5,4,-1
305,2,1,1,1,1,2,2,0,0,1,1,2,1,2,2,0,0,2,1,1,2,2,2,1,2.0,1,1,0,2.0,2,0,1,2,1,1,2,2,1,2,1,1,1,1,2.0,2,1,1,1,2,1,2,2,2,0,2,2,2,2,2,1,2,0.0,0,2,2,1,2,2,2,2,2,3.0,2,0,2,5,5,-1
306,2,0,1,1,1,2,2,1,1,1,0,2,1,2,1,2,2,2,2,1,2,2,1,1,3.0,0,0,2,3.0,2,2,2,1,0,1,2,2,1,2,1,1,1,1,2.0,2,1,1,2,2,1,1,1,2,2,2,2,1,0,2,2,2,2.0,0,2,2,1,2,2,0,2,2,3.0,2,0,2,5,6,-1
307,2,1,2,1,1,2,2,1,1,1,1,1,1,2,0,2,2,2,2,1,2,2,2,0,3.0,0,1,2,3.0,2,2,2,1,2,2,1,2,1,2,1,2,1,0,2.0,2,1,1,0,2,1,1,2,2,2,1,2,1,0,2,2,2,3.0,2,2,2,1,2,0,0,2,2,2.0,0,2,1,5,7,-1
308,2,1,1,1,1,0,2,2,0,1,2,2,1,0,1,2,2,2,2,1,2,2,2,1,3.0,1,1,0,2.0,2,1,1,1,2,2,2,2,1,2,1,2,2,1,2.0,2,2,1,1,0,0,2,2,2,2,2,2,2,2,2,2,0,2.0,2,0,2,1,2,0,2,2,2,3.0,2,2,0,5,8,-1
309,0,1,1,1,1,1,2,1,1,2,1,2,1,2,1,2,2,2,2,1,2,2,0,1,3.0,1,1,2,3.0,2,2,2,2,0,2,2,1,2,2,1,0,1,1,2.0,2,1,2,1,2,1,1,2,0,1,0,2,0,2,2,0,2,2.0,1,2,2,0,2,2,1,2,2,2.0,2,2,2,5,9,-1
310,0,1,2,1,1,2,2,1,0,0,1,2,1,2,2,0,2,2,2,1,2,2,2,1,2.0,1,1,2,0.0,0,2,2,2,2,1,2,0,2,2,1,0,1,1,3.0,2,2,1,2,2,1,2,2,2,2,2,2,2,2,2,2,2,2.0,2,2,0,1,2,2,2,2,2,3.0,2,0,2,5,10,-1
311,2,1,1,1,1,1,2,1,1,1,1,2,1,0,1,2,2,2,2,1,2,2,2,1,0.0,0,1,2,3.0,2,1,2,0,0,2,2,2,1,2,1,2,2,2,2.0,2,0,1,1,0,1,1,2,2,2,2,0,2,2,2,2,2,2.0,2,0,2,1,2,2,2,2,2,0.0,2,2,2,5,11,-1
312,2,1,0,0,1,0,0,1,1,1,1,2,1,2,1,2,2,2,2,1,2,1,0,2,2.0,1,1,0,2.0,2,1,1,1,2,2,2,2,1,2,1,1,1,1,2.0,2,1,2,1,0,0,1,2,0,1,1,2,1,2,2,2,2,3.0,2,2,2,1,2,0,2,2,2,2.0,2,2,2,5,12,-1
313,2,1,1,1,1,2,2,1,1,1,1,2,1,2,1,2,0,2,2,1,2,2,2,1,3.0,0,0,2,2.0,2,1,1,1,2,2,2,2,2,2,1,1,1,1,2.0,1,2,0,1,0,1,1,2,2,1,0,2,1,2,0,2,2,2.0,2,2,2,1,0,2,2,2,2,3.0,2,2,0,5,13,-1
314,2,1,1,1,0,2,2,1,1,1,0,2,0,1,1,1,2,1,1,1,2,2,0,1,2.0,0,0,2,0.0,2,1,1,0,2,1,1,1,2,1,1,1,1,1,2.0,2,1,1,1,1,1,1,1,1,1,1,1,1,1,2,2,2,0.0,2,2,1,1,2,2,2,2,2,0.0,2,2,2,5,14,-1
315,0,1,1,1,1,0,1,2,1,2,1,2,0,2,1,2,2,0,2,1,2,2,2,1,2.0,1,1,0,0.0,2,1,0,2,2,2,2,2,2,2,1,2,1,1,2.0,2,2,1,0,2,1,2,2,2,2,1,2,2,2,2,2,2,2.0,2,2,2,1,2,2,2,2,2,0.0,0,2,2,5,15,-1
316,2,1,1,1,0,2,2,1,1,1,2,2,1,2,1,2,0,2,2,1,1,2,2,2,3.0,1,1,2,3.0,2,0,0,1,2,2,2,2,1,2,1,1,0,1,2.0,2,1,1,1,2,1,1,2,2,2,1,2,1,2,0,2,2,2.0,2,2,2,0,2,2,0,0,2,3.0,2,2,1,5,16,-1
317,2,1,2,1,1,2,0,2,1,1,2,2,1,2,1,0,2,2,2,1,2,2,0,2,2.0,1,1,2,2.0,2,2,0,2,1,2,2,2,1,2,0,2,1,1,3.0,0,0,1,1,2,1,2,2,2,2,1,2,2,0,2,2,1,2.0,2,2,2,1,2,2,0,2,2,3.0,2,2,2,5,17,-1
318,2,1,1,1,1,1,2,1,0,1,1,2,1,2,1,1,2,0,1,0,2,2,2,1,0.0,1,1,2,2.0,2,1,1,2,1,1,1,1,1,2,1,1,1,0,2.0,1,1,0,1,2,0,1,1,2,1,1,2,1,2,2,1,2,2.0,0,1,1,1,0,2,2,0,2,2.0,2,2,1,5,18,-1
319,2,1,1,1,1,0,2,2,1,1,1,2,1,2,1,2,2,2,2,0,2,2,0,1,2.0,1,1,2,2.0,2,1,0,1,2,0,2,2,2,2,1,0,1,1,2.0,2,1,1,1,1,1,1,2,0,1,1,2,0,2,2,1,2,2.0,2,2,2,1,0,2,2,2,2,2.0,2,2,0,5,19,-1
320,2,1,2,1,1,2,2,1,1,0,1,2,1,2,1,0,0,2,2,1,0,2,0,1,2.0,2,0,2,0.0,2,1,2,2,2,0,2,1,2,2,1,0,1,1,2.0,2,1,1,1,2,1,2,2,2,1,2,2,2,2,2,2,2,2.0,2,2,2,1,2,2,1,2,2,0.0,2,2,2,5,20,-1
321,2,1,2,1,0,2,2,2,1,1,2,2,1,2,1,2,2,2,2,1,2,2,2,1,3.0,1,1,2,3.0,2,1,2,1,2,2,0,2,2,2,1,2,1,1,2.0,0,2,1,1,0,1,2,2,2,2,2,2,0,2,2,2,0,2.0,2,0,2,1,1,2,2,2,2,3.0,0,0,0,5,21,-1
322,2,1,1,1,0,2,2,1,0,1,1,2,1,2,0,1,2,1,0,1,1,1,2,1,2.0,1,1,2,2.0,2,1,1,1,1,0,1,1,1,2,0,1,0,1,2.0,0,0,1,1,1,1,1,2,2,1,1,2,1,2,2,1,2,2.0,1,2,0,1,1,2,2,2,2,3.0,2,1,1,5,22,-1
323,2,1,1,1,1,2,0,1,1,1,1,2,0,2,1,2,2,1,2,1,2,1,2,1,2.0,0,1,2,2.0,2,1,0,2,2,1,2,1,1,2,0,0,1,1,2.0,2,0,1,1,2,1,1,0,2,1,0,2,1,2,2,1,2,2.0,1,2,2,1,2,2,2,2,2,3.0,2,0,2,5,23,-1
324,2,0,2,0,0,2,2,1,1,1,1,0,1,2,1,0,2,0,2,1,1,2,2,1,2.0,1,1,2,2.0,2,2,2,2,1,0,2,2,1,2,1,1,1,1,2.0,2,1,1,1,2,1,2,1,2,1,1,2,2,2,2,2,2,2.0,1,2,0,1,2,2,2,2,2,,2,0,2,5,24,-1
325,2,1,1,1,0,2,2,1,0,1,1,2,1,2,1,0,2,2,2,1,2,2,2,0,2.0,2,1,2,0.0,2,1,1,2,2,2,2,1,1,2,1,1,1,1,2.0,0,1,1,1,2,1,0,2,2,2,1,2,2,2,2,1,2,0.0,0,2,1,1,2,2,2,2,2,,2,2,2,5,25,-1
326,2,1,1,1,1,2,0,1,1,1,1,2,1,2,1,2,2,0,2,1,1,2,2,1,2.0,1,1,2,2.0,2,1,1,0,2,2,2,2,1,2,1,1,1,1,2.0,2,0,1,1,0,1,1,2,2,0,1,0,1,2,2,2,2,2.0,0,2,2,0,2,2,0,2,2,3.0,2,2,2,5,26,-1
327,2,1,0,1,1,2,2,2,1,1,2,2,1,0,1,2,2,2,2,0,2,1,2,1,0.0,0,1,2,2.0,2,1,0,2,2,2,2,2,0,2,1,2,1,1,2.0,2,1,1,1,2,1,2,2,2,1,1,2,0,2,2,1,2,2.0,2,2,2,1,2,2,2,2,2,,0,2,1,5,27,-1
328,2,0,1,0,1,0,2,1,2,1,1,2,0,2,1,2,2,2,2,1,1,2,0,0,3.0,1,1,2,3.0,2,1,2,0,2,2,2,2,1,2,1,1,1,1,2.0,2,1,1,1,1,1,1,0,2,1,1,2,1,2,2,2,2,2.0,1,2,0,1,1,2,2,2,2,2.0,2,2,2,5,28,-1
329,2,1,0,1,1,2,2,1,1,1,1,2,1,2,1,2,2,2,2,1,0,2,2,0,0.0,2,1,0,2.0,2,1,2,2,1,0,2,0,1,2,1,0,1,1,2.0,2,1,2,2,2,1,1,2,2,1,1,2,1,2,2,2,2,2.0,1,2,0,1,1,2,2,0,2,3.0,2,2,2,5,29,-1
330,1,1,0,1,1,2,2,1,1,1,1,2,0,2,1,2,2,0,1,1,2,1,2,0,2.0,1,1,2,2.0,2,1,1,1,1,1,1,2,0,2,1,1,1,1,2.0,2,0,0,1,2,1,1,1,2,0,1,2,2,2,2,2,2,2.0,1,1,2,1,2,2,1,2,2,,2,2,2,5,30,-1
331,2,1,2,1,1,2,0,1,1,1,1,2,1,2,1,2,0,2,0,1,2,2,2,0,2.0,0,1,2,0.0,2,2,1,2,2,2,1,2,1,2,1,2,1,0,2.0,2,1,0,1,2,1,2,1,2,1,1,2,2,2,0,2,2,2.0,2,2,2,1,2,2,2,2,2,,2,2,2,5,31,-1
332,2,1,1,0,0,0,2,1,1,0,1,0,1,2,1,2,2,1,2,0,1,1,2,1,2.0,1,1,1,2.0,2,1,1,1,2,1,2,1,1,2,1,1,1,1,0.0,2,1,1,1,1,1,1,1,2,1,0,2,1,2,2,2,2,2.0,0,2,2,1,2,2,2,2,2,0.0,2,2,2,5,32,-1
333,2,1,2,1,1,2,2,0,1,1,2,2,1,2,0,2,3,2,0,1,0,2,2,1,2.0,1,1,2,2.0,2,1,1,2,2,1,2,2,1,2,1,2,1,0,3.0,2,1,1,2,2,1,1,2,2,2,2,2,2,0,2,1,2,0.0,2,2,1,1,0,0,2,2,2,3.0,2,0,1,5,33,-1
334,3,2,2,1,2,2,3,1,2,1,2,0,1,3,1,2,3,2,0,1,0,2,2,2,3.0,2,1,2,3.0,0,2,2,2,0,2,0,2,1,3,2,2,2,1,3.0,2,1,2,2,2,2,2,2,2,2,2,2,2,2,2,2,2,3.0,2,2,2,1,3,2,0,0,3,3.0,3,3,2,5,34,-1
335,3,1,2,1,1,2,2,1,1,2,2,0,1,3,1,0,3,2,2,1,2,2,2,2,3.0,2,1,2,3.0,2,2,2,2,0,2,2,2,1,2,2,2,2,1,2.0,2,2,2,2,2,1,2,2,2,2,2,0,0,2,2,2,3,3.0,2,0,0,1,2,2,2,2,2,3.0,0,0,2,5,35,-1
336,2,1,1,1,1,0,0,1,1,0,1,2,1,2,1,2,2,2,2,1,2,2,2,2,3.0,1,1,1,3.0,2,0,2,1,0,2,2,2,0,2,1,0,1,1,2.0,0,1,1,1,2,1,1,2,2,2,1,0,1,2,2,2,1,2.0,1,2,0,1,2,2,2,2,2,2.0,2,2,2,5,36,-1
337,2,1,1,0,1,2,2,1,0,1,1,1,1,2,1,0,2,2,2,1,1,2,0,1,2.0,1,1,2,2.0,2,2,1,2,1,2,0,1,1,2,1,2,1,0,2.0,2,1,1,1,2,1,2,1,2,0,1,2,2,2,2,1,2,2.0,0,0,2,1,2,0,2,2,2,3.0,2,2,2,5,37,-1
338,2,1,0,1,0,2,2,1,1,1,1,2,1,0,1,2,2,2,2,1,2,2,2,0,2.0,1,1,2,2.0,2,1,1,1,0,1,2,2,1,2,1,1,1,1,2.0,2,2,1,1,2,1,1,1,1,0,1,2,1,2,2,1,0,2.0,1,2,1,0,2,2,2,2,2,0.0,2,2,0,5,38,-1
339,2,1,1,1,0,2,2,1,1,0,2,2,1,0,1,2,2,2,2,1,0,2,2,1,2.0,1,1,2,2.0,2,1,0,1,2,1,2,2,1,2,1,2,0,1,2.0,2,1,1,1,0,1,1,2,2,2,2,2,1,2,2,0,1,2.0,1,2,0,1,1,2,2,2,0,3.0,2,2,1,5,39,-1
340,2,1,1,1,1,1,2,0,1,1,1,2,0,2,1,2,2,2,1,0,1,1,2,1,2.0,1,1,1,2.0,2,1,0,1,1,1,2,1,0,2,1,1,1,1,2.0,2,1,1,1,2,1,0,2,1,1,1,1,0,2,1,1,2,2.0,1,1,1,0,1,2,1,2,0,0.0,2,2,2,5,40,-1
341,2,1,1,0,1,2,2,1,1,1,1,2,0,2,1,2,2,2,2,1,1,2,2,0,2.0,1,0,2,2.0,2,1,1,1,2,2,0,1,1,2,1,1,1,1,2.0,2,1,1,1,1,1,0,1,1,1,1,2,0,2,1,2,2,2.0,1,2,0,0,1,2,1,1,2,,2,2,1,5,41,-1
342,2,1,0,1,1,2,2,1,2,1,1,2,1,2,0,2,2,2,2,1,0,0,2,0,,1,1,2,2.0,2,1,1,1,2,1,2,2,1,2,1,2,1,1,2.0,2,1,1,1,2,1,1,0,1,2,1,2,2,2,2,1,0,2.0,1,2,2,1,2,2,2,2,2,0.0,2,2,0,5,42,-1
343,2,1,1,1,1,2,2,1,2,2,1,2,1,2,2,2,0,0,2,1,2,0,2,2,3.0,1,1,2,3.0,2,2,1,2,2,2,2,2,1,2,1,1,1,1,2.0,2,1,1,1,2,0,1,0,2,2,2,2,2,2,0,0,2,2.0,2,2,0,1,0,2,0,2,2,3.0,2,2,2,5,43,-1
344,2,1,2,0,1,2,2,1,1,1,2,2,1,2,1,2,2,2,2,1,0,2,0,0,3.0,1,1,2,3.0,2,2,2,1,2,2,0,2,1,2,1,2,1,1,3.0,2,0,1,1,2,1,2,2,2,1,1,0,2,2,2,0,2,2.0,1,2,2,1,2,0,2,2,2,3.0,2,2,2,5,44,-1
345,2,1,1,0,1,2,2,1,1,1,1,2,1,2,0,0,2,2,1,1,1,2,1,1,2.0,1,1,2,2.0,2,0,1,0,2,1,0,1,2,2,1,1,1,1,2.0,2,1,1,1,2,1,1,2,2,0,1,1,1,2,2,2,2,0.0,2,2,2,0,2,2,0,2,2,3.0,2,2,1,5,45,-1
346,2,1,0,1,1,2,2,1,1,1,2,2,1,2,2,2,3,2,0,0,2,2,2,1,2.0,2,1,0,2.0,2,1,1,2,1,1,2,2,1,2,2,0,2,1,3.0,2,2,1,2,2,1,1,2,2,2,2,2,2,2,0,1,0,0.0,1,2,2,1,2,2,2,0,2,2.0,0,2,2,5,46,-1
347,2,1,1,1,1,2,0,0,0,2,2,2,1,2,2,2,2,2,2,1,2,2,2,0,3.0,1,1,2,3.0,2,2,2,2,2,2,2,2,2,2,1,2,2,1,2.0,2,2,2,1,2,1,2,0,2,2,2,2,2,2,2,0,3,3.0,1,2,2,1,2,2,2,2,3,0.0,0,2,2,5,47,-1
348,0,1,1,1,1,2,0,2,2,1,2,2,1,2,1,2,2,2,2,1,2,2,2,2,3.0,1,1,2,3.0,0,2,2,2,2,0,2,2,2,2,1,2,2,1,2.0,2,2,1,1,0,1,2,0,2,2,2,2,2,2,2,2,2,3.0,2,2,0,1,2,2,0,2,0,3.0,2,2,2,5,48,-1
349,2,1,1,1,1,0,2,1,1,1,1,2,0,2,1,1,2,1,0,1,2,1,2,1,2.0,1,1,2,2.0,1,1,1,2,1,1,2,0,1,2,1,0,1,0,2.0,2,0,1,1,2,0,1,1,1,1,0,1,1,2,2,2,2,2.0,1,2,2,1,2,2,2,0,2,2.0,2,2,2,5,49,-1
350,2,1,0,1,0,0,2,1,1,1,1,0,1,2,1,2,2,2,2,1,2,2,0,2,3.0,2,1,2,3.0,2,2,2,2,0,2,2,2,2,2,1,2,2,2,2.0,2,1,2,1,0,1,1,2,2,2,1,2,1,2,2,2,2,3.0,2,2,2,1,2,2,2,2,0,0.0,2,2,2,5,50,-1
351,2,2,2,2,1,2,2,2,2,1,2,2,1,3,2,2,0,2,2,1,2,0,2,2,3.0,2,2,2,0.0,3,2,2,2,2,2,2,2,0,3,1,2,1,1,3.0,2,1,1,2,2,2,1,2,0,2,2,2,2,0,2,2,0,2.0,2,2,2,2,2,2,2,0,2,3.0,3,0,2,5,51,-1
352,2,2,2,1,1,2,2,2,2,1,2,0,1,0,1,2,3,2,2,1,2,2,2,0,3.0,1,1,2,0.0,2,2,2,0,0,2,0,2,2,2,2,2,2,1,3.0,2,1,2,1,2,2,2,2,2,2,2,2,2,2,2,2,2,3.0,2,2,2,2,2,2,2,0,3,3.0,3,3,2,5,52,-1
353,2,1,1,1,1,2,2,1,1,0,1,2,0,2,1,2,2,2,2,1,2,2,0,1,2.0,0,1,2,2.0,0,1,2,1,1,1,2,2,0,2,1,1,2,1,2.0,2,1,1,1,0,1,1,2,2,2,2,2,2,1,0,2,1,0.0,2,0,2,1,2,2,2,2,2,3.0,2,2,2,5,53,-1
354,2,1,0,1,1,2,0,0,2,0,1,2,1,2,1,0,2,0,2,1,2,2,2,0,3.0,1,1,2,2.0,2,2,2,1,1,2,2,2,1,2,1,1,1,1,2.0,2,1,1,1,2,1,1,2,2,2,1,2,0,2,2,2,2,2.0,1,2,0,1,1,2,2,0,2,3.0,2,2,2,5,54,-1
355,2,1,1,1,1,2,2,1,1,1,1,2,1,2,1,2,2,2,1,1,2,2,2,1,2.0,1,0,2,2.0,0,1,2,2,0,1,0,1,0,2,0,1,1,1,2.0,2,1,1,1,2,1,1,2,2,1,0,0,2,2,2,2,2,0.0,1,2,2,1,2,2,2,2,2,2.0,0,2,2,5,55,-1
356,2,1,2,1,1,2,2,1,1,1,1,2,0,2,0,0,2,2,2,1,2,2,0,1,0.0,2,1,2,2.0,2,2,2,1,1,0,2,2,1,2,1,2,1,1,2.0,2,1,1,1,2,1,1,2,2,1,1,0,1,0,2,2,1,1.0,2,2,0,1,0,2,2,2,2,3.0,2,2,2,5,56,-1
357,2,0,1,1,1,0,2,1,1,1,1,0,1,2,1,2,2,2,2,1,2,2,0,1,3.0,1,1,2,3.0,2,1,2,2,2,2,2,2,0,2,1,0,1,1,2.0,2,2,2,1,0,1,1,2,2,1,1,2,0,2,0,2,2,3.0,2,2,2,1,2,2,2,2,2,2.0,0,2,2,5,57,-1
358,2,1,1,1,1,2,2,1,2,1,1,1,1,2,0,2,2,2,2,1,2,0,2,0,3.0,0,1,1,3.0,2,1,2,0,0,2,0,2,0,2,1,2,1,1,2.0,2,1,1,1,2,1,1,2,2,2,2,2,2,2,2,2,2,3.0,2,2,2,1,2,2,2,2,2,3.0,2,2,2,5,58,-1
359,0,1,1,1,1,2,2,2,1,1,1,2,1,2,1,2,2,2,2,1,2,2,2,0,3.0,1,1,2,3.0,2,2,2,1,2,2,2,2,1,2,1,2,1,1,2.0,0,0,1,1,0,0,1,2,2,0,1,2,1,0,2,2,1,2.0,1,2,0,1,2,0,2,2,2,3.0,2,2,1,5,59,-1
360,2,1,1,1,1,2,2,1,1,1,0,2,1,2,1,0,2,0,2,1,2,2,2,2,2.0,2,1,2,2.0,2,2,2,2,0,0,2,1,2,2,1,0,1,1,2.0,0,1,1,1,2,1,1,2,2,1,1,2,1,2,2,2,2,3.0,2,2,2,0,2,2,2,2,0,2.0,0,2,2,5,60,-1
361,2,1,1,1,1,2,2,1,1,1,1,2,1,2,1,1,0,2,0,1,2,2,2,1,2.0,1,1,2,2.0,2,2,1,2,2,0,2,2,1,2,1,2,1,0,2.0,2,0,1,0,2,1,1,0,1,1,1,2,2,2,2,2,2,2.0,2,2,2,0,2,2,2,0,2,,2,2,2,5,61,-1
362,2,1,1,1,1,2,2,1,1,0,2,0,1,2,1,2,2,0,0,1,2,2,2,1,0.0,1,1,1,2.0,2,0,2,2,1,1,2,2,0,2,1,2,1,1,2.0,2,0,1,1,2,1,1,2,2,0,1,2,2,2,0,2,2,2.0,1,2,2,1,2,2,2,2,2,3.0,2,2,2,5,62,-1
363,0,1,2,1,1,2,2,2,2,1,1,0,1,2,0,2,2,0,2,0,2,2,2,1,3.0,1,1,2,3.0,2,1,2,0,2,2,2,2,2,2,1,2,1,1,2.0,0,1,1,1,2,1,2,2,2,2,1,2,1,2,2,2,2,0.0,2,2,2,1,2,2,2,2,0,3.0,2,2,2,5,63,-1
364,2,1,1,1,1,2,2,2,0,1,0,2,1,2,1,2,0,2,2,1,2,2,2,2,3.0,1,1,2,2.0,2,2,0,2,2,0,2,2,2,0,1,1,1,1,2.0,2,1,1,1,0,1,2,0,2,1,0,2,1,2,2,2,2,3.0,2,2,2,1,2,2,0,2,2,3.0,2,2,2,5,64,-1
365,2,0,1,1,1,1,0,1,1,0,0,2,1,2,1,2,2,1,2,1,2,2,2,1,2.0,1,0,2,2.0,2,1,1,1,2,1,2,1,1,2,1,0,1,1,2.0,1,2,0,1,1,1,1,2,2,1,1,1,0,2,2,2,2,2.0,1,0,2,1,1,2,1,2,2,0.0,2,2,1,5,65,-1
366,2,2,2,1,1,2,2,2,2,1,2,2,1,0,1,2,0,2,2,1,0,0,2,1,3.0,1,1,0,2.0,2,1,1,2,2,2,2,2,1,2,0,2,2,1,3.0,2,2,1,1,2,1,2,0,2,2,2,2,2,2,2,1,0,2.0,2,2,2,2,2,2,2,2,2,3.0,2,2,0,5,66,-1
367,2,1,2,1,1,2,2,0,1,0,2,2,1,2,1,2,2,2,2,1,1,2,0,1,3.0,1,1,2,3.0,2,2,2,2,1,2,0,2,2,2,1,2,1,1,3.0,2,0,1,1,2,1,2,2,2,0,2,2,2,2,2,2,2,3.0,2,2,2,1,2,0,2,0,2,3.0,2,2,0,5,67,-1
368,2,1,1,1,1,2,2,1,1,1,1,2,0,2,1,1,2,1,2,0,1,2,2,0,0.0,1,1,2,0.0,2,1,1,1,2,1,1,0,1,2,0,1,1,1,2.0,0,1,1,1,1,1,1,1,2,1,1,2,1,2,2,2,2,2.0,1,0,2,1,1,2,2,2,2,3.0,2,2,0,5,68,-1
369,2,1,2,1,1,1,2,1,1,0,1,2,0,2,1,2,2,2,2,1,0,2,0,1,2.0,1,1,2,2.0,2,1,1,1,2,1,2,1,1,0,1,1,1,1,2.0,2,1,1,1,2,0,1,2,2,1,0,0,0,2,2,2,2,2.0,2,2,2,1,2,2,1,2,2,2.0,2,0,1,5,69,-1
370,0,0,1,2,2,2,2,2,2,2,1,2,1,3,2,2,0,2,2,1,2,2,2,0,0.0,2,1,3,3.0,2,2,2,2,2,2,2,2,2,2,1,2,1,1,3.0,2,2,2,2,2,1,2,2,0,2,2,2,2,2,2,0,0,2.0,1,2,2,1,2,2,2,2,3,3.0,0,2,1,5,70,-1
371,2,1,1,1,1,2,2,1,1,2,1,0,1,2,1,2,2,2,0,1,2,2,2,2,3.0,1,1,1,3.0,2,0,2,2,0,2,2,2,1,0,2,0,1,1,2.0,2,0,1,1,2,1,2,0,2,1,1,0,2,2,2,2,2,2.0,1,2,2,1,2,2,2,2,2,3.0,2,2,2,5,71,-1
372,2,1,1,1,1,2,2,0,1,1,1,2,0,2,1,1,2,1,1,0,1,0,1,1,2.0,1,0,2,2.0,0,1,1,1,1,1,1,1,1,2,1,1,1,1,2.0,2,0,0,1,2,1,1,2,1,1,1,2,1,1,2,1,2,2.0,1,1,1,1,2,2,1,0,2,3.0,2,2,0,5,72,-1
373,2,1,2,1,1,2,2,1,0,1,0,2,1,2,1,2,0,2,0,1,2,2,0,2,3.0,1,1,2,2.0,2,2,2,2,2,2,2,2,1,0,1,2,1,1,2.0,2,1,0,1,2,1,2,2,2,1,1,2,2,2,2,2,2,3.0,2,2,2,0,2,0,2,2,2,0.0,2,2,2,5,73,-1
374,2,1,1,1,0,2,2,1,1,0,2,0,1,2,1,2,2,2,2,1,1,1,2,1,2.0,1,1,1,0.0,2,0,0,2,2,1,2,2,0,2,1,2,1,1,2.0,1,1,1,1,2,1,1,2,2,2,2,2,2,2,2,2,1,2.0,0,2,2,1,2,2,2,2,2,,2,0,1,5,74,-1
375,2,1,2,1,1,2,2,1,0,1,1,2,1,2,2,2,2,2,2,0,1,2,2,2,3.0,2,0,2,3.0,2,2,2,2,2,0,2,2,1,2,2,1,1,1,2.0,2,1,1,1,2,1,2,2,2,1,1,0,1,2,2,2,2,0.0,1,2,0,1,2,2,2,2,0,0.0,2,2,2,5,75,-1
376,0,0,1,1,1,2,2,0,1,1,1,2,1,2,1,0,2,1,1,1,2,2,2,1,2.0,1,0,2,2.0,2,1,2,2,0,1,2,1,1,2,1,0,1,0,2.0,2,1,1,1,2,1,1,2,2,1,1,2,2,2,1,1,2,2.0,1,2,2,1,2,2,2,2,2,2.0,0,2,2,5,76,-1
377,2,1,1,1,1,2,2,1,1,1,2,2,1,2,1,2,2,2,2,0,1,1,2,1,0.0,1,1,2,2.0,2,1,0,0,2,1,2,2,0,2,0,2,1,1,2.0,0,1,1,1,2,1,1,1,2,1,0,2,1,0,2,0,1,2.0,1,2,2,1,1,2,2,2,2,3.0,2,2,1,5,77,-1
378,2,1,1,0,1,2,2,1,1,1,1,2,0,2,1,2,2,2,2,1,0,2,2,0,2.0,1,1,2,2.0,0,1,1,1,2,1,2,1,2,2,1,0,1,1,0.0,2,1,2,1,2,1,1,1,2,1,0,2,0,2,2,2,2,2.0,1,1,1,1,2,2,1,0,2,3.0,2,2,2,5,78,-1
379,2,0,1,1,1,2,2,1,1,1,2,2,1,0,1,2,3,2,2,1,0,2,2,0,3.0,1,1,2,3.0,2,1,2,1,2,2,2,2,1,2,1,2,1,1,2.0,2,1,1,2,2,1,0,2,2,2,2,2,2,2,2,1,2,0.0,1,0,1,1,1,0,2,2,2,3.0,2,0,0,5,79,-1
380,2,1,1,0,1,0,2,1,1,1,0,2,1,2,1,0,2,2,2,1,2,2,2,0,2.0,1,1,2,2.0,2,1,2,1,1,2,2,1,1,0,1,1,1,1,2.0,2,1,1,0,1,1,0,1,2,1,1,2,1,2,2,2,0,2.0,1,2,0,1,2,2,2,2,2,2.0,2,2,2,5,80,-1
381,2,1,1,0,1,1,2,1,1,1,1,2,1,2,1,1,2,1,1,1,2,2,2,1,2.0,1,1,2,2.0,2,1,1,1,0,1,2,1,1,2,1,2,1,0,2.0,2,1,0,1,2,0,1,1,2,1,1,2,0,2,1,2,2,2.0,1,1,1,0,2,0,1,1,2,2.0,2,2,1,5,81,-1
382,2,1,1,0,1,2,2,1,2,1,2,2,1,2,1,2,2,2,2,1,2,1,2,1,3.0,0,1,0,3.0,0,2,0,2,2,2,2,2,1,2,1,2,1,0,0.0,2,1,2,1,2,1,2,1,2,2,1,2,1,2,2,1,2,3.0,2,2,2,1,0,0,2,2,2,3.0,2,2,1,5,82,-1
383,0,1,1,0,0,1,2,1,0,1,1,2,1,2,1,2,2,1,2,1,1,2,2,0,2.0,1,1,2,2.0,2,1,2,2,2,1,1,0,1,2,0,0,1,1,2.0,2,1,1,1,1,1,1,1,2,1,1,2,1,2,2,1,0,2.0,1,2,2,1,2,2,2,2,2,2.0,2,2,2,5,83,-1
384,2,1,1,1,1,2,2,2,1,1,2,2,1,2,1,2,3,2,2,1,1,2,2,2,3.0,1,1,2,3.0,2,2,0,2,0,2,2,2,1,2,2,2,1,0,2.0,2,1,1,2,2,1,1,2,2,2,2,2,0,0,2,2,1,2.0,2,2,0,1,2,2,0,2,2,2.0,0,2,0,5,84,-1
385,3,1,1,1,1,2,2,2,2,1,2,2,1,0,2,2,3,2,2,1,2,2,2,2,0.0,2,1,2,3.0,2,2,2,0,0,2,2,2,0,2,2,2,2,1,2.0,2,1,2,1,2,1,1,0,0,2,2,2,2,2,0,2,2,3.0,2,2,2,1,2,2,0,2,2,3.0,3,3,2,5,85,-1
386,2,1,2,1,1,2,2,1,1,0,2,2,1,2,1,2,2,0,2,1,0,1,2,1,2.0,1,1,0,0.0,2,0,2,2,1,1,2,2,1,2,1,0,1,1,3.0,0,0,1,2,2,1,1,2,2,2,1,2,2,0,2,2,2,2.0,1,2,2,2,2,2,2,2,2,3.0,2,2,2,5,86,-1
387,2,1,2,1,1,2,0,2,1,0,2,2,1,2,2,0,3,2,2,1,2,2,2,1,2.0,1,1,2,2.0,2,2,1,2,2,1,2,2,2,2,2,2,2,0,3.0,2,2,1,2,2,1,2,0,2,2,2,2,2,2,2,0,0,0.0,1,2,2,1,2,2,2,2,2,3.0,0,2,2,5,87,-1
388,2,1,1,1,0,2,2,0,1,1,1,2,1,2,1,2,2,2,2,1,0,2,2,1,3.0,2,1,2,3.0,2,1,2,0,2,0,2,2,1,2,1,1,1,1,2.0,2,1,1,1,0,0,1,2,2,2,2,2,1,2,2,1,2,2.0,0,1,1,1,2,2,2,0,2,0.0,2,2,1,5,88,-1
389,2,1,1,1,0,2,2,1,0,1,1,2,1,2,1,1,2,2,2,0,1,2,0,2,2.0,1,0,2,2.0,2,0,1,2,0,1,2,1,1,2,1,1,1,1,0.0,2,1,1,1,1,1,1,1,2,1,1,2,1,1,0,0,2,2.0,1,2,2,1,2,2,2,2,2,3.0,2,2,1,5,89,-1
390,2,1,1,1,1,2,2,1,1,1,2,2,1,2,1,2,2,2,0,1,1,2,2,2,3.0,1,1,2,3.0,0,2,0,2,2,2,2,2,0,2,0,2,1,1,2.0,2,1,1,1,2,1,2,0,2,1,1,2,2,2,0,1,1,2.0,2,2,2,1,2,0,0,2,2,3.0,2,2,0,5,90,-1
391,2,1,0,1,1,2,2,1,2,1,1,2,1,2,0,1,2,0,2,1,2,1,2,1,2.0,2,1,2,0.0,0,1,1,2,1,1,2,0,2,2,1,1,1,0,2.0,2,1,0,1,2,1,0,2,2,2,1,2,1,2,2,2,2,2.0,2,2,2,1,2,2,2,2,2,,2,2,2,5,91,-1
392,3,1,2,1,1,2,2,1,1,1,2,0,1,2,2,0,3,2,0,1,2,2,2,2,3.0,2,1,2,0.0,2,2,2,2,2,2,2,2,1,2,2,2,2,0,3.0,2,1,1,2,2,1,2,2,2,2,2,2,2,0,0,2,2,2.0,2,2,2,1,2,0,2,2,0,3.0,2,2,2,5,92,-1
393,2,1,1,1,0,2,2,2,1,1,1,2,1,2,1,2,2,2,2,1,2,0,2,1,0.0,1,1,2,2.0,2,1,1,2,2,1,2,2,0,2,1,2,1,1,2.0,1,1,1,1,0,0,1,0,0,1,1,2,1,2,2,1,2,2.0,1,2,2,1,2,2,2,2,2,,2,2,0,5,93,-1
394,2,1,1,1,1,2,2,1,0,1,1,2,1,2,2,2,0,2,2,0,1,2,0,2,3.0,1,1,2,3.0,2,2,2,1,2,2,2,2,1,0,1,1,1,1,2.0,2,1,2,1,2,1,0,2,2,1,1,2,0,2,2,0,2,3.0,1,2,0,1,1,0,2,2,2,3.0,2,2,1,5,94,-1
395,2,1,0,1,1,0,2,0,1,1,1,2,1,2,1,2,2,2,2,0,0,1,0,1,2.0,2,1,2,2.0,2,1,1,1,1,1,2,0,1,2,1,1,0,1,2.0,2,1,1,1,2,1,1,2,2,1,1,2,1,2,2,1,2,2.0,0,2,2,1,2,2,1,2,2,2.0,2,2,2,5,95,-1
396,2,1,0,0,1,2,0,2,1,2,2,2,1,2,2,2,2,2,2,1,2,2,2,1,2.0,1,1,2,2.0,2,1,1,2,2,1,2,2,2,0,1,1,1,1,2.0,2,2,1,1,2,1,1,2,2,2,0,2,2,2,2,1,2,0.0,0,2,2,2,0,2,2,2,2,,2,0,2,5,96,-1
397,2,2,2,1,0,2,2,2,2,1,2,2,1,2,2,2,2,2,2,1,0,2,2,1,2.0,1,1,2,0.0,0,2,1,2,2,1,0,1,2,2,1,2,2,1,,2,2,1,1,2,1,2,0,2,0,2,2,2,2,2,2,2,2.0,2,2,2,1,2,2,2,0,2,0.0,2,2,2,5,97,-1
398,2,1,0,1,1,2,2,1,2,2,2,2,1,2,2,2,2,2,2,1,1,2,2,0,3.0,2,1,2,3.0,2,2,2,1,2,2,2,2,1,0,1,2,1,0,2.0,2,1,1,1,2,1,1,1,0,1,1,2,1,2,2,2,2,2.0,1,0,2,0,2,2,0,2,2,0.0,2,2,2,5,98,-1
399,2,0,1,1,1,2,2,2,1,1,2,2,1,2,1,2,3,2,2,1,2,2,2,0,3.0,1,1,2,3.0,2,2,2,2,2,2,0,2,2,2,1,0,1,1,2.0,2,1,1,2,2,1,1,2,0,1,2,2,1,0,2,2,1,2.0,2,2,2,1,2,2,0,0,2,3.0,2,0,2,5,99,-1
400,2,1,2,1,1,2,2,1,2,0,2,2,0,2,1,2,3,2,2,1,2,0,2,2,3.0,1,1,2,3.0,2,2,2,2,2,2,2,0,1,2,1,2,2,1,3.0,0,1,1,0,2,1,1,2,2,2,2,2,1,2,2,2,1,3.0,2,2,0,1,2,0,2,2,0,,3,2,2,6,0,-1
401,2,0,2,1,1,0,0,2,1,0,2,2,0,2,2,2,0,2,2,1,2,2,2,2,3.0,1,1,2,3.0,2,2,2,2,2,2,2,2,0,2,1,2,2,1,3.0,2,2,2,1,2,1,1,2,2,2,2,2,2,2,2,2,3,3.0,2,2,0,1,2,2,2,2,3,0.0,0,2,2,6,1,-1
402,2,1,1,1,1,2,2,0,1,2,1,2,1,2,1,0,2,2,2,1,2,2,0,2,3.0,2,1,2,3.0,2,2,2,2,2,0,2,2,2,2,1,0,1,1,0.0,2,1,1,0,2,0,2,2,2,1,1,2,2,2,2,2,3,3.0,2,0,2,1,2,2,2,2,2,3.0,0,2,2,6,2,-1
403,0,1,1,0,1,1,2,2,1,1,0,2,1,2,1,2,2,1,2,0,2,0,2,1,0.0,1,1,2,2.0,2,1,1,1,2,2,2,1,2,2,1,2,0,1,2.0,2,2,1,1,1,1,1,2,1,1,1,2,0,2,2,2,2,2.0,2,2,2,1,2,2,2,2,2,2.0,0,2,0,6,3,-1
404,3,0,2,1,2,2,2,1,1,0,2,2,1,3,1,2,3,2,2,2,2,2,2,2,3.0,2,1,2,3.0,2,2,2,2,2,2,2,2,1,3,2,2,2,1,3.0,2,2,0,2,2,1,0,2,2,2,2,0,2,2,0,2,3,3.0,2,2,2,1,3,2,2,0,3,3.0,0,3,2,6,4,-1
405,2,1,2,1,1,2,2,0,0,1,2,2,1,2,2,0,0,2,2,1,2,2,2,2,3.0,1,1,0,3.0,2,0,2,2,2,2,2,2,2,2,1,2,1,1,3.0,2,2,1,1,2,1,2,2,2,0,2,2,2,2,2,2,2,0.0,0,2,2,1,2,2,2,2,2,3.0,2,0,2,6,5,-1
406,2,0,1,1,1,2,2,1,1,1,0,2,1,2,1,2,3,2,2,1,2,2,2,2,3.0,0,0,2,3.0,2,2,2,2,0,2,2,2,1,3,1,1,1,1,3.0,2,1,1,2,2,2,1,2,2,2,2,2,2,0,2,2,2,3.0,0,2,2,2,2,2,0,2,2,,3,0,2,6,6,-1
407,2,2,2,1,1,2,2,2,2,1,2,2,1,2,0,2,3,2,2,1,2,2,2,0,3.0,0,1,2,3.0,2,2,2,1,2,2,2,2,1,2,1,2,1,0,3.0,2,1,1,0,2,1,2,2,2,2,2,2,1,0,2,2,2,3.0,2,2,2,1,2,0,0,2,2,3.0,0,2,1,6,7,-1
408,2,2,1,1,1,0,2,2,0,1,2,2,1,0,2,2,3,2,2,1,2,2,2,2,3.0,1,1,0,3.0,2,1,2,1,2,2,2,2,1,2,1,2,2,2,3.0,2,2,2,2,0,0,2,2,2,2,2,2,2,2,2,2,0,3.0,2,0,2,1,2,0,2,2,3,4.0,3,2,0,6,8,-1
409,0,1,1,1,1,2,2,1,2,2,1,2,1,2,1,2,3,2,2,1,2,2,0,2,3.0,1,1,2,3.0,2,2,2,2,0,2,2,2,2,3,1,0,1,2,2.0,2,2,2,2,2,1,1,2,0,1,0,2,0,2,2,0,3,3.0,2,2,2,0,2,2,2,2,3,,3,2,2,6,9,-1
410,0,1,2,1,1,2,2,1,0,0,1,2,1,2,2,0,2,2,2,1,2,2,2,2,3.0,1,1,2,0.0,0,2,2,2,2,2,2,0,2,2,1,0,1,1,3.0,2,2,2,2,2,1,2,2,2,2,2,2,2,2,2,2,3,3.0,2,2,0,1,2,2,2,2,3,4.0,3,0,2,6,10,-1
411,2,2,1,1,2,2,2,2,1,1,2,2,1,0,1,2,3,2,2,1,2,2,2,2,0.0,0,2,2,3.0,2,2,2,0,0,2,2,2,2,3,2,2,2,2,3.0,3,0,2,1,0,1,2,2,2,2,2,0,2,2,2,2,3,3.0,2,0,2,2,3,2,2,2,3,0.0,3,3,2,6,11,-1
412,2,1,0,0,1,0,0,2,2,1,1,2,1,2,1,2,2,2,2,1,2,2,0,2,3.0,2,1,0,3.0,2,1,2,1,2,2,2,2,2,2,1,2,1,1,2.0,2,1,2,1,0,0,1,2,0,2,1,2,1,2,2,2,2,3.0,2,2,2,1,2,0,2,2,2,4.0,3,2,2,6,12,-1
413,2,1,1,1,1,2,2,2,1,1,1,2,1,2,1,2,0,2,2,1,2,2,2,2,3.0,0,0,2,3.0,2,1,1,1,2,2,2,2,2,2,1,1,1,1,2.0,1,2,0,1,0,1,1,2,2,2,0,2,1,2,0,2,2,2.0,2,2,2,1,0,2,2,2,2,3.0,2,2,0,6,13,-1
414,2,1,2,1,0,2,2,1,2,1,0,2,0,2,1,2,2,2,2,1,2,2,0,1,2.0,0,0,2,0.0,2,1,1,0,2,1,2,2,2,2,1,2,2,1,2.0,2,2,1,1,2,1,1,2,2,1,1,2,1,2,2,2,2,0.0,2,2,1,1,2,2,2,2,2,0.0,2,2,2,6,14,-1
415,0,1,2,1,2,0,2,2,2,2,2,2,0,3,1,2,3,0,2,1,2,2,2,2,3.0,1,2,0,0.0,3,2,0,2,2,2,2,2,2,2,2,2,2,1,3.0,2,2,1,0,2,2,2,2,2,2,2,2,2,3,2,2,3,3.0,2,2,2,1,3,3,2,2,3,0.0,0,3,2,6,15,-1
416,2,1,1,1,0,2,2,2,2,1,2,2,1,2,1,2,0,2,2,1,1,2,2,2,3.0,2,1,2,3.0,2,0,0,2,2,2,2,2,1,2,1,1,0,1,2.0,2,1,1,1,2,1,1,2,2,2,2,2,1,2,0,2,2,3.0,2,2,2,0,2,2,0,0,2,,3,2,2,6,16,-1
417,2,1,2,1,1,2,0,2,2,1,2,2,1,2,1,0,3,2,2,1,2,2,0,2,3.0,1,1,2,3.0,2,2,0,2,2,2,2,2,1,2,0,2,1,1,3.0,0,0,1,1,2,1,2,2,2,2,2,2,2,0,2,2,2,3.0,2,2,2,2,2,2,0,2,2,,3,2,2,6,17,-1
418,2,1,1,1,1,2,2,1,0,1,1,2,1,2,1,1,2,0,1,0,2,2,2,1,0.0,2,1,2,2.0,2,1,1,2,2,1,1,1,1,2,1,1,1,0,2.0,2,1,0,1,2,0,1,2,2,2,1,2,2,2,2,1,2,2.0,0,1,2,1,0,2,2,0,2,3.0,2,2,1,6,18,-1
419,2,1,1,1,1,0,2,2,1,2,1,2,1,2,1,2,2,2,2,0,2,2,0,2,3.0,1,1,2,3.0,2,2,0,2,2,0,2,2,2,2,1,0,1,1,2.0,2,2,2,1,1,1,1,2,0,1,1,2,0,2,2,2,3,3.0,2,2,2,1,0,2,2,2,2,3.0,2,2,0,6,19,-1
420,2,1,2,1,1,2,2,1,1,0,1,2,1,3,2,0,0,2,2,1,0,2,0,2,3.0,2,0,2,0.0,2,2,2,2,2,0,2,2,2,2,1,0,1,1,3.0,2,2,2,2,2,1,2,2,2,2,2,2,2,2,2,2,3,3.0,2,2,2,1,2,2,2,2,3,0.0,2,2,2,6,20,-1
421,2,1,2,2,0,2,2,2,1,1,2,2,1,2,1,2,3,2,2,1,2,2,2,1,3.0,1,1,2,3.0,2,1,2,2,2,2,0,2,2,2,1,2,1,1,3.0,0,2,1,2,0,1,2,2,2,2,2,2,0,2,2,2,0,2.0,2,0,2,2,2,2,2,2,2,3.0,0,0,0,6,21,-1
422,2,1,1,1,0,2,2,1,0,1,1,2,1,2,0,2,2,2,0,1,1,1,2,1,2.0,1,1,2,2.0,2,1,2,1,2,0,1,2,1,2,0,2,0,1,2.0,0,0,1,1,2,1,1,2,2,1,1,2,1,2,2,2,2,2.0,1,2,0,1,2,2,2,2,2,3.0,2,2,1,6,22,-1
423,2,1,1,1,1,2,0,1,1,1,1,2,0,2,1,2,2,2,2,1,2,1,2,1,2.0,0,1,2,2.0,2,1,0,2,2,1,2,2,2,2,0,0,1,1,2.0,2,0,1,1,2,1,2,0,2,1,0,2,1,2,2,1,2,2.0,1,2,2,1,2,2,2,2,2,3.0,2,0,2,6,23,-1
424,2,0,2,0,0,2,2,1,1,1,1,0,1,2,1,0,2,0,2,1,2,2,2,2,3.0,1,1,2,3.0,2,2,2,2,2,0,2,2,1,2,1,2,1,1,3.0,2,1,1,1,2,1,2,2,2,1,1,2,2,2,2,2,2,3.0,2,2,0,1,2,2,2,2,2,3.0,2,0,2,6,24,-1
425,2,1,2,1,0,2,2,1,0,1,2,2,1,2,2,0,3,2,2,1,2,2,2,0,3.0,2,1,2,0.0,2,1,2,2,2,2,2,2,1,2,2,2,1,1,3.0,0,1,1,1,2,1,0,2,2,2,2,2,2,2,2,2,2,0.0,0,2,2,1,2,2,2,2,2,3.0,2,2,2,6,25,-1
426,2,1,1,1,1,2,0,2,1,1,2,2,1,2,1,2,3,0,2,1,2,2,2,2,3.0,2,1,2,3.0,2,2,2,0,2,2,2,2,2,2,1,1,1,1,2.0,2,0,1,1,0,1,2,2,2,0,2,0,1,2,2,2,3,3.0,0,2,2,0,2,2,0,2,2,3.0,2,2,2,6,26,-1
427,2,1,0,1,1,2,2,2,1,2,2,2,1,0,2,2,3,2,2,0,2,2,2,1,0.0,0,1,2,2.0,2,1,0,2,2,2,2,2,0,2,2,2,1,1,2.0,2,2,1,1,2,1,2,2,2,2,2,2,0,2,2,2,2,3.0,2,2,2,1,2,2,2,2,2,3.0,0,2,2,6,27,-1
428,2,0,1,0,1,0,2,1,2,1,1,2,0,2,1,2,2,2,2,1,1,2,0,0,3.0,1,1,2,3.0,2,2,2,0,2,2,2,2,2,2,1,2,1,1,2.0,2,1,1,1,2,1,1,0,2,1,1,2,1,2,2,2,2,3.0,1,2,0,1,2,2,2,2,2,,3,2,2,6,28,-1
429,2,1,0,1,1,2,2,1,1,1,2,2,1,3,2,2,3,2,2,1,0,2,2,0,0.0,2,1,0,3.0,2,2,2,2,2,0,2,0,1,2,1,0,1,1,3.0,2,1,2,2,2,1,1,2,2,2,2,2,1,2,2,2,2,3.0,2,2,0,1,2,2,2,0,2,4.0,3,2,2,6,29,-1
430,2,1,0,1,1,2,2,1,1,1,1,2,0,2,2,2,2,0,2,1,2,2,2,0,3.0,1,1,2,3.0,2,2,1,2,2,1,2,2,0,2,1,2,1,1,2.0,2,0,0,1,2,1,1,2,2,0,1,2,2,2,2,2,2,2.0,1,1,2,1,2,2,2,2,2,3.0,2,2,2,6,30,-1
431,2,1,2,1,1,2,0,1,2,1,1,2,1,2,1,2,0,2,0,1,2,2,2,0,3.0,0,1,2,0.0,2,2,2,2,2,2,2,2,1,2,2,2,2,0,3.0,2,2,0,1,2,1,2,2,2,2,2,2,2,2,0,2,2,3.0,2,2,2,1,2,2,2,2,2,,3,3,2,6,31,-1
432,2,1,1,0,0,0,2,1,1,0,1,0,1,2,1,2,2,2,2,0,2,2,2,1,3.0,1,1,2,3.0,2,1,2,2,2,2,2,2,1,2,1,1,1,1,0.0,2,1,1,1,2,1,1,1,2,2,0,2,1,2,2,2,2,3.0,0,2,2,1,2,2,2,2,2,0.0,2,2,2,6,32,-1
433,2,1,2,1,1,2,2,0,1,1,2,2,1,3,0,2,3,2,0,1,0,2,2,1,3.0,2,1,2,3.0,2,2,2,2,2,1,2,2,1,3,1,2,1,0,3.0,2,1,1,2,2,1,2,2,2,2,2,2,2,0,2,2,2,0.0,2,2,2,1,0,0,2,2,2,3.0,2,0,1,6,33,-1
434,3,2,2,1,2,3,3,1,2,1,2,0,1,3,1,2,3,2,0,1,0,2,2,2,3.0,2,1,2,3.0,0,2,2,2,0,2,0,2,2,3,2,2,2,1,3.0,3,1,2,2,2,2,2,2,3,2,2,3,2,2,2,2,2,3.0,2,2,2,2,3,2,0,0,3,,3,3,2,6,34,-1
435,3,2,2,1,2,2,3,1,1,2,2,0,1,3,2,0,3,2,2,1,2,2,2,2,3.0,2,1,2,3.0,3,2,2,2,0,2,2,2,2,3,2,2,2,1,3.0,3,2,2,2,2,2,2,2,2,2,2,0,0,2,2,2,3,3.0,2,0,0,1,3,3,2,2,3,3.0,0,0,2,6,35,-1
436,2,1,2,1,1,0,0,1,1,0,2,2,1,2,1,2,3,2,2,1,2,2,2,2,3.0,1,1,2,3.0,2,0,2,2,0,2,2,2,0,2,2,0,1,1,3.0,0,2,2,1,2,1,1,2,2,2,2,0,1,2,2,2,1,2.0,1,2,0,1,2,2,2,2,2,4.0,3,2,2,6,36,-1
437,2,1,1,0,1,2,2,1,0,1,1,2,1,2,2,0,2,2,2,1,1,2,0,1,3.0,2,1,2,3.0,2,2,2,2,1,2,0,2,1,2,1,2,1,0,2.0,2,1,1,1,2,1,2,2,2,0,2,2,2,2,2,2,2,3.0,0,0,2,1,2,0,2,2,2,3.0,2,2,2,6,37,-1
438,2,1,0,1,0,2,2,2,1,1,2,2,1,0,1,2,3,2,2,1,2,2,2,0,3.0,1,1,2,3.0,2,2,1,2,0,1,2,2,1,2,1,2,1,1,2.0,2,2,1,1,2,1,1,2,1,0,2,2,1,2,2,1,0,2.0,1,2,2,0,2,2,2,2,2,0.0,2,2,0,6,38,-1
439,2,1,1,1,0,2,2,1,1,0,2,2,1,0,1,2,3,2,2,1,0,2,2,2,3.0,1,1,2,3.0,2,2,0,1,2,2,2,2,1,2,1,2,0,1,3.0,2,1,2,2,0,1,1,2,2,2,2,2,1,2,2,0,2,3.0,1,2,0,1,1,2,2,2,0,3.0,2,2,1,6,39,-1
440,2,1,1,1,1,2,2,0,1,1,2,2,0,2,1,2,3,2,2,0,1,1,2,1,3.0,1,1,2,3.0,2,1,0,2,2,2,2,1,0,2,1,1,1,1,2.0,2,1,1,1,2,1,0,2,2,2,1,2,0,2,1,1,2,2.0,1,2,1,0,2,2,1,2,0,0.0,2,2,2,6,40,-1
441,2,1,1,0,1,2,2,1,2,1,1,2,0,2,1,2,2,2,2,1,1,2,2,0,3.0,1,0,2,3.0,2,1,2,1,2,2,0,1,1,2,1,1,1,1,2.0,2,1,1,1,2,1,0,2,2,1,1,2,0,2,2,2,2,2.0,1,2,0,0,2,2,2,1,2,,3,2,2,6,41,-1
442,2,1,0,1,1,2,2,2,2,2,2,2,1,3,0,2,3,2,2,1,0,0,2,0,3.0,2,1,2,3.0,2,1,1,2,2,2,2,2,2,3,1,2,1,1,3.0,2,2,1,2,2,1,2,0,2,2,2,2,2,2,2,2,0,2.0,2,2,2,1,2,2,2,2,2,0.0,2,2,0,6,42,-1
443,2,1,1,1,1,2,3,1,2,2,2,2,1,3,2,2,0,0,2,1,2,0,2,2,3.0,2,1,2,3.0,2,2,2,2,2,2,2,2,1,3,1,1,1,1,3.0,2,1,2,2,2,0,1,0,2,2,2,2,2,2,0,0,3,3.0,2,2,0,1,0,2,0,2,2,4.0,3,3,2,6,43,-1
444,2,1,2,0,1,2,2,1,1,1,2,2,1,2,1,2,3,2,2,1,0,2,0,0,3.0,2,1,2,3.0,2,2,2,1,2,2,0,2,1,2,1,2,1,1,3.0,2,0,2,1,2,1,2,2,2,1,2,0,2,2,2,0,2,3.0,2,2,2,1,2,0,2,2,2,,3,2,2,6,44,-1
445,2,1,1,0,1,2,2,1,2,1,2,2,1,2,0,0,3,2,2,1,2,2,2,1,3.0,1,1,2,3.0,2,0,2,0,2,2,0,2,2,2,1,2,1,1,2.0,2,1,1,1,2,1,2,2,2,0,2,2,1,2,2,2,2,0.0,2,2,2,0,2,2,0,2,2,4.0,3,2,2,6,45,-1
446,3,2,0,1,2,2,3,1,1,2,2,2,1,3,2,2,3,2,0,0,2,2,2,1,3.0,2,1,0,3.0,2,1,2,2,1,2,2,2,1,3,2,0,2,1,3.0,2,2,1,2,2,2,2,2,2,2,2,2,2,2,0,2,0,0.0,2,2,2,1,2,2,2,0,3,3.0,0,3,2,6,46,-1
447,3,1,2,1,1,2,0,0,0,2,2,2,1,3,2,2,3,2,2,1,2,2,2,0,3.0,1,1,2,3.0,2,2,2,2,2,2,2,2,2,2,2,2,2,1,3.0,2,2,2,2,2,1,2,0,2,2,2,2,2,2,2,0,3,3.0,2,2,2,1,2,2,2,3,3,0.0,0,3,2,6,47,-1
448,0,1,2,1,1,2,0,2,2,1,2,2,1,3,2,2,3,2,2,1,2,2,3,2,3.0,2,1,2,3.0,0,2,2,2,2,0,2,2,2,3,2,2,2,1,3.0,2,2,2,2,0,1,2,0,2,2,2,3,2,2,2,2,2,3.0,2,2,0,2,2,2,0,3,0,,3,3,2,6,48,-1
449,2,1,1,1,1,0,2,1,1,1,1,2,0,2,1,2,2,1,0,1,2,2,2,1,2.0,1,1,2,2.0,2,1,2,2,2,1,2,0,2,2,1,0,1,0,2.0,2,0,1,1,2,0,1,1,2,1,0,2,1,2,2,2,2,2.0,2,2,2,1,2,2,2,0,2,3.0,2,2,2,6,49,-1
450,2,1,0,1,0,0,3,2,2,2,1,0,2,3,2,2,3,2,2,1,3,2,0,2,3.0,2,2,3,3.0,3,2,2,2,0,2,3,2,2,3,2,2,2,2,2.0,3,2,2,1,0,2,1,2,2,2,2,3,2,3,2,2,3,3.0,2,2,2,1,2,3,2,3,0,0.0,3,3,3,6,50,-1
451,3,2,2,2,2,3,3,3,2,2,2,3,1,3,3,3,0,3,2,1,3,0,3,2,3.0,2,2,3,0.0,3,2,2,3,2,2,3,3,0,3,2,3,2,1,3.0,3,2,2,2,3,2,2,3,0,3,3,3,3,0,3,3,0,3.0,2,3,3,2,3,3,3,0,3,,3,0,3,6,51,-1
452,3,2,2,1,2,3,3,2,2,1,2,0,1,0,1,2,3,2,2,2,2,3,2,0,3.0,2,1,2,0.0,3,2,3,0,0,2,0,2,2,3,2,3,2,2,3.0,3,2,2,2,2,2,2,3,3,2,2,3,2,3,3,3,3,3.0,2,2,3,2,3,3,2,0,3,,3,3,3,6,52,-1
453,2,1,2,1,1,2,2,1,1,0,2,2,0,2,2,2,3,2,2,1,2,2,0,1,3.0,0,1,2,3.0,0,1,2,2,1,2,2,2,0,2,1,2,2,1,3.0,2,1,1,1,0,1,2,2,2,2,2,2,2,2,0,2,2,0.0,2,0,2,1,2,2,2,2,2,3.0,2,2,2,6,53,-1
454,2,1,0,1,1,2,0,0,2,0,1,2,1,2,1,0,2,0,2,1,2,2,2,0,3.0,1,1,2,3.0,2,2,2,2,1,2,2,2,2,2,1,2,1,1,2.0,2,1,1,1,2,1,1,2,2,2,2,2,0,2,2,2,2,3.0,2,2,0,1,2,2,2,0,2,4.0,3,2,2,6,54,-1
455,2,2,2,1,2,2,2,1,1,1,2,2,1,2,1,2,3,2,2,1,2,2,2,1,3.0,1,0,2,3.0,0,2,2,2,0,1,0,2,0,2,0,2,1,1,3.0,2,2,1,1,2,1,2,2,2,2,0,0,2,2,2,2,2,0.0,2,2,2,1,2,2,2,2,3,3.0,0,2,2,6,55,-1
456,2,1,2,1,1,2,2,1,1,2,1,2,0,3,0,0,3,2,2,1,2,2,0,2,0.0,2,1,2,3.0,2,2,2,2,1,0,2,2,2,2,2,2,1,1,3.0,2,1,1,1,2,1,2,2,2,2,2,0,2,0,2,2,2,2.0,2,2,0,1,0,2,2,2,2,3.0,2,2,2,6,56,-1
457,2,0,1,1,1,0,2,1,1,1,1,0,1,2,2,2,2,2,2,1,2,2,0,2,3.0,1,1,2,3.0,2,1,2,2,2,2,2,2,0,2,1,0,1,1,2.0,2,2,2,1,0,1,1,2,2,2,1,2,0,2,0,2,3,3.0,2,2,2,1,2,2,2,2,2,2.0,0,2,2,6,57,-1
458,2,1,2,1,1,2,2,1,2,1,1,2,1,2,0,2,2,2,2,1,2,0,2,0,3.0,0,1,1,3.0,2,2,2,0,0,2,0,2,0,2,1,2,1,1,3.0,2,1,1,1,2,1,1,2,2,2,2,2,2,2,2,2,2,3.0,2,2,2,2,2,2,2,2,2,,3,2,2,6,58,-1
459,0,1,1,1,1,2,2,2,2,1,2,2,1,2,1,2,3,2,2,1,2,2,2,0,3.0,1,1,2,3.0,2,2,2,1,2,2,2,2,1,2,1,2,1,1,2.0,0,0,1,1,0,0,1,2,2,0,2,2,1,0,2,2,2,2.0,2,2,0,2,2,0,2,2,2,4.0,3,2,1,6,59,-1
460,2,1,2,1,1,2,2,1,1,1,0,2,1,2,1,0,3,0,2,1,2,2,2,2,3.0,2,1,2,3.0,2,2,2,2,0,0,2,2,2,2,2,0,1,1,3.0,0,2,1,1,2,1,2,2,2,2,1,2,2,2,2,2,2,3.0,2,2,2,0,2,2,2,2,0,3.0,0,2,2,6,60,-1
461,2,1,1,1,1,2,2,1,1,2,1,2,1,2,1,2,0,2,0,1,2,2,2,2,3.0,2,1,2,3.0,2,2,2,2,2,0,2,2,1,2,1,2,1,0,2.0,2,0,1,0,2,1,2,0,2,1,1,2,2,2,2,2,2,3.0,2,2,2,0,2,2,2,0,2,3.0,2,2,2,6,61,-1
462,2,1,2,1,1,2,2,1,1,0,2,0,1,2,1,2,3,0,0,1,2,2,2,1,0.0,1,1,2,2.0,2,0,2,2,1,2,2,2,0,2,1,2,1,1,3.0,2,0,1,1,2,1,2,2,2,0,1,2,2,2,0,2,2,2.0,2,2,2,1,2,2,2,2,2,3.0,2,2,2,6,62,-1
463,0,1,2,2,1,2,2,2,2,1,2,0,1,2,0,2,3,0,2,0,2,2,2,1,3.0,1,1,2,3.0,2,2,2,0,2,2,2,2,2,2,2,2,1,2,3.0,0,2,1,1,2,1,2,2,2,2,2,2,2,2,2,2,2,0.0,2,2,2,2,2,2,2,3,0,,3,2,2,6,63,-1
464,2,1,1,1,1,2,2,2,0,2,0,2,1,2,1,2,0,2,2,1,2,2,2,2,3.0,1,1,2,3.0,2,2,0,2,2,0,2,2,2,0,1,1,2,1,2.0,2,2,1,1,0,1,2,0,2,1,0,2,2,2,2,2,3,3.0,2,2,2,1,2,2,0,2,2,3.0,2,2,2,6,64,-1
465,2,0,1,1,1,1,0,1,1,0,0,2,1,2,1,2,2,1,2,1,2,2,2,1,2.0,1,0,2,2.0,2,1,2,1,2,1,2,1,2,2,1,0,1,1,2.0,2,2,0,1,1,1,1,2,2,1,1,1,0,2,2,2,2,2.0,2,0,2,1,2,2,2,2,2,0.0,2,2,2,6,65,-1
466,3,2,2,1,1,2,2,2,2,1,2,2,1,0,2,3,0,2,2,1,0,0,3,1,3.0,1,2,0,3.0,3,1,1,2,2,2,2,2,2,3,0,2,2,2,3.0,2,2,2,2,2,2,2,0,2,2,2,3,2,2,3,2,0,3.0,2,2,2,2,2,2,2,3,3,,3,2,0,6,66,-1
467,2,1,2,1,1,2,2,0,1,0,2,2,1,2,1,2,3,2,2,1,2,2,0,1,3.0,1,1,2,3.0,2,2,2,2,2,2,0,2,2,2,1,2,1,1,3.0,2,0,1,2,2,1,2,2,2,0,2,2,2,2,2,2,2,3.0,2,2,2,1,2,0,2,0,2,3.0,2,2,0,6,67,-1
468,2,1,2,1,1,2,2,1,1,1,2,2,0,2,1,2,2,2,2,0,1,2,2,0,0.0,1,1,2,0.0,2,1,2,1,2,2,1,0,1,2,0,2,1,1,2.0,0,2,1,1,2,1,1,2,2,1,1,2,1,2,2,2,2,3.0,2,0,2,1,1,2,2,2,2,3.0,2,2,0,6,68,-1
469,2,1,2,1,1,2,2,1,1,0,1,2,0,2,1,2,2,2,2,1,0,2,0,1,2.0,1,1,2,2.0,2,1,2,1,2,1,2,2,2,0,1,2,1,1,2.0,2,1,1,1,2,0,2,2,2,1,0,0,0,2,2,2,2,2.0,2,2,2,1,2,2,2,2,2,3.0,2,0,2,6,69,-1
470,0,0,2,2,2,3,3,3,2,3,2,3,1,3,3,3,0,3,3,1,3,3,3,0,0.0,2,2,3,4.0,3,3,2,3,3,3,3,3,2,3,2,3,2,2,3.0,3,2,2,2,3,2,2,2,0,2,3,3,3,3,3,0,0,3.0,2,3,3,2,3,3,3,3,3,4.0,0,3,2,6,70,-1
471,3,1,2,1,1,2,2,1,2,2,2,0,1,2,1,2,3,2,0,1,2,2,2,2,3.0,1,1,2,3.0,2,0,2,2,0,2,2,2,1,0,2,0,2,1,3.0,2,0,2,1,2,1,2,0,2,2,1,0,2,2,2,2,2,3.0,1,2,2,1,2,2,2,2,3,,3,3,2,6,71,-1
472,2,1,1,1,1,2,2,0,1,1,1,2,0,2,1,1,2,1,1,0,1,0,2,1,2.0,1,0,2,2.0,0,1,1,1,2,1,1,1,1,2,1,2,1,1,2.0,2,0,0,1,2,1,1,2,1,2,1,2,2,2,2,2,2,2.0,1,2,1,1,2,2,2,0,2,3.0,2,2,0,6,72,-1
473,2,1,2,1,1,2,2,1,0,2,0,2,1,3,2,2,0,2,0,1,2,2,0,2,3.0,2,1,2,3.0,2,2,2,2,2,2,2,2,2,0,1,2,2,1,3.0,2,2,0,1,2,1,2,2,2,1,1,2,2,2,2,2,3,3.0,2,2,2,0,2,0,2,2,3,0.0,2,3,2,6,73,-1
474,2,1,2,1,0,2,2,1,1,0,2,0,1,2,2,2,3,2,2,1,1,2,2,1,3.0,1,1,1,0.0,2,0,0,2,2,2,2,2,0,2,1,2,1,1,3.0,2,1,1,2,2,1,2,2,2,2,2,2,2,2,2,2,2,2.0,0,2,2,1,2,2,2,2,2,3.0,2,0,2,6,74,-1
475,3,1,2,1,1,2,3,1,0,1,2,2,1,3,2,2,3,2,2,0,2,2,2,2,3.0,2,0,2,3.0,2,2,2,2,2,0,2,2,1,3,2,2,2,2,3.0,2,2,1,2,2,1,2,2,2,2,2,0,2,2,2,2,2,0.0,2,2,0,1,2,2,2,2,0,0.0,2,2,2,6,75,-1
476,0,0,1,1,1,2,2,0,1,2,1,2,1,2,1,0,3,1,2,1,2,2,2,1,2.0,1,0,2,2.0,2,2,2,2,0,1,2,1,2,2,1,0,1,0,3.0,2,2,1,2,2,1,1,2,2,2,2,2,2,2,1,2,2,2.0,1,2,2,1,2,2,2,2,3,3.0,0,2,2,6,76,-1
477,2,1,1,1,1,2,2,2,1,1,2,2,1,2,1,2,3,2,2,0,1,1,2,1,0.0,1,1,2,3.0,2,1,0,0,2,2,2,2,0,2,0,2,1,1,2.0,0,1,1,1,2,1,1,2,2,2,0,2,1,0,2,0,2,2.0,1,2,2,1,1,2,2,2,2,3.0,2,2,1,6,77,-1
478,2,1,1,0,1,2,2,1,2,1,1,2,0,2,1,2,2,2,2,1,0,2,2,0,3.0,1,1,2,3.0,0,1,2,2,2,2,2,1,2,2,1,0,1,1,0.0,2,1,2,1,2,1,1,2,2,1,0,2,0,2,2,2,3,3.0,2,2,2,1,2,2,2,0,2,4.0,3,2,2,6,78,-1
479,2,0,2,1,1,2,2,2,2,1,2,2,1,0,2,2,3,2,2,1,0,2,2,0,3.0,2,1,2,3.0,2,2,2,1,2,2,2,2,1,3,1,2,1,1,3.0,2,1,2,2,2,1,0,2,2,2,2,2,2,2,2,2,2,0.0,2,0,1,1,2,0,2,2,2,4.0,3,0,0,6,79,-1
480,2,1,1,0,1,0,2,1,2,1,0,2,1,2,1,0,2,2,2,1,2,2,2,0,3.0,1,1,2,3.0,2,2,2,1,2,2,2,2,1,0,1,2,1,1,2.0,2,1,1,0,2,1,0,2,2,2,1,2,1,2,2,2,0,3.0,2,2,0,1,2,2,2,2,2,4.0,3,2,2,6,80,-1
481,2,1,1,0,1,2,2,1,1,1,1,2,1,2,1,1,2,2,1,1,2,2,2,2,2.0,1,1,2,2.0,2,1,1,1,0,1,2,1,1,2,1,2,1,0,2.0,2,1,0,1,2,0,1,2,2,1,1,2,0,2,2,2,2,2.0,1,1,2,0,2,0,1,1,2,,2,2,1,6,81,-1
482,3,1,2,0,1,2,2,2,2,1,2,2,2,3,2,2,3,2,2,1,2,2,3,2,3.0,0,1,0,3.0,0,2,0,2,2,2,2,2,1,2,1,2,2,0,0.0,2,2,2,1,2,1,2,2,2,2,2,2,1,2,2,2,3,3.0,2,2,2,2,0,0,2,2,2,,3,2,2,6,82,-1
483,0,1,1,0,0,2,2,1,0,1,1,2,1,2,1,2,2,2,2,1,2,2,2,0,3.0,1,1,2,3.0,2,2,2,2,2,1,2,0,1,2,0,0,1,1,2.0,2,2,1,1,1,1,1,2,2,1,1,2,1,2,2,1,0,2.0,1,2,2,1,2,2,2,2,2,3.0,2,2,2,6,83,-1
484,2,1,2,1,1,2,2,2,1,1,2,2,1,2,1,2,3,2,2,1,2,2,2,2,3.0,1,1,2,3.0,2,2,0,2,0,2,2,2,1,3,2,2,1,0,3.0,2,1,1,2,2,2,2,2,2,2,2,2,0,0,2,2,2,3.0,2,2,0,1,2,2,0,2,2,3.0,0,2,0,6,84,-1
485,3,1,1,1,1,2,3,2,2,1,2,2,1,0,2,2,3,2,2,1,2,2,2,2,0.0,2,1,2,3.0,3,2,2,0,0,2,2,2,0,3,2,2,2,2,3.0,3,2,2,2,2,2,2,0,0,2,2,2,2,2,0,2,2,3.0,2,2,2,1,2,2,0,2,3,,3,3,2,6,85,-1
486,2,1,2,1,1,2,2,1,2,0,2,2,1,2,1,2,3,0,2,1,0,2,2,1,3.0,1,1,0,0.0,2,0,2,2,2,2,2,2,1,2,1,0,1,1,3.0,0,0,1,2,2,1,1,2,2,2,2,2,2,0,2,2,2,2.0,1,2,2,2,2,2,2,2,2,4.0,3,2,2,6,86,-1
487,3,2,2,2,1,3,0,2,2,0,2,3,1,3,2,0,3,2,2,2,2,2,3,2,3.0,2,1,3,3.0,3,2,1,2,3,2,2,2,2,3,2,2,2,0,3.0,2,2,1,2,3,1,2,0,2,2,2,2,2,2,2,0,0,0.0,1,3,2,1,3,2,2,2,2,,0,3,2,6,87,-1
488,2,1,1,1,0,2,2,0,1,1,1,2,1,2,1,2,2,2,2,1,0,2,2,1,3.0,2,1,2,3.0,2,1,2,0,2,0,2,2,1,2,1,1,1,1,2.0,2,1,1,1,0,0,1,2,2,2,2,2,2,2,2,2,2,2.0,0,2,1,1,2,2,2,0,2,0.0,2,2,2,6,88,-1
489,2,1,1,1,0,2,2,1,0,1,1,2,1,2,1,2,2,2,2,0,1,2,0,2,3.0,1,0,2,3.0,2,0,2,2,0,2,2,2,1,2,1,1,1,1,0.0,2,1,1,1,2,1,1,2,2,1,1,2,2,2,0,0,2,2.0,1,2,2,1,2,2,2,2,2,3.0,2,2,1,6,89,-1
490,2,1,1,1,1,2,2,2,1,1,2,2,1,2,2,2,3,2,0,1,1,2,2,2,3.0,1,1,2,3.0,0,2,0,2,2,2,2,2,0,2,0,2,1,1,2.0,2,1,1,1,2,1,2,0,2,2,2,2,2,2,0,2,2,3.0,2,2,2,1,2,0,0,2,2,3.0,2,2,0,6,90,-1
491,2,1,0,1,1,2,2,1,2,1,1,2,1,2,0,2,2,0,2,1,2,2,2,2,3.0,2,1,2,0.0,0,1,2,2,2,2,2,0,2,2,1,2,1,0,2.0,2,1,0,1,2,1,0,2,2,2,1,2,2,2,2,2,3,3.0,2,2,2,1,2,2,2,2,2,,3,2,2,6,91,-1
492,3,2,2,1,1,3,3,2,2,2,2,0,2,3,2,0,3,2,0,1,2,2,3,2,3.0,2,1,2,0.0,3,2,2,2,2,2,2,2,1,3,2,2,2,0,3.0,3,1,2,2,3,1,2,2,2,2,2,3,2,0,0,2,3,3.0,2,2,2,1,3,0,2,3,0,,3,3,2,6,92,-1
493,2,1,1,1,0,2,2,2,1,2,1,2,1,2,2,2,2,2,2,1,2,0,2,1,0.0,1,1,2,2.0,2,1,1,2,2,1,2,2,0,2,1,2,1,1,2.0,2,2,1,1,0,0,1,0,0,2,2,2,2,2,2,2,2,2.0,2,2,2,1,2,2,2,2,3,3.0,2,2,0,6,93,-1
494,2,1,2,1,1,2,2,1,0,2,1,2,1,3,2,2,0,2,2,0,2,2,0,2,3.0,1,1,2,3.0,2,2,2,2,2,2,2,2,1,0,1,2,1,1,2.0,2,1,2,1,2,1,0,2,2,2,2,2,0,2,2,0,2,3.0,2,2,0,1,2,0,2,2,2,3.0,2,2,1,6,94,-1
495,2,1,0,1,1,0,2,0,1,1,1,2,1,2,2,2,2,2,2,0,0,2,0,1,3.0,2,1,2,3.0,2,1,2,2,1,2,2,0,1,2,1,1,0,1,2.0,2,1,1,1,2,1,1,2,2,2,1,2,2,2,2,1,2,2.0,0,2,2,1,2,2,2,2,2,3.0,2,2,2,6,95,-1
496,2,1,0,0,1,2,0,2,2,2,2,2,1,3,2,2,3,2,2,1,2,2,2,1,3.0,2,1,2,3.0,2,2,1,2,2,2,2,2,2,0,1,2,2,1,3.0,2,2,2,2,2,1,2,2,2,2,0,3,2,2,2,2,3,0.0,0,2,2,2,0,2,2,2,3,,3,0,2,6,96,-1
497,3,2,2,1,0,2,3,2,2,2,2,2,1,3,2,2,3,2,2,1,0,2,2,1,3.0,2,1,2,0.0,0,2,2,2,3,2,0,2,2,3,1,2,2,1,3.0,3,2,2,2,2,2,2,0,2,0,2,3,2,3,2,2,3,3.0,2,2,2,1,2,2,2,0,3,0.0,3,3,2,6,97,-1
498,3,2,0,1,1,2,3,2,2,2,2,2,1,3,2,2,3,2,2,1,2,2,2,0,3.0,2,1,2,3.0,2,2,2,2,2,2,2,2,1,0,2,2,1,0,2.0,2,1,2,1,2,1,1,2,0,2,2,2,1,2,2,2,3,3.0,2,0,2,0,2,2,0,2,2,0.0,3,3,2,6,98,-1
499,2,0,2,1,1,2,2,2,2,1,2,2,1,3,2,2,3,2,2,1,2,2,2,0,3.0,1,1,2,3.0,2,2,2,2,2,2,0,2,2,3,1,0,1,1,3.0,2,1,2,2,2,2,1,2,0,2,2,2,1,0,2,2,2,3.0,2,2,2,1,2,2,0,0,2,,3,0,2,6,99,-1
