,Unnamed: 0.1,Unnamed: 0,0,1,2,3,4,5,6,7,8,9,10,11,12,13,14,15,16,17,18,19,20,21,22,23,24,25,26,27,28,29,30,31,32,33,34,35,36,37,38,39,40,41,42,43,44,45,46,47,48,49,50,51,52,53,54,55,56,57,58,59,60,61,62,63,64,65,66,67,68,69,70,71,72,73,74,betha,seed,EPH,corr
0,0,0,,,,,,,,,,0.0,,,0.0,,,,,,,,,0.0,,,,,,,,,,,,,,,0.0,,,,,,,,0.0,,,0.0,,,,,,,,,,,,,,,,,0.0,,,0.0,,,0.0,,,,,0.039,0,1.0,0.0
1,1,1,,0.0,,,,0.0,0.0,,,0.0,,,0.0,,,,0.0,,,,,,,,,,,,,,,,,,,,,0.0,,,,,,,,,,,,,,,,,,,,,,,,,,,0.0,,,,,,,0.0,0.0,,,0.023,1,1.0,0.0
2,2,2,,,,,,,,0.0,,,,,,,,0.0,,,,,,,0.0,,,,,,,,,,,,0.0,,,,,,0.0,,,0.0,,,,0.0,,0.0,,,,,,,,,,,,,,0.0,,,,,,,,,0.0,,,0.005,2,1.0,0.0
3,3,3,0.0,,,0.0,,1.0,,,,,0.0,,,,,,,,,0.0,,0.0,,,0.0,,,,,,,,,,,,,,,,,0.0,,,,,,,,,,,,,,,0.0,,,,,,,,,,,,,,,,0.0,,0.0,0.014,3,1.926751592356688,-0.2004561009344102
4,4,4,,0.0,,,,,,,,0.0,,,,,,,,,,,,,,,,,,,,,,,,,,,,,,,,,,,,,0.0,,,,0.0,,,,,0.0,,,0.0,,,,,,,,,,,0.0,,,0.0,,,0.014,4,1.0,0.0
5,5,5,,,,,,,,0.0,0.0,,,,,,,0.0,0.0,,,,,,,,,,,0.0,,,0.0,,,,,,,,,,,,,,,,,,,,,,,0.0,,,,,,,,0.0,0.0,,,,,,,,,,,0.0,,0.023,5,1.0,0.0
6,6,6,,0.0,,,,,,,,,0.0,,,,,,,,,,,,,,,0.0,0.0,,,,,,,0.0,,,,,,,,,,,,,,,,,,,,,,,,0.0,,,,,0.0,,,,,,0.0,,,,,0.0,,0.014,6,1.0,0.0
7,7,7,,,,,,,,,,,,,,,0.0,,,,,,,,,0.0,,0.0,,,,,,,,,,,,,,,,,0.0,,,,,0.0,,,,,,,,,,0.0,,,,,,,,,,0.0,0.0,,,,0.0,,,0.039,7,1.0,0.0
8,8,8,,,,,,0.0,,,0.0,,,,,0.0,,,,,,,,,,,,,,0.0,,,,,,,,,,,,,,,,,,,,,0.0,0.0,,,,,,,,,,,0.0,,,0.0,,,,0.0,,,,,,,0.0,0.023,8,1.0,0.0
9,9,9,0.0,,,,,,,,,,,,,,,,,,,,,,0.0,,,,,,,,,,,0.0,,,,,,,0.0,,,,,,,,,,,,0.0,,0.0,,0.0,,,0.0,,,,,,0.0,,,,,,,,,,0.039,9,1.0,0.0
10,10,10,0.0,,,,,,,,0.0,0.0,,,,,,0.0,,,,,,,,,,,,,0.0,0.0,,,,,,,0.0,,,,0.0,,,,,,,,,,,,,,,,,,,,,,,,0.0,,,,,,,,,0.0,,0.008,10,1.0,0.0
11,11,11,,,,,,,,,,,,,,0.0,,,,,,,,,,,0.0,0.0,,,,,,,0.0,0.0,,,,,,,,,,,,0.0,,,0.0,,,,,,,0.0,,,,,,,,0.0,,,,,,,,0.0,,,,0.008,11,1.0,0.0
12,12,12,,,0.0,0.0,,0.0,0.0,,,,,,,,,,,,,,,,0.0,,,,,0.0,,,,,,,,,,,,,,,,,,,,,0.0,0.0,,,0.0,,,,,,,,,,,,,,,0.0,,,,,,,,0.023,12,1.0,0.0
13,13,13,,,,,,,,,,,,,,,,,0.0,,,,,,,,,0.0,0.0,,,,,,,,,,,,,,,,,,,,0.0,,0.0,,,,,,0.0,,,,0.0,,,,,,,,0.0,,,,,,,,0.0,0.014,13,1.0,0.0
14,14,14,,,,,0.0,,,,,,0.0,,0.0,,,,,,,,,,0.0,,,0.0,0.0,,0.0,,,,0.0,,,,,,,,,,2.0,,4.0,,,,,,,,,,,,,,,,,0.0,1.0,,5.0,,,3.0,,,,0.0,,,,0.023,14,5.179425837320574,-0.1821169915512504
15,15,15,0.0,,,,,0.0,,,,,,,0.0,,,,,0.0,,,,,,,,,,0.0,0.0,,,0.0,,,,,,,,,,,,,,,,0.0,,,,,,,,,,,,,,,,,,,,,,,,0.0,0.0,,,0.005,15,1.0,0.0
16,16,16,,,,,0.0,,,,,,,,,,,,0.0,,,,,,,,,,,,,,0.0,0.0,,,,,,,,,,0.0,,,,,,,,,,,,,,,1.0,,0.0,,,,,,,0.0,,,0.0,0.0,,,,,,0.008,16,1.875,0.1740776559556978
17,17,17,,,,,,,0.0,,,,,,,,,0.0,,,,,,,0.0,,,,,,,,,0.0,,,,,,,,0.0,,,,,0.0,0.0,,,,,,,,,,,,0.0,,,,,,,,,,,0.0,,,,,,,0.008,17,1.0,0.0
18,18,18,,,,,,,,,0.0,,,,,,,,,0.0,,0.0,,,,,0.0,,,,,,,,,,,,,,,,,,0.0,,,,0.0,,,0.0,,,,,,,,,,,,,0.0,,,,0.0,,,0.0,,,,,,0.014,18,1.0,0.0
19,19,19,,,,,,0.0,,,,,,,,,,,,,,0.0,,,0.0,,,,,,,,,0.0,,,0.0,,,,,,0.0,,,,,,,,,,,,0.0,,,,0.0,,,,,,,,,,0.0,,,,,,,,0.0,0.014,19,1.0,0.0
20,20,20,,,,,,,,,,0.0,,,,,,0.0,0.0,,,,0.0,,0.0,,,,0.0,,0.0,,,,,,0.0,,,,,,0.0,,,,,,,,,1.0,,,,,,,,,,,,,,,,,,,,,,0.0,,,,0.023,20,1.813793103448276,0.4009122018688205
21,21,21,,,,,0.0,,,,,,,,,,,,,,,,,,,,,,,,,,,,,,,0.0,,,,,,,,,0.0,,,,0.0,,,,,,,,0.0,,,,0.0,,,0.0,,,,,,,,,0.0,0.0,0.0,0.008,21,1.0,0.0
22,22,22,,,,,0.0,,,,0.0,,,,,,0.0,,,,0.0,,,,,,,,,,,,,,,,0.0,,,,,0.0,,0.0,,,0.0,0.0,,,,,,,,,,,,,,,,,,,0.0,,,,,,,,,,1.0,0.039,22,1.9204545454545456,-0.2004561009344102
23,23,23,,,,,,,0.0,,,,,,0.0,,,,,,,,,,,,,0.0,,,,,,0.0,,,,,,,,0.0,0.0,,,,,0.0,,,,,,0.0,,,0.0,,,,,,,,,,,,,,,,,,,0.0,,0.023,23,1.0,0.0
24,24,24,,0.0,,0.0,0.0,,,,,,,0.0,,,,0.0,,0.0,,,,,,,,,,,,,,,,,0.0,,,,,,,,,,,,,,,,,,,,,,,,,,,,,,0.0,,,,,,,,,0.0,,0.014,24,1.0,0.0
25,25,25,,,,,0.0,,,,0.0,,,,,,,0.0,,,,,,,,0.0,,,,,0.0,,,,,,,,,,,,,,,,0.0,,,,,,0.0,,,,,,,,,,,0.0,0.0,,,,,,,,,,,,,0.039,25,1.0,0.0
26,26,26,,,,,,,0.0,,,,,,,,,,,0.0,,,,,,,,,,,,,,,0.0,,,,,,,,,,,,,0.0,,,0.0,,,,,0.0,,0.0,,,,,,,0.0,,,0.0,,,0.0,,,,,,,0.005,26,1.0,0.0
27,27,27,,,0.0,,,,,,,,,,,0.0,,,,,,0.0,,,,,0.0,0.0,,,,,,0.0,,,,,,0.0,,,,,,,,,,,,,,,,,,,0.0,,,,,,,,,,,,,,,,0.0,,,0.023,27,1.0,0.0
28,28,28,,0.0,,0.0,,0.0,,,,,,,0.0,,,,,,,,,,0.0,0.0,,,,,,,,,0.0,,,,,,,,,,,,,,,,,,,0.0,,,,,,,,,,,,,0.0,,,,,,,,,,,0.008,28,1.0,0.0
29,29,29,,,0.0,,,,,,,,,,,,,,,,,,0.0,,,0.0,0.0,,,0.0,,,,,,,0.0,,0.0,,,,0.0,,,,,,,,,,,,,,,,,,,,,,,,0.0,,,,,0.0,,,,,,0.023,29,1.0,0.0
30,30,30,,,0.0,,,,,,,,,,0.0,,,,,0.0,,,,,,0.0,,,,,,,,,,,,,,0.0,,,,,,,,0.0,0.0,,,,,,,0.0,,,,,,,,,,,,,,,,,,,,,,0.039,30,1.0,0.0
31,31,31,,,,,,,0.0,,,,,,,,,,0.0,,0.0,,,,,0.0,,0.0,,,0.0,,,,,,,,,,,,,,0.0,,,,0.0,,,,,,,,,,,,0.0,,,,,,,,,,,,,,,,,0.014,31,1.0,0.0
32,32,32,,,,0.0,0.0,0.0,,,,0.0,,0.0,,,,,,,,0.0,,,,,,,,,,,,,,,,,,,,,,,,0.0,,,,,,,,,,,0.0,,,,,,,,0.0,,,,,,,,,0.0,,,,0.023,32,1.0,0.0
33,33,33,,,,,,,,0.0,,,,,,,0.0,,,,0.0,,0.0,,,,,,,,,,,,,,,,,,,,,,0.0,,,,,,,,,,,,,,,0.0,,,,0.0,,,,,0.0,0.0,,,,,,0.0,,0.039,33,1.0,0.0
34,34,34,,,,,,,,,,,,0.0,,,,,,,0.0,,0.0,,,,,,,,,0.0,,,,0.0,,0.0,,,,,,,,,,,,,,,,,,,,,,,,,,,,,,,,,0.0,0.0,,,,,,0.008,34,1.0,0.0
35,35,35,,,,,,,,,,,,0.0,,,,0.0,,,,,,,,,,,,,,,,,,0.0,,,,,,,,,,,,,,,,,,,,,,0.0,0.0,,,,,,,0.0,0.0,,,,,,,,0.0,0.0,,0.008,35,1.0,0.0
36,36,36,,,,,,0.0,0.0,,,0.0,,,,,,,,,,,,,,,,,,,,,0.0,,,0.0,,,,0.0,,,0.0,,,,0.0,,,,,,,,,,,0.0,,,,,,,,,0.0,,,,,,,,,,,0.014,36,1.0,0.0
37,37,37,,,,0.0,,,,,0.0,,,,,,,0.0,,,,,,,0.0,,,,,,,,,,,,,0.0,,,,,,,0.0,,,,,,,,,,,0.0,,,,,,,,,0.0,0.0,,,,0.0,,,,,,,,0.023,37,1.0,0.0
38,38,38,,,0.0,,0.0,,,,,,,,,0.0,,,,,,,,,,0.0,,,,,,,,,,0.0,,,,,,,,,,,,,,,,,,,,0.0,,,,,,,0.0,,,,,0.0,,,,,,0.0,,,0.0,0.008,38,1.0,0.0
39,39,39,,,,,0.0,,,,,0.0,,,,0.0,,,,,,,0.0,,,,,,,,,,,0.0,,,,,,,,,,0.0,,,,,,,0.0,,,,,,,,,,,0.0,,,,,0.0,,,,,,0.0,,,,,0.008,39,1.0,0.0
40,40,40,,,,,,,,0.0,,,,,0.0,,,,,,,0.0,,,,,,,,,,,,0.0,,,,,,0.0,,,,,,,,,,,,,0.0,,,,,,0.0,,,,,,,,,0.0,,,,,0.0,0.0,,,,0.023,40,1.0,0.0
41,41,41,,,,0.0,,,,,,,,,0.0,,,,,,,,,,,0.0,,,0.0,,,,,,,,,0.0,,,,,,,,,,,,,,,0.0,,,,,,0.0,,,,,,,,0.0,0.0,,,,,,,,,,0.005,41,1.0,0.0
42,42,42,,,0.0,,,,,,,,,,,,0.0,,,,,,0.0,0.0,,0.0,,,,,,,,,,,,,,,,,,,,,,,,,,,,0.0,,,,,,,,,0.0,,,,,,,,,,,0.0,,,0.0,0.023,42,1.0,0.0
43,43,43,,,,,,,,,,,,,,,,,0.0,0.0,,,,0.0,,,,,,,,,,,,,,,,,,,,,,,,,,,,0.0,,0.0,,,,,,,0.0,0.0,,,,,0.0,,0.0,,0.0,,,,,,,0.039,43,1.0,0.0
44,44,44,,,,0.0,,,,,,,,,,,,,,,,,0.0,,0.0,0.0,,,,,,,,,,,,0.0,,,,,,,,,,0.0,,,,,,,,,,0.0,,,,0.0,,,,,,,,0.0,,,,,,,,0.039,44,1.0,0.0
45,45,45,,,,0.0,,,,,,,,,,,0.0,0.0,,,,,,,,,,,,,,,0.0,,0.0,,,0.0,,,,,,,,,,,,,,,,,,0.0,,,,,,,,0.0,,,,0.0,,,0.0,,,,,,,0.023,45,1.0,0.0
46,46,46,,,0.0,,,,,,,,,,,,,,,,0.0,0.0,,,,,,,,0.0,,,,,,,,,,,,,0.0,,,,,,,,,,,,,,,,,,0.0,,0.0,0.0,,,,,,,,0.0,,,0.0,,,0.005,46,1.0,0.0
47,47,47,,,,,,,0.0,0.0,0.0,,,,,,,,,,,,,,,0.0,,,,,,,,,,,,,,,,,,,,,,,,,,,,0.0,,,,,,,,0.0,,,,,,,,,,,,0.0,0.0,,,0.005,47,1.0,0.0
48,48,48,0.0,,,,,,0.0,,,,,,,,,,,,,,,,,,,,,,,0.0,,,,,0.0,,,,,,,,,,,,,,0.0,,,0.0,,,,,,,,,,,,,0.0,,,,0.0,,0.0,,,,,0.005,48,1.0,0.0
49,49,49,,,,,,0.0,,,,,,,0.0,,,,,,0.0,,,,,,,,,,,,,,,,,,0.0,,,,0.0,,0.0,,,0.0,,,,0.0,,,,,0.0,,,,,,,,,,,,,,,0.0,,,,,,0.014,49,1.0,0.0
50,50,50,,,0.0,,0.0,0.0,,,,,,0.0,,,,,,,,,,,0.0,,,,,,,,,,,0.0,,,,,,,,,,,,,,,0.0,,,,,,,,,,,,,,,,,,,,,,0.0,0.0,,,,0.005,50,1.0,0.0
51,51,51,,,,,,,,,,,,,,,,,0.0,,,,,0.0,,,,,,,0.0,,,,,,,,,0.0,,,,,,,,,,,,,,,0.0,,,,,0.0,,,0.0,,,,,,,,,0.0,,,,0.0,,0.008,51,1.0,0.0
52,52,52,,,,,,,,,,,,0.0,,0.0,,,,,,,,,,0.0,,,,,0.0,,,,0.0,0.0,,0.0,,,,,,,,,,,,,,,,,,,,,,,,,,,,,,,,,,0.0,,,,,,0.039,52,1.0,0.0
53,53,53,,,,,,,,,,0.0,,,0.0,,,,,,,,,,0.0,,,0.0,,,,0.0,,,,,,,,0.0,,,,,,,,,,,0.0,,,,,,,,,,0.0,,,0.0,,0.0,,,,,,,,,,,,0.008,53,1.0,0.0
54,54,54,,,0.0,,,,0.0,0.0,,0.0,,,,,,0.0,,0.0,,,,,,0.0,,,,,,,,,,,,,,,,,,,,,,,,,,,,,,,,,0.0,,,,,,,,0.0,,,,,0.0,,,,,,0.014,54,1.0,0.0
55,55,55,,,,,,,,,,1.0,,,,,,,,,,,,,,,,,0.0,,,0.0,,,,0.0,,0.0,,0.0,,0.0,,,,,,,,,,,,,,,0.0,0.0,,,,,,0.0,,,,,,,,,,,0.0,,,0.014,55,1.848184818481848,0.3
56,56,56,,,,,,,,,,,,,0.0,,0.0,0.0,,,,,,,0.0,,0.0,,,,,,,,,,0.0,,,,,,,,,,,,,,,,,,,,,0.0,,0.0,,,,,,,0.0,,0.0,,,,,,,,,0.039,56,1.0,0.0
57,57,57,,0.0,,,,0.0,,,,,,0.0,,,,,,,,,,,0.0,,,,,,,,,,,,,,,0.0,,,0.0,,,,,,,,0.0,,,,,,,,0.0,,0.0,,,,,,,,,,,,,,0.0,,,0.005,57,1.0,0.0
58,58,58,,,,,,,,,,,,,,,0.0,,,,,,,0.0,,0.0,,0.0,,,,,,,0.0,0.0,,0.0,,0.0,,,,,,,,,,,,,,,,,,,,,,,,,,,,,,,,,,,,,,0.023,58,1.0,0.0
59,59,59,0.0,,,,,,,,,,,,,,,,,,,,,,,0.0,,,,,,,,,,,,,,,,,,,,,0.0,0.0,,,0.0,0.0,,,,0.0,,,,0.0,,,,,,,0.0,,,0.0,,,,,,,,0.008,59,1.0,0.0
60,60,60,,,,,,,,,,,0.0,,,,,0.0,,0.0,,,,,,,,,,,,,,,,0.0,0.0,,,,,,0.0,,,,0.0,,,,,,,,,,,,,,,,,,,,,0.0,,,,,0.0,,0.0,,,0.008,60,1.0,0.0
61,61,61,,,,,,,,,,,,,,,,,0.0,,0.0,,,,,,,,,,,,,,,,0.0,,,,,,,,0.0,,,0.0,,0.0,,,,0.0,,,,,,,,,,,,,,0.0,,,,0.0,,,,,,0.023,61,1.0,0.0
62,62,62,,,,,,,,,,0.0,,0.0,,,,,,0.0,0.0,,,,,,0.0,,,,,,0.0,,,,,,,0.0,,,,,,,,0.0,,,,,,,,0.0,,,,,0.0,,,,,,,,,,,,,,,,,0.014,62,1.0,0.0
63,63,63,0.0,,,,,,,,,,,0.0,,,0.0,,,0.0,,0.0,,,,,,,,,,,,,0.0,,,,,,,,,,,,0.0,,,,,,,,,,,,,,,,,0.0,,,,,,,,,0.0,,,,,0.039,63,1.0,0.0
64,64,64,,,,,,,,,0.0,,0.0,,,,,,0.0,,,,,,,,,,,,,,,0.0,,,0.0,,,,0.0,,,,,,,,,,0.0,,,0.0,,,0.0,,,,,,,,,,,,,,0.0,,,,,,,0.039,64,1.0,0.0
65,65,65,,0.0,,,,,0.0,,,0.0,0.0,,,,,,,,,,,,,,,,0.0,,,,,,,,,,,,,,0.0,,,,,,0.0,,,,,,,,,,0.0,,,,,,,0.0,,,,,,,,0.0,,,,0.005,65,1.0,0.0
66,66,66,,,,,,,,,,,,,,0.0,,,0.0,,,,0.0,0.0,,,,,,0.0,,,,,,,,,,,,0.0,,,,,,,,,,,,0.0,,,,,,,,,0.0,,,,,,,,,,,,,,0.0,0.039,66,1.0,0.0
67,67,67,,,,,,,,0.0,,0.0,,,,,,,,,,,,,0.0,,,,,,,,,,,,,0.0,,,,,,,,,,0.0,,,,,,,,0.0,,,,,,,,,,,,,,0.0,,0.0,,,,,0.0,0.023,67,1.0,0.0
68,68,68,,,,1.0,,,,,,,1.0,,0.0,,,,,,,0.0,,,,0.0,0.0,,,,0.0,,,,,,,,0.0,,,0.0,,,,,0.0,,,,,,,,,,,,,,,,,,,0.0,,,,,,,,,,,0.0,0.014,68,1.754617414248021,0.2591001102525183
69,69,69,,,,,,,,,,0.0,,,0.0,,,,,,,,0.0,,0.0,,,,,,,,,,,,,,,,0.0,,,,,,,,,,,0.0,,,,,0.0,0.0,0.0,,,,,,,,,,,,,,,,,0.0,,0.023,69,1.0,0.0
70,70,70,0.0,0.0,,,,,,,,,,,,,,,0.0,,,,,,,0.0,0.0,,,,,,,,,,,,,,,,,,,,,,,,,,,,0.0,,,,,,,0.0,0.0,,,,,,,,,,,,0.0,,,0.014,70,1.0,0.0
71,71,71,,,,,,,,,,,1.0,0.0,,,,,,,0.0,,,,,,,,,,,,0.0,,,0.0,,,,,0.0,,0.0,,,,,0.0,,,,,,0.0,,,,0.0,,,,,,,,,,,,,,,,,,,,0.023,71,1.8544061302681991,0.4061811972299616
72,72,72,,,,,,,,0.0,,,,,0.0,,,,,,,0.0,,0.0,,,,,0.0,,,0.0,,,,,,,,,,,,,,,,0.0,0.0,,,,,,,,,,,,,,,,,,,,,,,0.0,,,,,0.0,0.005,72,1.0,0.0
73,73,73,,,,,,,,,0.0,,0.0,,,,,,0.0,,0.0,,,,0.0,,,,,,,,,,,,,,,,0.0,,,,,,,,0.0,,,,,,,,,,,,,,,,,,,0.0,,0.0,,,,0.0,,,,0.014,73,1.0,0.0
74,74,74,,,,,0.0,,,,,0.0,,0.0,,,,,,,,,,,,,,,,,0.0,,0.0,0.0,,,,,,0.0,,,,,,,,,,,,,,,,,,,,,,,,,0.0,,,,,,,,,,,0.0,,0.023,74,1.0,0.0
75,75,75,,,,,,,,,0.0,,,,,,,,,,,0.0,,,,,,,0.0,,,,,,,,0.0,,,,,,,,,,,,,,,,,,,,,0.0,,,,,,0.0,,,0.0,,,,,,0.0,0.0,,,,0.005,75,1.0,0.0
76,76,76,0.0,0.0,,,,,,0.0,,,,,,,,0.0,,,,,,,,,,,0.0,,,,,,,0.0,,,,,,,0.0,,0.0,,,,,,,,,,,,,,,,,,,,,,,,,,,,,,0.0,,,0.008,76,1.0,0.0
77,77,77,,,,,,,,,,,1.0,,,,,,,,,0.0,,,,,0.0,,,,,,,0.0,0.0,,,,,0.0,,0.0,,,,,0.0,,,,,,,,,,0.0,,,0.0,,0.0,,,1.0,,,,,,,,,,,,,0.039,77,1.810055865921788,0.0650027085026159
78,78,78,,,,0.0,,,,,,,,,0.0,,,,,,,,0.0,,,0.0,,,,,,0.0,,,,,,,,,,,0.0,,,0.0,,,,,,,,,,,0.0,,0.0,,,,,,,,,,,,,0.0,,,,,,0.005,78,1.0,0.0
79,79,79,,0.0,,,,,,,,,,,,0.0,,,,,,,0.0,,,0.0,,,,,,,,,,,,,,,,,,,,,,,,,,,0.0,,,,,,,,,,,0.0,,0.0,,,,0.0,,,,,,0.0,0.0,0.014,79,1.0,0.0
80,80,80,,,,0.0,,0.0,,,,,0.0,,,,,0.0,,,,,,,,0.0,,,,,,,,,,,,,,,0.0,,,,,,,,,0.0,,,0.0,,,,,,,,,,0.0,,,,0.0,,,,,,,,,,,0.039,80,1.0,0.0
81,81,81,,,,0.0,,,,,,,,,,,,,,,,,,,,,,,,,,,,,,0.0,,,,,,,,,0.0,,,,0.0,,,0.0,,,,,,,0.0,,,,,,,,,0.0,,0.0,,,,,,,,0.023,81,1.0,0.0
82,82,82,,,,0.0,,,,,,,,,,,,,,,,,,,,,,0.0,,0.0,,0.0,,0.0,,,,,,,,,,,0.0,0.0,,,,,,,,,,,,,,,,,,,,,,,0.0,0.0,,,,,,,,0.023,82,1.0,0.0
83,83,83,0.0,,,0.0,0.0,,,,0.0,,,,,,,,,,,,,,,0.0,,,,,,,,,,,,,0.0,,,0.0,0.0,,,,,,,,,,,,,,,,,,,,0.0,,,,,,,,,,,,,,,0.014,83,1.0,0.0
84,84,84,,,,,,,,,,,,,,,,,,,,,,,,,,,,,,,,0.0,,0.0,,,,,,,,,0.0,,,,,,,,,,,,,,0.0,0.0,,,,,,,0.0,,,,0.0,,,,0.0,,0.0,0.014,84,1.0,0.0
85,85,85,,,,,,,,,,,,,,0.0,,,,,,,,,,,0.0,,,,,,,,0.0,0.0,,,,0.0,,,,,,,,,,,,,,0.0,0.0,,,,,,0.0,,,,,,,,,,0.0,,,,,,,0.014,85,1.0,0.0
86,86,86,,,,,,,,,,0.0,,,,,,,,0.0,,,0.0,,,,,,,0.0,0.0,,0.0,,,,,,,,,,0.0,,,,0.0,0.0,,,,,,,,,,,,0.0,,,,,,,,,,,,,,,,,,0.039,86,1.0,0.0
87,87,87,,,,,,,0.0,,,0.0,,,,,,0.0,,,,,,,,,,,,,,,,,,,,,,,,,,,0.0,,,,,,,1.0,,0.0,,,,,,,,0.0,0.0,0.0,,,,,,,,,,,0.0,,,0.023,87,1.793103448275862,0.5238227218271836
88,88,88,,,,,0.0,,,0.0,,,,,,,,,,,,,0.0,,,,,,,,,,1.0,,0.0,,0.0,,,,,,,,,,,,,,0.0,0.0,,,,,,,,,,,,,0.0,,,,,,,0.0,,0.0,,,,0.005,88,1.8888888888888888,0.2009153365899781
89,89,89,,,,,0.0,,,,0.0,,,,,,,,,,,0.0,,,0.0,,,,0.0,,,,0.0,,,0.0,,,,,,,,,,0.0,,,,,,,,,,,,,,,0.0,0.0,,,,,,,,,,,,,,,,0.023,89,1.0,0.0
90,90,90,,,,,,,,,,,,,,,,,,,0.0,,,,,,,,,,,0.0,,0.0,,,,,,0.0,,0.0,,,,,,,,,,,,0.0,,,,,,,0.0,,,,,,,,,0.0,0.0,,,,,,0.0,0.023,90,1.0,0.0
91,91,91,,,0.0,,,,,,,,,,,,0.0,,,0.0,,,,,,,,,,,0.0,0.0,,,,,,,0.0,,,,,,0.0,,,,0.0,,,,0.0,,,,,,,,,,,,,,,,,,,,,,,,,0.014,91,1.0,0.0
92,92,92,,,,,,,,,,,,0.0,,,,0.0,,,0.0,,,,,,,,,,0.0,,,,,,,,,,,,,,0.0,,,,,,,,,,,,,,,0.0,0.0,,,,,,,,,0.0,,,0.0,,,,,0.014,92,1.0,0.0
93,93,93,,,,,0.0,,,,,1.0,,,,,,,,,,,,0.0,,,0.0,,,,,,,,,,,,,0.0,,,,,,,,,,,0.0,0.0,,0.0,0.0,,,,,,,,,,,,,,,,,,,,,,0.0,0.023,93,1.8486842105263157,0.2910126232373242
94,94,94,,,,,,,,,0.0,,,,,,,,0.0,,,0.0,,,0.0,,,,,,,,,,,,,,,,0.0,,,,,,,,,,,,0.0,,,,,,0.0,,,0.0,,,,,0.0,,,0.0,,,,,,,,0.023,94,1.0,0.0
95,95,95,,,0.0,,,0.0,,0.0,,,,,,,,,,,,0.0,0.0,,0.0,,,,,,,,,,,,,,0.0,,,,,0.0,,,,,,,,,,,,,,,,,,,,,0.0,,,,,,,,,,,,,0.008,95,1.0,0.0
96,96,96,,,0.0,0.0,,,0.0,,,,,,,,,,,,,,,,,,,,,,,,,,,,,,,,0.0,,,,,,,,,,,,,,,,0.0,,,,,,,0.0,0.0,,,,0.0,,,,,,,0.0,,0.039,96,1.0,0.0
97,97,97,,,,,0.0,,,,,,,,,,,,,,,,0.0,,,,,,,,0.0,0.0,,,,,,0.0,,,,,,,,,,,,,,,,0.0,,0.0,,,,,,,,,,,,,,,,0.0,,0.0,,,,0.014,97,1.0,0.0
98,98,98,,,0.0,,,,,,,,,,,,,,,,,,,,,0.0,,,,,,,,,,,,,,,0.0,,,,0.0,,,,,,,,,,0.0,,,,,,,,,,,0.0,,0.0,,,0.0,,,0.0,,,,0.014,98,1.0,0.0
99,99,99,,0.0,,,,,,,,,,,,,,,,,,,,,,0.0,,,,,,,,,,,,0.0,,,,,0.0,,,,,,,,,,,,0.0,,,,,0.0,,,,,,,,,,,0.0,0.0,,,,0.0,,0.008,99,1.0,0.0
100,100,100,,,,,,,,,0.0,,0.0,,,,0.0,,,,,,,,,,0.0,,,,,,,,,,0.0,,,,,,,,,,,,,,0.0,,,,0.0,0.0,,,,,,,,,,,,,0.0,0.0,,,,,,,,0.005,100,1.0,0.0
101,101,101,,,,,0.0,,,,,0.0,,0.0,,,,,,,,,,,,,,,,,,,,,,,,,,,,,0.0,,,,,,,,,,,,,,,,,,,,0.0,,,0.0,0.0,,,,,,0.0,,,,,0.023,101,1.0,0.0
102,102,102,0.0,,,,0.0,,,0.0,,,,,,,,,,,,,,,,,,,,,,,,,,,,,,,0.0,,,,,,,0.0,,,,,,,,,,,,,,,,,,,,,0.0,,,,,,0.0,0.0,,0.005,102,1.0,0.0
103,103,103,,,,,,,,0.0,,,,,0.0,,,,,,,0.0,,0.0,,0.0,,,,,0.0,,,,,,,,,,,,,,,,,,,,,,,,,,,0.0,,0.0,,,,,,,,,,,,,0.0,,,0.0,,0.008,103,1.0,0.0
104,104,104,,,,0.0,,,,,0.0,,,,,0.0,0.0,,,,,,,,,,,0.0,,,,,,,,,,,,,0.0,,,,,,,,,,,,,,,,,,,,,,0.0,,,,0.0,0.0,,,,0.0,,,,,,0.008,104,1.0,0.0
105,105,105,,0.0,,,,,,,,,,,,,,,,,,,,,0.0,,,,,,,,,,0.0,,,,0.0,,,,,,,,,0.0,,,0.0,,,,,,,,,,,,,,,,0.0,,,,,,,,,0.0,,0.005,105,1.0,0.0
106,106,106,,,0.0,,,,,,,,,,,,,,,,,0.0,0.0,0.0,,,,0.0,,,,,,,,,,,,,,0.0,,,,,0.0,,,,,,,,0.0,,,,,,,,,,,0.0,,,,,,,,,,,0.0,0.014,106,1.0,0.0
107,107,107,,,,,,,,,,,,,,,0.0,,0.0,,0.0,,,0.0,,,,,,,,,,,,,0.0,,,,0.0,,,,,,,,,,0.0,,,,,,,,,,,,,,0.0,,,,,,,,0.0,,,,,0.005,107,1.0,0.0
108,108,108,,,,,0.0,,0.0,,,0.0,,,,,,,,0.0,,,,,,0.0,,,,,,,,,,,,,,,,,,,,,,,,,,,0.0,,,0.0,,0.0,,,,,,,,,,0.0,,,,,,,,,,0.023,108,1.0,0.0
109,109,109,,,,,0.0,,0.0,,,,,,,0.0,,0.0,0.0,,,,,,,,,,,,,,,,,0.0,,,,,,,,,0.0,,,,,,,,,0.0,,,,,,0.0,,,,,,0.0,,,,,,,,,,,,0.005,109,1.0,0.0
110,110,110,0.0,,,,,0.0,,,0.0,,,,,,,0.0,,,,,,,,,,,0.0,,,,,,0.0,,,,,,,,,,,,,,,0.0,,,,,,,,,,,,,,0.0,,,,,,,,,0.0,,,,,0.005,110,1.0,0.0
111,111,111,,,,,,,,0.0,,,0.0,,0.0,,1.0,,,,,0.0,,,,,,,,,,,,,,,,,,,,,0.0,0.0,,,,,,2.0,,,,,,,,,,0.0,,1.0,,,,,,0.0,0.0,,,,,0.0,,,,0.039,111,2.6103286384976525,0.0559506777178785
112,112,112,,,,,,,,,,,,,,,,,,,,,0.0,,,,,,,,,,,,,,,,,,,0.0,0.0,0.0,0.0,0.0,0.0,,,,0.0,,,,,,,,,,,,,,,,,0.0,,,,0.0,,,,,,0.039,112,1.0,0.0
113,113,113,,,0.0,,,,,0.0,,,,,,,,,,,,,,,0.0,0.0,,,,,,,,,,,0.0,,,0.0,,,,,,,,,,0.0,,,,,,,,,,,,0.0,,,,,,,,,,,,,,,0.0,0.039,113,1.0,0.0
114,114,114,,,,,0.0,,,,,0.0,,,,,0.0,,,,,0.0,,,,,,,,0.0,,0.0,,,,,,0.0,,,0.0,,,,,,,,,,,,,,,,,,0.0,,,,,,,,,,,,,,,,,,0.0,0.014,114,1.0,0.0
115,115,115,,,,,,,0.0,,,,,,0.0,,0.0,,0.0,,0.0,,,,,,,,,,,,,0.0,0.0,,,,,,,,,0.0,,,,,0.0,,,,,,,,,,,,,,,,0.0,,,,,,,,,,,,,0.014,115,1.0,0.0
116,116,116,,0.0,0.0,,,,,,,,,,,,,,,,,,,,,,0.0,,,,,,,0.0,,,,,,,,,,,0.0,,,0.0,0.0,,,0.0,,,,0.0,,,,,,0.0,,,,,,,,,,,,,,,,0.023,116,1.0,0.0
117,117,117,,,0.0,,,,,,,,,0.0,,,,,,,,0.0,,,,,,,0.0,0.0,,,,,,,,,,,0.0,,,0.0,,,,,,,,,,,,,,,,,,,,,0.0,,,,0.0,,,,,,,,,0.005,117,1.0,0.0
118,118,118,0.0,,0.0,,,,,,0.0,0.0,,,,,,,,,,,,,,,,,,0.0,0.0,,,,,,,,,,,,,,,0.0,,,,0.0,,,,,,,,,,0.0,,,,,,,,,,,,0.0,,,,,,0.005,118,1.0,0.0
119,119,119,,,,,,,0.0,,,,,,,,,,,,,,,,,,,,0.0,,,,,,,,0.0,,0.0,,,0.0,,,,,0.0,,,,,,,,,,0.0,,,,,,,,,,,,0.0,,,,,,0.0,,,0.014,119,1.0,0.0
120,120,120,0.0,,,,,,,,,,0.0,,,,,,,,,,,,,0.0,,,,,,,0.0,,,0.0,,,,,,0.0,,,,,0.0,,,0.0,,0.0,,,,,,,0.0,,,,,,,,,,,,,,,,,,,0.005,120,1.0,0.0
121,121,121,,,,0.0,,,,,0.0,,,,,,,,,,,,,,,,,,,,,,,,,,0.0,,,,,,,,,,,,0.0,,,,,,0.0,,0.0,,,,,,0.0,,,,,0.0,0.0,,,,,,,,,0.014,121,1.0,0.0
122,122,122,,,,,,,,,,,0.0,,,,,0.0,0.0,,,,,,,,,,0.0,,,,,,,,,,,,,,,,0.0,,,,,,,,,,,,0.0,,,,,0.0,,,0.0,,,,,,,,,,,,,0.014,122,1.0,0.0
123,123,123,,,,,,,,,,,,,,,,,,0.0,,,,,,,,0.0,,,,,,,0.0,,,,0.0,,,,,,,,,,0.0,0.0,,,,,,,,,,0.0,,,,,,,,,0.0,,0.0,,,,,0.0,,0.014,123,1.0,0.0
124,124,124,,,,,,,,0.0,,,,,,,,,,0.0,,,0.0,0.0,,,,,,,0.0,,,,,,,,,,,,,0.0,,,,,,,,,,,,,,,,,,,,,,,0.0,,0.0,,,,,,,,,0.039,124,1.0,0.0
125,125,125,,,,,,,,,,,,,,,,,,,,,,,,,,,,0.0,,0.0,0.0,,,,,,,0.0,,,,,,0.0,,,,,,,,,,0.0,,,,,,0.0,,0.0,,,0.0,,,0.0,,,,,,,,0.014,125,1.0,0.0
126,126,126,,0.0,,0.0,,,,,,,0.0,,,,,,,,,,,,1.0,,,,,,,,,,,,0.0,,,,,,,,,,,,,,,,,,,,0.0,,,0.0,,,,,,,,,,,0.0,,0.0,,,0.0,0.0,0.014,126,1.9379310344827587,-0.2004561009344102
127,127,127,,,,,,,,,,0.0,,,,,,,,,,,,,,0.0,,,,0.0,,0.0,,,,,,,0.0,,,0.0,,,,,,,,,,,,,,,,0.0,,,,,0.0,,,,,,,0.0,,,,,,0.0,,0.008,127,1.0,0.0
128,128,128,,,,,,,,,,,0.0,,,,,,0.0,,,,,0.0,,,,,,,,,,,,,0.0,,,,,,,,0.0,,,,,0.0,0.0,,,,,,,0.0,,0.0,,,,,,,,,,,,0.0,,,,,,0.014,128,1.0,0.0
129,129,129,0.0,,,,,,,,,,,,,0.0,,,,,,,,,,,,0.0,,,,,,,,0.0,,,,,,,0.0,,,,,,,,,,,,,,0.0,,,,,,,,0.0,,0.0,,,,,,,,,0.0,,0.005,129,1.0,0.0
130,130,130,,,,,,,,,,,0.0,0.0,,,,,0.0,,,,,,,,,0.0,,,,0.0,,,,,,,,,0.0,,,,,,,0.0,,,,,,,,,,,,,0.0,,0.0,,,,,,,,,,,,,,,0.008,130,1.0,0.0
131,131,131,,0.0,,,,,,,,,,,,,,,,,,,,,,,0.0,0.0,,0.0,,0.0,,0.0,0.0,,,,,,,,,,0.0,,,,,,,,,,,,,0.0,,,,,,,,,0.0,,,,,,,,,,,0.023,131,1.0,0.0
132,132,132,,,,,,,,,,,,,,,,,,,0.0,,,0.0,,,,,,,,,,,,,0.0,,,,,,,0.0,0.0,,,,,,,,0.0,,,0.0,,,,,0.0,,,0.0,,,,,,0.0,,,,,,,,0.008,132,1.0,0.0
133,133,133,,0.0,,,,,,,0.0,,,,,,,,,,,,,,,,,0.0,,,,,,,,0.0,0.0,,,,,,,,,,,,,,,,,,0.0,,0.0,,0.0,,,,,,,0.0,,,,,,,0.0,,,,,0.008,133,1.0,0.0
134,134,134,,,,,,0.0,,,,,,,,,0.0,0.0,,,,0.0,,,0.0,,,,,,,,,,,,,0.0,,,0.0,,,,,,,,,,,,0.0,0.0,,,,0.0,,,,,,,,,,,,,,,,,,,,0.023,134,1.0,0.0
135,135,135,,,,,,,,,,,,,0.0,,,,,,,0.0,,,0.0,0.0,,0.0,,,,,,0.0,,,,,,,,,,,,,,,,,,,,,,,,,0.0,,,0.0,,,0.0,,,,,,,0.0,,,,,,0.023,135,1.0,0.0
136,136,136,,,,,,0.0,,,,,0.0,,,,,,,,,,,,,,,,,,,,,0.0,,,,,,,,,,,0.0,,,,,0.0,,,,,,,0.0,,,,,,,,0.0,0.0,,,,,,,,,,0.0,0.0,0.008,136,1.0,0.0
137,137,137,,0.0,,,,,,,,,,,,,,,,,,0.0,,,0.0,0.0,,,,,,,,,,,,,,0.0,0.0,,,,,,,,,,,,,0.0,,,0.0,0.0,,,,0.0,,,,,,,,,,,,,,,,0.023,137,1.0,0.0
138,138,138,,,,,,,,,,,,,,,,,,,,,,,,,,0.0,0.0,,,,,,0.0,,0.0,,,,,0.0,,,,,,,,,,,,,,,,,,,,,,,0.0,,,,,,,0.0,,,0.0,0.0,,0.014,138,1.0,0.0
139,139,139,,0.0,,,0.0,,,,,,,,0.0,,,,,,,,0.0,,,,,,,,,,0.0,,,,,0.0,,,,,,,,,,,,,,,,,,,,,,,,,,,,,,0.0,,,,0.0,,,0.0,,,0.039,139,1.0,0.0
140,140,140,,,,,,,,,,,,,,,,,,,0.0,,,0.0,0.0,0.0,,,,,,,,0.0,0.0,,,0.0,,,0.0,,,,,,,,,,,,,,,,,,,0.0,,0.0,,,,,,,,,,,,,,,,0.005,140,1.0,0.0
141,141,141,,,,,,,,,,,,,0.0,,,,,,,,,,,,,0.0,,,,,,,0.0,,,,,,,,,,,0.0,,,,,0.0,0.0,,,,,,,0.0,,,,,,,,,0.0,0.0,0.0,,,,,,,,0.008,141,1.0,0.0
142,142,142,,,,,,,,,,,,,0.0,0.0,,,,,,,,0.0,,,,,0.0,0.0,,,,,,,0.0,,,,,,,,,,,0.0,,,,0.0,,,,,,,,,,,,,,,,,,,,0.0,,,,,,0.023,142,1.0,0.0
143,143,143,,0.0,,,,,,,,,,,,,,,,0.0,,,,0.0,,,,0.0,,,,0.0,,,,0.0,0.0,,,,,,,,,,,,,0.0,,1.0,,,,,,,,,0.0,,,,,,,,,,,,,0.0,,,,0.008,143,1.824675324675325,0.5011402523360257
144,144,144,,,,0.0,,,0.0,,,,,,,,,,,,,,,,,,,,,,,,,,,,0.0,,,0.0,0.0,,,,,,,,0.0,,,,,,,,,,0.0,,,,0.0,,,0.0,,,,,,,,,,,0.0,0.039,144,1.0,0.0
145,145,145,,,,,,,,,0.0,,,,,,,,,,0.0,,,,,,,,0.0,,,0.0,,,0.0,0.0,,,,0.0,,,0.0,,,,,,,,,,,,,0.0,,,,,,,,,,,,,,,,0.0,,,,,,0.014,145,1.0,0.0
146,146,146,,0.0,,,0.0,,,,,0.0,,,0.0,0.0,,,,,,,,,,,,,0.0,0.0,0.0,,,,,,,,,,,0.0,,,,,,,,,,,,,,,,,,,,,,,,,,,,,,,,,,0.0,,0.023,146,1.0,0.0
147,147,147,,,,,,,,,,,,0.0,,,,,,0.0,,,,,,0.0,,0.0,,,,0.0,0.0,,,,,,,,,,,,,,,,,,,,0.0,,,,,,,,,,,,,,,,,,,,,,,0.0,0.0,0.005,147,1.0,0.0
148,148,148,,,,,,,,,,,,,,,,,,,,0.0,,,,,,,,,,,,,,0.0,0.0,,0.0,,0.0,,,,,,,,,,,,,0.0,,,,,,0.0,,,,,,,,,,,,0.0,0.0,,,0.0,,0.023,148,1.0,0.0
149,149,149,,0.0,,,,,,,,,,,,,0.0,,,,,,,,,0.0,,,,,0.0,,,,,,,,0.0,,,,0.0,,,0.0,,,,,,0.0,,,,,,,,,,,,,,,,0.0,,,,0.0,,,,,,0.008,149,1.0,0.0
150,150,150,,,,,,,,,,,,,,,0.0,,,,,,,,,0.0,,0.0,,0.0,0.0,0.0,,,,,,,,,,,,,,,,,,,,0.0,0.0,,,,,,,,0.0,,,,,,,,,,,,,,,,,0.039,150,1.0,0.0
151,151,151,,,,,,,,,,,,,,,,,,,,,,,,,0.0,,,,,,,0.0,0.0,,0.0,,,,,,,,,,0.0,,,,,,0.0,,,,,,,,,,,,,,,,,,,0.0,,0.0,,,0.0,0.005,151,1.0,0.0
152,152,152,0.0,,,,,,,,,,,0.0,,,,,,,,,,,,,0.0,0.0,,,,,,,,,,,,,,,,,,,,,,,,0.0,,,,,,,,,,0.0,0.0,,,,,,,,,,0.0,0.0,,,,0.039,152,1.0,0.0
153,153,153,0.0,,,,,,0.0,0.0,,,,,,,,,,,,,,,,,,,,,0.0,,,,,,,0.0,,,,,,,,,,,,,,,,,,,,,,,,,,0.0,,,,,,,,,0.0,0.0,0.0,,0.0,0.039,153,1.0,0.0
154,154,154,,,,,,,,,,,,,,,,,,,,0.0,,0.0,0.0,,0.0,,,,,,,,,,,,,,,,,,,0.0,,,,0.0,,,0.0,,,,,,,,,,,0.0,,,,,,,,0.0,,,,0.0,,0.008,154,1.0,0.0
155,155,155,,,,0.0,,,,,,0.0,,,,,,,,,,,,,,0.0,,,,,,,,,,,,,,,,,,,,,0.0,,,,,,,,0.0,,,,,,0.0,,,,,,,0.0,,,,0.0,,,,0.0,,0.039,155,1.0,0.0
156,156,156,,,0.0,,,,,,,,0.0,,,,,,,,,,,,,0.0,,,,,,,,,,,0.0,,,,,,,,,0.0,0.0,,,,,,1.0,,,,,0.0,,,,,,,,0.0,,,,,,0.0,,,,,,0.039,156,1.8482490272373544,0.3502847220520294
157,157,157,,,,,,,,,,,,0.0,,,,,,,0.0,,0.0,,,,,,,,,,,0.0,,0.0,,,,,,,0.0,,,,,,,,,0.0,,0.0,,,,,,,,,,,,,0.0,,0.0,,,,,,,,,0.005,157,1.0,0.0
158,158,158,,,,,,,,,,,,,,,0.0,,,,0.0,,,,,,,,,,,0.0,,,,,,,,0.0,,,,0.0,,,,0.0,,,,,,,0.0,,,,,,,,,,,,,,,,,0.0,,,0.0,,,0.005,158,1.0,0.0
159,159,159,,,0.0,,,,,,,0.0,,0.0,0.0,,,,,,0.0,,0.0,,,,,,,,,,,,,,,,,,,,0.0,,,,,,,,,,,,,,,,,,0.0,,,,,,,,,0.0,,,,,,,,0.023,159,1.0,0.0
160,160,160,,0.0,,,,,,,,,,,,,,0.0,,0.0,,,,,,,,0.0,0.0,,,,,,,,0.0,,,,,,0.0,,,,,,,0.0,,,,,,,,,,,,0.0,,,,,,,,,,,,,0.0,,,0.005,160,1.0,0.0
161,161,161,,,,,,,,,,,0.0,0.0,,,,,0.0,,,,,,,,,,,,,0.0,,0.0,,,,,0.0,,,,,,,0.0,,,,,,,,0.0,,,,,,,,,,,,,,0.0,,0.0,,,,,,,,0.023,161,1.0,0.0
162,162,162,,,,,,,0.0,,,,,,,,,,,,,0.0,,,,0.0,,,,,,,,,,,,,,,,,,,,,,0.0,,,,,,,,,,,,,,0.0,,0.0,0.0,0.0,,,0.0,,,,,,,1.0,,0.023,162,1.9673469387755105,-0.5222329678670935
163,163,163,,,0.0,,,0.0,,,,,,,,,0.0,,,,,,,,,,,,,,,,,,,,,0.0,0.0,,,0.0,,,,,,,,,,,,0.0,,,,,,,,,,,,,,,,,,0.0,,0.0,,,0.0,0.008,163,1.0,0.0
164,164,164,,,0.0,,,,,,,,,0.0,,,,,,,0.0,,,,,,0.0,,,0.0,,,,0.0,,,,,,,,,,,,,,,,,,,,0.0,0.0,,,,,,,,,,,,,,,0.0,,,,,,0.0,,0.005,164,1.0,0.0
165,165,165,,,,,,0.0,,,,,,,,,,,,0.0,,,,,,,,0.0,,,,0.0,,,,,0.0,,,,,,,,,,,,,,,,,,,,,,,0.0,0.0,,,,,,0.0,,0.0,,,,,,,,,0.005,165,1.0,0.0
166,166,166,0.0,,,,,0.0,,,,,0.0,0.0,,,,,,,,,,,,,,,,,,,,,,0.0,,,,,,,,,0.0,,,,,,,,,,,,,,0.0,0.0,,,,,,0.0,,,,,0.0,,,,,,,0.008,166,1.0,0.0
167,167,167,,,,0.0,0.0,,,,,,0.0,,,,,,,,,,,,,,,,,,,,,,,,,,,0.0,,,,,,,,,,,,,0.0,,,,,,0.0,,,0.0,,,,,,0.0,,0.0,,,,0.0,,,,0.008,167,1.0,0.0
168,168,168,,,,,,0.0,,,,,,,,,,0.0,,,,,,,,,,,0.0,,,0.0,,,,,,,,,,,,,,,,0.0,,,0.0,,,,,,,0.0,,0.0,,,,,,,,,,,,,,0.0,,,,0.008,168,1.0,0.0
169,169,169,,,,0.0,,,,,,,,,,,,,0.0,,,2.0,,,,,,,1.0,,,,,,,0.0,,0.0,,,2.0,,,,,,0.0,,,,,0.0,,,,0.0,,,,,0.0,,,,,,,,,,0.0,,,,,0.0,,0.023,169,2.4714285714285715,0.2633311505058227
170,170,170,,,,,,,,0.0,,,0.0,,0.0,,,,,,,,,,,,0.0,,0.0,,0.0,,,,,,,,0.0,,,0.0,,,,,0.0,,,,,,,,,,,,,,,,,,,,,,,,,,,,,,,0.014,170,1.0,0.0
171,171,171,,,,,,,,,,0.0,0.0,,0.0,,,,,,,,,,0.0,,,,,,,0.0,,,,,0.0,,,,,,,,,,,,,,0.0,,,,,,,,,,,,,0.0,,,,0.0,,,,,,,,,,0.005,171,1.0,0.0
172,172,172,,,,,,,,,,,,,,,,,,,,,,,,,,,0.0,,,,,0.0,,0.0,,,,,0.0,,,0.0,0.0,,,,,,,,0.0,,,,,,,,,0.0,,,,,,,0.0,,,,,,,,,0.014,172,1.0,0.0
173,173,173,,,,,,,,,,,,,,0.0,,,,0.0,0.0,0.0,,,,,,,,,0.0,,,,,,0.0,,,0.0,,,,,,,,,,1.0,,,,0.0,,,1.0,,,0.0,,,,,,,,0.0,,,,,,,,,,0.039,173,1.7462686567164178,0.3244428422615251
174,174,174,,,,,,,,,0.0,,,,,,,,,,,,,,,0.0,,,,,0.0,,,,,,,,,0.0,,,,,0.0,,,0.0,,,0.0,,,,,,,,0.0,,,,,,,,,,,,0.0,,,,,,0.0,0.039,174,1.0,0.0
175,175,175,,0.0,,,,0.0,,0.0,,,,,,,,,,,0.0,0.0,0.0,,,,,,,,0.0,,,,,,,,,,,,0.0,,,,,,,,,,,,,,,,,,,,,,,,,,,0.0,,0.0,,,,,,0.039,175,1.0,0.0
176,176,176,,,,,,,,,,,,0.0,,,,0.0,,,,,,,,,0.0,,,,,,,,,,,,0.0,,,,,,,,,,,,,,,,,,,,,,,,,0.0,,,0.0,,,,0.0,,,,,,,0.005,176,1.0,0.0
177,177,177,,,,,,,,,0.0,,,,,,,,,,,,,0.0,,,,,0.0,,,0.0,,,,,,,0.0,,,0.0,,0.0,,,,,,,,0.0,,,,,,,,,,,,,,0.0,,,,,,,,,,0.0,,0.008,177,1.0,0.0
178,178,178,,,0.0,0.0,,1.0,,,,0.0,,,,,0.0,0.0,,,,0.0,,,,,,,2.0,0.0,,,,,,,,,,,,,,,,,,,0.0,3.0,,,,,,,0.0,,,,,,,,,,,,,,,,,,,,,0.023,178,3.391304347826087,0.1888298476206874
179,179,179,,,,0.0,,,,,,,0.0,,0.0,,,,,,,,,,,0.0,,0.0,,,,,,,,,0.0,,0.0,,0.0,,,,,,,,,,,,,,,,,,,,,,0.0,,,,,,,,,,,,,,0.0,0.008,179,1.0,0.0
180,180,180,,,,0.0,,0.0,,,,,,0.0,,,,,,,,,,,0.0,0.0,,,,,,0.0,,,,,,,,,0.0,,,,,,,,,,,0.0,,,,,,,,,,,,,,,,,,,,,0.0,,,,,0.008,180,1.0,0.0
181,181,181,,0.0,,,,,,0.0,,,,0.0,,,,,,,,,,,,,,,,,,,,,,,0.0,,,,,,,,,,,,,0.0,,,1.0,,,,,0.0,,0.0,0.0,,,,,,,,,,,,0.0,,,,,0.008,181,1.8560885608856088,0.1740776559556978
182,182,182,,,0.0,,,,,,,,,,,,,,,,,,,,,0.0,0.0,,,,,,,,,0.0,0.0,,,,,,,,,,,,,,,,,,,,,,,,,,,0.0,0.0,0.0,,,,,,,,0.0,0.0,,,0.008,182,1.0,0.0
183,183,183,,0.0,,,,0.0,,,,,,,0.0,,,,,,,,,,,0.0,,,,,,,,0.0,,,,0.0,,0.0,,,,,,,0.0,,,,,,0.0,,,,,,,,,,,,,0.0,,,,,,,,,,,,0.039,183,1.0,0.0
184,184,184,,,,,0.0,,,,,0.0,,,,,,,0.0,,,,,,,0.0,0.0,,,,,,,,,,1.0,0.0,,,,,,0.0,,,,,0.0,,,,,,0.0,,,0.0,,,,,,,1.0,,,,,,,,,,,,1.0,0.039,184,1.7548209366391183,0.0
185,185,185,0.0,0.0,,,0.0,,,,,,,,,,,,,,0.0,,,0.0,,,,,,,,,,,,,,,,,,,,,,,,,,,0.0,,,0.0,,,,,,,,,,,0.0,,,0.0,,,,,0.0,,,,,0.005,185,1.0,0.0
186,186,186,0.0,,,,,0.0,,0.0,,0.0,,,,0.0,,,,,,,,,,,,,,,,,0.0,,,,,,,,,0.0,,,,,,0.0,,,,,,,,,,,,,,,,,,,,,,,,,,,,,,0.039,186,1.0,0.0
187,187,187,,,0.0,,,,,,,,0.0,,,,,,0.0,,,,,,,,,0.0,,,,,0.0,0.0,,,,,,,,,,,,,,,,,,,,,,,,,,,,0.0,,,,,0.0,,,,,,,,,,,0.023,187,1.0,0.0
188,188,188,0.0,,0.0,,,,,0.0,,,,,,,,,0.0,,0.0,,,,,,,,,,0.0,,,,,,,,,,,,,,,,,,,,,,,,,,,0.0,0.0,,0.0,,,,,,,0.0,,,,,,,,,,0.014,188,1.0,0.0
189,189,189,,,,,,,,,,,,,,,,,,,,0.0,,,,,,0.0,,,0.0,,,,,,,0.0,,,,,,,,,,,,,,,,,,0.0,,,,,0.0,,,,,0.0,0.0,,,,,,,,,,0.0,0.005,189,1.0,0.0
190,190,190,,,,0.0,,,0.0,,,0.0,,,0.0,,,,,,,,0.0,0.0,,,,,,,,,,,,,,,,0.0,,,,,,0.0,,,,,,,,,,,,,,0.0,,,,,,,,,,,,,,0.0,,,,0.039,190,1.0,0.0
191,191,191,,0.0,,0.0,,,,,,,,,,,0.0,,,,,,,,,,0.0,,,,,,,,,,,,,,,,,,,,,,,,,0.0,,0.0,0.0,,,,,,,,,,,,,,,,0.0,0.0,0.0,,,,,0.008,191,1.0,0.0
192,192,192,,,,,,,,,,,,,,,,,,,,,0.0,,,,0.0,,,,,,,,,0.0,,,,,,,0.0,,,,,,,,,0.0,,,,,0.0,,,0.0,,,,,0.0,,,,,,,,,0.0,0.0,,,0.014,192,1.0,0.0
193,193,193,,,0.0,,,,,,,,,,,,,,0.0,,,,,,0.0,0.0,,0.0,,,,,,,,,,,,,,,0.0,,0.0,,,,,,,,,,,,,,,,,,,,,,,,,,,,,,0.0,0.0,,0.008,193,1.0,0.0
194,194,194,,,,,,0.0,,,,,,,,,,,,,0.0,,,,0.0,,,,,,,,,0.0,,,,,,,,,,,,0.0,,,,,,,,,,,,,,0.0,0.0,,0.0,,,,,,,,,,0.0,,0.0,,,0.008,194,1.0,0.0
195,195,195,,,,,,,,,,,,,,,,,,,0.0,,,0.0,,,,0.0,,0.0,,,,,,,,0.0,,,,,,,,,,,,,0.0,,,,,,,,,,,,,0.0,,,,,,,,,,,,0.0,,0.008,195,1.0,0.0
196,196,196,0.0,,,,,,,,,,,,,,,0.0,,,0.0,,,,,,,,,,0.0,,,,0.0,,,,,,,0.0,,,,,,,,,,,,,,,,,,,,0.0,,,0.0,,,,0.0,,,,,,0.0,,,0.039,196,1.0,0.0
197,197,197,,,,,,,,,,0.0,,,,,,,,0.0,,,,,,,0.0,,,,,,,,,,,,0.0,,0.0,,,,,,,,,,,,,,,,,,0.0,,,,0.0,,,,,,,0.0,,,,,0.0,,,0.008,197,1.0,0.0
198,198,198,,,,,,,0.0,,,,,,,,,,,,,,,,,,,,,,,,,,,,,,,,,,,,,,0.0,,,,,,0.0,,,,,0.0,0.0,,0.0,,,,,,,,,,,,,0.0,,,0.0,0.008,198,1.0,0.0
199,199,199,,,,,,,,,,,,0.0,,0.0,,,,,0.0,,,,,,,,,,,,,,0.0,,,,0.0,,,,,,,,,,,,,,,,,,,,,,0.0,,,,0.0,,,,0.0,,,,,0.0,0.0,,,0.039,199,1.0,0.0
0,0,0,,,,,,,,,,0.0,,,0.0,,,,,,,,,0.0,,,,,,,,,,,,,,,0.0,,,,,,,,0.0,,,0.0,,,,,,,,,,,,,,,,,0.0,,,0.0,,,0.0,,,,,0.039,0,1.0,0.0
1,1,1,,0.0,,,,0.0,0.0,,,0.0,,,0.0,,,,0.0,,,,,,,,,,,,,,,,,,,,,0.0,,,,,,,,,,,,,,,,,,,,,,,,,,,0.0,,,,,,,0.0,0.0,,,0.023,1,1.0,0.0
2,2,2,,,,,,,,0.0,,,,,,,,0.0,,,,,,,0.0,,,,,,,,,,,,0.0,,,,,,0.0,,,0.0,,,,0.0,,0.0,,,,,,,,,,,,,,0.0,,,,,,,,,0.0,,,0.005,2,1.0,0.0
3,3,3,0.0,,,0.0,,,,,,,0.0,,,,,,,,,0.0,,0.0,,,0.0,,,,,,,,,,,,,,,,,0.0,,,,,,,,,1.0,,,,,,0.0,,,,,,,,,,,,,,,,0.0,,0.0,0.014,3,1.8818181818181816,0.2004561009344102
4,4,4,,0.0,,,,,,,,0.0,,,,,,,,,,,,,,,,,,,,,,,,,,,,,,,,,,,,,0.0,,,,0.0,,,,,0.0,,,0.0,,,,,,,,,,,0.0,,,0.0,,,0.014,4,1.0,0.0
5,5,5,,,,,,,,0.0,0.0,,,,,,,0.0,0.0,,,,,,,,,,,0.0,,,0.0,,,,,,,,,,,,,,,,,,,,,,,0.0,,,,,,,,0.0,0.0,,,,,,,,,,,0.0,,0.023,5,1.0,0.0
6,6,6,,0.0,,,,,,,,,0.0,,,,,,,,,,,,,,,0.0,0.0,,,,,,,0.0,,,,,,,,,,,,,,,,,,,,,,,,0.0,,,,,0.0,,,,,,0.0,,,,,0.0,,0.014,6,1.0,0.0
7,7,7,,,,,,,,,,,,,,,0.0,,,,,,,,,0.0,,0.0,,,,,,,,,,,,,,,,,0.0,,,,,0.0,,,,,,,,,,0.0,,,,,,,,,,0.0,0.0,,,,0.0,,,0.039,7,1.0,0.0
8,8,8,,,,,,0.0,,,0.0,,,,,0.0,,,,,,,,,,,,,,0.0,,,,2.0,,,,,,,,1.0,,,,,,,,,0.0,0.0,,,,,,,,,,,0.0,,,0.0,,,,0.0,,,,,,,0.0,0.023,8,2.622516556291391,0.4407965133736797
9,9,9,0.0,,,,,,,,,,,,,,,1.0,,,,,,,0.0,,,,,,,,,,,0.0,,,,,,,0.0,,,,,,,,,,,,0.0,,0.0,,0.0,,,0.0,,,,,,0.0,,,,,,,,,,0.039,9,1.9239543726235744,-0.2910126232373242
10,10,10,0.0,,,,,,,,0.0,0.0,,,,,,0.0,,,,,,,,,,,,,0.0,0.0,,,,,,,0.0,,,,0.0,,,,,,,,,,,,,,,,,,,,,,,,0.0,,,,,,,,,0.0,,0.008,10,1.0,0.0
11,11,11,,,,,,,,,,,,,,0.0,,,,,,,,,,,0.0,0.0,,,,,,,0.0,0.0,,,,,,,,,,,,0.0,,,0.0,,,,,,,0.0,,,,,,,,0.0,,,,,,,,0.0,,,,0.008,11,1.0,0.0
12,12,12,,,0.0,0.0,,0.0,0.0,,,,,,,,,,,,,,,,0.0,,,,,0.0,,,,,,,,,,,,,,,,,,,,,0.0,0.0,,,0.0,,,,,,,,,,,,,,,0.0,,,,,,,,0.023,12,1.0,0.0
13,13,13,,,,,,,,,,,,,,,,,0.0,,,,,,,,,0.0,0.0,,,,,,,,,,,,,,,,,,,,0.0,,0.0,,,,,,0.0,,,,0.0,,,,,,,,0.0,,,,,,,,0.0,0.014,13,1.0,0.0
14,14,14,,,,,0.0,,,,,,0.0,,0.0,,,,,,,,,,0.0,,,0.0,0.0,,0.0,,,,0.0,,,,,,,,,,,,,,,1.0,,,,,,,,,,,,,,0.0,,,,,,,,,,0.0,,,,0.023,14,1.8641618497109824,0.2004561009344102
15,15,15,0.0,,,,,0.0,,,,,,,0.0,,,,,0.0,,,,,,,,,,0.0,0.0,,,0.0,,,,,,,,,,,,,,,,0.0,,,,,,,,,,,,,,,,,,,,,,,,0.0,0.0,,,0.005,15,1.0,0.0
16,16,16,,,,,0.0,,,,,,,,,,,,0.0,,,,,,,,,,,,,,0.0,0.0,,,,,,,,,,0.0,,,,,,,,,,,,,,,,,0.0,,,,,,,0.0,,,0.0,0.0,,,,,,0.008,16,1.0,0.0
17,17,17,,,,,,,0.0,,,,,,,,,0.0,,,,,,,0.0,,,,,,,,,0.0,,,,,,,,0.0,,,,,0.0,0.0,,,,,,,,,,,,0.0,,,,,,,,,,,0.0,,,,,,,0.008,17,1.0,0.0
18,18,18,,,,,,,,,0.0,,,,,,,,,0.0,,0.0,,,,,0.0,,,,,,,,,,,,,,,,,,0.0,,,,0.0,,,0.0,,,,,,,,,,,,,0.0,,,,0.0,,,0.0,,,,,,0.014,18,1.0,0.0
19,19,19,,,,,,0.0,,,,,,,,,,,,,,0.0,,,0.0,,,,,,,,,0.0,,,0.0,,,,,,0.0,,,,,,,,,,,,0.0,,,,0.0,,,,,,,,,,0.0,,,,,,,,0.0,0.014,19,1.0,0.0
20,20,20,,,,,,,,,,0.0,,,,,,0.0,0.0,,,,0.0,,0.0,,,,0.0,,0.0,,,,,,0.0,,,,,,0.0,,,,,,,,,,,,,,,,,,,,,,,,,,,,,,,0.0,,,,0.023,20,1.0,0.0
21,21,21,,,,,0.0,,,,,,,,,,,,,,,,,,,,,,,,,,,,,,,0.0,,,,,,,,,0.0,,,,0.0,,,,,,,,0.0,,,,0.0,,,0.0,,,,,,,,,0.0,0.0,0.0,0.008,21,1.0,0.0
22,22,22,,,,,0.0,,,,0.0,,,,1.0,,0.0,,,,0.0,,,,,,,,,,,,,,,,0.0,,,,,0.0,,0.0,,,0.0,0.0,,,,,,,,,,,,,,,,,,,0.0,,,,,,,,,,,0.039,22,1.8522427440633245,0.5011402523360257
23,23,23,,,,,,,0.0,,,,,,0.0,,,,,,,,,,,,,0.0,,,,,,0.0,,,,,,,,0.0,0.0,,,,,0.0,,,,,,0.0,,,0.0,,,,,,,,,,,,,,,,,,,0.0,,0.023,23,1.0,0.0
24,24,24,,0.0,,0.0,0.0,,,,,,,0.0,,,,0.0,,0.0,,,,,,,,,,,,,,,,,0.0,,,,,,,,,,,,,,,,,,,,,,,,,,,,,,0.0,,,,,,,,,0.0,,0.014,24,1.0,0.0
25,25,25,,,,,0.0,,,,0.0,,,,,,,0.0,,,,,,,,0.0,,,,,0.0,,,,,,,,,,,,,,,,0.0,,,,,,0.0,,,,,,,,,,,0.0,0.0,,,,,,,,,,,,,0.039,25,1.0,0.0
26,26,26,,,,,,,0.0,,,,,,,,,,,0.0,,,,,,,,,,,,,,,0.0,,,,,,,,,,,,,0.0,,,0.0,,,,,0.0,,0.0,,,,,,,0.0,,,0.0,,,0.0,,,,,,,0.005,26,1.0,0.0
27,27,27,,,0.0,,,,,,,,,,,0.0,,,,,,0.0,,,,,0.0,0.0,,,,,,0.0,,,,,,0.0,,,,,,,,,,,,,,,,,,,0.0,,,,,,,,,,,,,,,,0.0,,,0.023,27,1.0,0.0
28,28,28,,0.0,,0.0,,0.0,,,,,,,0.0,,,,,,,,,,0.0,0.0,,,,,,,,,0.0,,,,,,,,,,,,,,,,,,,0.0,,,,,,,,,,,,,0.0,,,,,,,,,,,0.008,28,1.0,0.0
29,29,29,,,0.0,,,,,,,,,,,,,,,,,,0.0,,,0.0,0.0,,,0.0,,,,,,,0.0,,0.0,,,,0.0,,,,,,,,,,,,,,,,,,,,,,,,0.0,,,,,0.0,,,,,,0.023,29,1.0,0.0
30,30,30,,,0.0,,,,,,,,,,0.0,2.0,,,,0.0,,,,,,0.0,,,1.0,,,,,,,,,,,0.0,,,,,,,,0.0,0.0,,,,,,,0.0,,,,,,,,,,,,,,,,,,,,,,0.039,30,2.7871720116618075,-0.1566520899975914
31,31,31,,,,,,,0.0,,,,,,,,,,0.0,,0.0,,,,,0.0,,0.0,,,0.0,,,,,,,,,,,,,,0.0,,,,0.0,,,,,,,,,,,,0.0,,,,,,,,,,,,,,,,,0.014,31,1.0,0.0
32,32,32,,,,0.0,0.0,0.0,,,,0.0,,0.0,,,,,,,,0.0,,,,,,,,,,,,,,,,,,,,,,,,0.0,,,,,,,,,,,0.0,,,,,,,,0.0,,,,,,,,,0.0,,,,0.023,32,1.0,0.0
33,33,33,,,,,,,,0.0,,,,,,,0.0,,,,0.0,,0.0,,,,,,,,,,,,,,,,,,,,,,0.0,,,,,,,,,,,,,,,0.0,,,,0.0,,,,,0.0,0.0,,,,,,0.0,,0.039,33,1.0,0.0
34,34,34,,,,,,,,,,,,0.0,,,,,,,0.0,,0.0,,,,,,,,,0.0,,,,0.0,,0.0,,,,,,,,,,,,,,,,,,,,,,,,,,,,,,,,,0.0,0.0,,,,,,0.008,34,1.0,0.0
35,35,35,,,,,,,,,,,,0.0,,,,0.0,,,,,,,,,,,,,,,,,,0.0,,,,,,,,,,,,,,,,,,,,,,0.0,0.0,,,,,,,0.0,0.0,,,,,,,,0.0,0.0,,0.008,35,1.0,0.0
36,36,36,,,,,,0.0,0.0,,,0.0,,,,,,,,,,,,,,,,,,,,,0.0,,,0.0,,,,0.0,,,0.0,,,,0.0,,,,,,,,,,,0.0,,,,,,,,,0.0,,,,,,,,,,,0.014,36,1.0,0.0
37,37,37,,,,0.0,,,,,0.0,,,,,,,0.0,,,,,,,0.0,,,,,,,,,,,,,0.0,,,,,,,0.0,,,,,,,,,,,0.0,,,,,,,,,0.0,0.0,,,,0.0,,,,,,,,0.023,37,1.0,0.0
38,38,38,,,0.0,,0.0,,,,,,,,,0.0,,,,,,,,,,0.0,,,,,,,,,,0.0,,,,,,,,,,,,,,,,,,,,0.0,,,,,,,0.0,,,,,0.0,,,,,,0.0,,,0.0,0.008,38,1.0,0.0
39,39,39,,,,,0.0,,,,,0.0,,,,0.0,,,,,,,0.0,,,,,,,,,,,0.0,,,,,,,,,,0.0,,,,,,,0.0,,,,,,,,,,,0.0,,,,,0.0,,,,,,0.0,,,,,0.008,39,1.0,0.0
40,40,40,,,,,,,,0.0,,,,,0.0,,,,,,,0.0,,,,,,,,,,,,0.0,,,,,,0.0,,,,,,,,,,,,,0.0,,,,,,0.0,,,,,,,,,0.0,,,,,0.0,0.0,,,,0.023,40,1.0,0.0
41,41,41,,,,0.0,,,,,,,,,0.0,,,,,,,,,,,0.0,,,0.0,,,,,,,,,0.0,,,,,,,,,,,,,,1.0,0.0,,,,,,0.0,,,,,,,,0.0,0.0,,,,,,,,,,0.005,41,1.854054054054054,0.1756820922315766
42,42,42,,,0.0,,1.0,,,,,,,,,,0.0,,,,,,0.0,0.0,,0.0,,,,,,,,,,,,,,,,,,,,,,,,,,,,0.0,,,,,,,,,0.0,,,,,,,,,,,0.0,,,0.0,0.023,42,1.8156996587030716,0.5238227218271836
43,43,43,,,,,,,,,,,,,,,,,0.0,0.0,,,,0.0,,,,,,,,,,,,,,,,,,,,,,,,,,,,0.0,,0.0,,,,,,,0.0,0.0,,,,,0.0,,0.0,,0.0,,,,,,,0.039,43,1.0,0.0
44,44,44,,,,0.0,,,,,,,,,,,,,,,,,0.0,,0.0,0.0,,,,,,,,,,,,0.0,,,,,,,,,,0.0,,,,,,,,,,0.0,,,,0.0,,,,,,,,0.0,,,,,,,,0.039,44,1.0,0.0
45,45,45,,,,0.0,,,,,,,,,,,0.0,0.0,,,,,,,,,,,,,,,0.0,,0.0,,,0.0,,,,,,,,,,,,,,,,,,0.0,,,,,,,,0.0,,,,0.0,,,0.0,,,,,,,0.023,45,1.0,0.0
46,46,46,,,0.0,,,,,,,,,,,,,,,,0.0,0.0,,,,,,,,0.0,,,,,,,,,,,,,0.0,,,,,,,,,,,,,,,,,,0.0,,0.0,0.0,,,,,,,,0.0,,,0.0,,,0.005,46,1.0,0.0
47,47,47,,,,,,,0.0,0.0,0.0,,,,,,,,,,,,,,,0.0,,,,,,,,,,,,,,,,,,,,,,,,,,,,0.0,,,,,,,,0.0,,,,,,,,,,,,0.0,0.0,,,0.005,47,1.0,0.0
48,48,48,0.0,,,,,,0.0,,,,,,,,,,,,,,,,,,,,,,,0.0,,,,,0.0,,,,,,,,,,,,,,0.0,,,0.0,,,,,,,,,,,,,0.0,,,,0.0,,0.0,,,,,0.005,48,1.0,0.0
49,49,49,,,,,,0.0,,,,,,,0.0,,,,,,0.0,,,,,,,,,,,,,,,,,,0.0,,,,0.0,,0.0,,,0.0,,,,0.0,,,,,0.0,,,,,,,,,,,,,,,0.0,,,,,,0.014,49,1.0,0.0
50,50,50,,,0.0,,0.0,0.0,,,,,,0.0,,,,,,,,,,,0.0,,,,,,,,,,,0.0,,,,,,,,,,,,,,,0.0,,,,,,,,,,,,,,,,,,,,,,0.0,0.0,,,,0.005,50,1.0,0.0
51,51,51,,,,,,,,,,,,,,,,,0.0,,,,,0.0,,,,,,,0.0,,,,,,,,,0.0,,,,,,,,,,,,,,,0.0,,,,,0.0,,,0.0,,,,,,,,,0.0,,,,0.0,,0.008,51,1.0,0.0
52,52,52,,,,,,,,,,,,0.0,,0.0,,,,,,,,,,0.0,,,,,0.0,,,,0.0,0.0,,0.0,,,,,,,,,,,,,,,,,,,,,,,,,,,,,,,,,,0.0,,,,,,0.039,52,1.0,0.0
53,53,53,,,,,,,,,,0.0,,,0.0,,,,,,,,,,0.0,,,0.0,,,,0.0,,,,,,,,0.0,,,,,,,,,,,0.0,,,,,,,,,,0.0,,,0.0,,0.0,,,,,,,,,,,,0.008,53,1.0,0.0
54,54,54,,,0.0,,,,0.0,0.0,,0.0,,,,,,0.0,,0.0,,,,,,0.0,,,,,,,,,,,,,,,,,,,,,,,,,,,1.0,,,,,,0.0,,,,,,,,0.0,,,,,0.0,,,,,,0.014,54,1.8737864077669903,0.1506865024424836
55,55,55,,,,,,,,,,,,,,,,,,,,,,,,,,,0.0,,,0.0,,,,0.0,,0.0,,0.0,,0.0,,,,,,,,,,,,,,,0.0,0.0,,,,,,0.0,,,,,,,,,,,0.0,,,0.014,55,1.0,0.0
56,56,56,,,,,,,,,,,,,0.0,,0.0,0.0,,,,,,,0.0,,0.0,,,,,,,,,,0.0,,,,,,,,,,,,,,,,,,,,,0.0,,0.0,,,,,,,0.0,,0.0,,,,,,,,,0.039,56,1.0,0.0
57,57,57,,0.0,,,,0.0,,,,,,0.0,,,,,,,,,,,0.0,,,,,,,,,,,,,,,0.0,,,0.0,,,,,,,,0.0,,,,,,,,0.0,,0.0,,,,,,,,,,,,,,0.0,,,0.005,57,1.0,0.0
58,58,58,,,,,,,,,,,,,,,0.0,,,,,,,0.0,,0.0,,0.0,,,,,,,0.0,0.0,,0.0,,0.0,,,,,,,,,,,,,,,,,,,,,,,,,,,,,,,,,,,,,,0.023,58,1.0,0.0
59,59,59,0.0,,,,,,,,,,,,,,,,,,,,,,,0.0,,,,,,,,,,,,,,,,,,,,,0.0,0.0,,,0.0,0.0,,,,0.0,,,,0.0,,,,,,,0.0,,,0.0,,,,,,,,0.008,59,1.0,0.0
60,60,60,,,,,,,,,,,0.0,,,,,0.0,,0.0,,,,,,,,,,,,,,,,0.0,0.0,,,,,,0.0,,,,0.0,,,,,,,,,,,,,,,,,,,,,0.0,,,,,0.0,,0.0,,,0.008,60,1.0,0.0
61,61,61,,,,,,,,,,,,,,,,,0.0,,0.0,,,,,,,,,,,,,,,,0.0,,,,,,,,0.0,,,0.0,,0.0,,,,0.0,,,,,,,,,,,,,,0.0,,,,0.0,,,,,,0.023,61,1.0,0.0
62,62,62,,,,,,,,,,0.0,,0.0,,,,,,0.0,0.0,,,,,,0.0,,,,,,0.0,,,,,,,0.0,,,,,,,,0.0,,,,,,,,0.0,,,,,0.0,,,,,,,,,,,,,,,,,0.014,62,1.0,0.0
63,63,63,0.0,,,,,,,,,,,0.0,,,0.0,,,0.0,,0.0,,,,,,,,,,,,,0.0,,,,,,,,,,,,0.0,,,,,,,,,,,,,,,,,0.0,,,,,,,,,0.0,,,,,0.039,63,1.0,0.0
64,64,64,,,,,,,,,0.0,,0.0,,,,,,0.0,,,,,,,,,,,,,,,0.0,,,0.0,,,,0.0,,,,,,,,,,0.0,,,0.0,,,0.0,,,,,,,,,,,,,,0.0,,,,,,,0.039,64,1.0,0.0
65,65,65,,0.0,,,,,0.0,,,0.0,0.0,,,,,,,,,,,,,,,,0.0,,,,,,,,,,,,,,0.0,,,,,,0.0,,,,,,,,,,0.0,,,,,,,0.0,,,,,,,,0.0,,,,0.005,65,1.0,0.0
66,66,66,,,,,,,,,,,,,,0.0,,,0.0,,,,0.0,0.0,,,,,,0.0,,,,,,,,,,,,0.0,,,,,,,,,,,,0.0,,,,,,,,,0.0,,,,,,,,,,,,,,0.0,0.039,66,1.0,0.0
67,67,67,,,,,,,,0.0,,0.0,,,,,,,,,,,,,0.0,,,,,,,,,,,,,0.0,,,,,,,,,,0.0,,,,,,,,0.0,,,,,,,,,,,,,,0.0,,0.0,,,,,0.0,0.023,67,1.0,0.0
68,68,68,,,,,,,,,,,,,0.0,,,,,,,0.0,,,,0.0,0.0,,,,0.0,,,,,,,,0.0,,,0.0,,,,,0.0,,,,,,,,,,,,,,,,,,,0.0,,,,,,,,,,,0.0,0.014,68,1.0,0.0
69,69,69,,,,,,,,,,0.0,,,0.0,,,,,,,,0.0,,0.0,,,,,,,,,,,,,,,,0.0,,,,,,,,,,,0.0,,,,,0.0,0.0,0.0,,,,,,,,,,,,,,,,,0.0,,0.023,69,1.0,0.0
70,70,70,0.0,0.0,,,,,,,,,,,,,,,0.0,,,,,,,0.0,0.0,,,,,,,,,,,,,,,,,,,,,,,,,,,,0.0,,,,,,,0.0,0.0,,,,,,,,,,,,0.0,,,0.014,70,1.0,0.0
71,71,71,,,,,,,,,,,,0.0,,,,,,,0.0,,,,,,,,,,,,0.0,,,0.0,,,,,0.0,,0.0,,,,,0.0,,,,,,0.0,,,,0.0,,,,,,,,,,,,,,,,,,,,0.023,71,1.0,0.0
72,72,72,,,,,,,,0.0,,,,,0.0,,,,,,,0.0,,0.0,,,,,0.0,,,0.0,,,,,,,,,,,,,,,,0.0,0.0,,,,,,,,,,,,,,,,,,,,,,,0.0,,,,,0.0,0.005,72,1.0,0.0
73,73,73,,,,,,,,,0.0,,0.0,,,,,,0.0,,0.0,,,,0.0,,,,,,,,,,,,,,,,0.0,,,,,,,,0.0,,,,,,,,,,,,,,,,,,,0.0,,0.0,,,,0.0,,,,0.014,73,1.0,0.0
74,74,74,,,,,0.0,,,,,0.0,,0.0,,,,,,,,,,,,,,,,,0.0,,0.0,0.0,,,,,,0.0,,,,,,,,,,,,,,,,,,,,,,,,,0.0,,,,,,,,,,,0.0,,0.023,74,1.0,0.0
75,75,75,,,,,,,,,0.0,,,,,,,,,,,0.0,,,,,,,0.0,,,,,,,,0.0,,,,,,,,,,,,,,,,,,,,,0.0,,,,,,0.0,,,0.0,,,,,,0.0,0.0,,,,0.005,75,1.0,0.0
76,76,76,0.0,0.0,,,,,,0.0,,,,,,,,0.0,,,,,,,,,,,0.0,,,,,,,0.0,,,,,,,0.0,,0.0,,,,,,,,,,,,,,,,,,,,,,,,,,,,,,0.0,,,0.008,76,1.0,0.0
77,77,77,,,,,,,,,,,,,,,,,,,,0.0,,,,,0.0,,,,,,,0.0,0.0,,,,,0.0,,0.0,,,,,0.0,,,,,,,,,,0.0,,,0.0,,0.0,,,,,,,,,,,,,,,,0.039,77,1.0,0.0
78,78,78,,,,0.0,,,,,,,,,0.0,,,,,,,,0.0,,,0.0,,,,,,0.0,,,,,,,,,,,0.0,,,0.0,,,,,,,,,,,0.0,,0.0,,,,,,,,,,,,,0.0,,,,,,0.005,78,1.0,0.0
79,79,79,,0.0,,,,,,,,,,,,0.0,,,,,,,0.0,,,0.0,,,,,,,,,,,,,,,,,,,,,,,,,,,0.0,,,,,,,,,,,0.0,,0.0,,,,0.0,,,,,,0.0,0.0,0.014,79,1.0,0.0
80,80,80,,,,0.0,,0.0,,,,,0.0,,,,,0.0,,,,,,,,0.0,,,,,,,,,,,,,,,0.0,,,,,,,,,0.0,,,0.0,,,,,,,,,,0.0,,,,0.0,,,,,,,,,,,0.039,80,1.0,0.0
81,81,81,,,,0.0,,,,,,,,,,,,,,,,,,,,,,,,,,,,,,0.0,,,,,,,,,0.0,,,,0.0,,,0.0,,,,,,,0.0,,,,,,,,,0.0,,0.0,,,,,,,,0.023,81,1.0,0.0
82,82,82,,,,0.0,,,,,,,,,,,,,,,,,,,,,,0.0,,0.0,,0.0,,0.0,,,,,,,,,,,0.0,0.0,,,,,,,,,,,,,,,,,,,,,,,0.0,0.0,,,,,,,,0.023,82,1.0,0.0
83,83,83,0.0,,,0.0,0.0,,,,0.0,,,,,,,,,,,,,,,0.0,,,,,,,,,,,,,0.0,,,0.0,0.0,,,,,,,,,,,,,,,,,,,,0.0,,,,,,,,,,,,,,,0.014,83,1.0,0.0
84,84,84,,,,,,,,,,,,,,,,,,,,,,,,,,,,,,,,0.0,,0.0,,,,,,,,,0.0,,,,,,,,,,,,,,0.0,0.0,,,,,,,0.0,,,,0.0,,,,0.0,,0.0,0.014,84,1.0,0.0
85,85,85,,,,,,,,,,,,,,0.0,,,,,,,,,,,0.0,,,,,,,,0.0,0.0,,,,0.0,,,,,,,,,,,,,,0.0,0.0,,,,,,0.0,,,,,,,,,,0.0,,,,,,,0.014,85,1.0,0.0
86,86,86,,,,,,,,,,0.0,,,,,,,,0.0,,,0.0,,,,,,,0.0,0.0,,0.0,,,,,,,,,,0.0,,,,0.0,0.0,,,,,,,,,,,,0.0,,,,,,,,,,,,,,,,,,0.039,86,1.0,0.0
87,87,87,,,,,,,0.0,,,0.0,,,,,,0.0,,,,,,,,,,,,,,,,,,,,,,,,,,,0.0,,,,,,,,,0.0,,,,,,,,0.0,0.0,0.0,,,,,,,,,,,0.0,,,0.023,87,1.0,0.0
88,88,88,,,,,0.0,,,0.0,,,,,,,,,,,,,0.0,,,,,,,,,,,,0.0,,0.0,,,,,,,,,,,,,,0.0,0.0,,,,,,,,,,,,,0.0,,,,,,,0.0,,0.0,,,,0.005,88,1.0,0.0
89,89,89,,,,,0.0,,,,0.0,,,,,,,,,,,0.0,,,0.0,,,,0.0,,,,0.0,,,0.0,,,,,,,,1.0,,0.0,,,,,,,,,,,,,,,0.0,0.0,,,,,,,,,,,,,,,,0.023,89,1.867816091954023,0.2004561009344102
90,90,90,,,,,,,,,,,,,,,,,,,0.0,,,,,,,,,,,0.0,,0.0,,,,,,0.0,,0.0,,,,,,,,,,,,0.0,,,,,,,0.0,,,,,,,,,0.0,0.0,,,,,,0.0,0.023,90,1.0,0.0
91,91,91,,,0.0,,,,,,,,,,,,0.0,,,0.0,,,,,,,,,,,0.0,0.0,,,,,,,0.0,,,,,,0.0,,,,0.0,,,,0.0,,,,,,,,,,,,,,,,,,,,,,,,,0.014,91,1.0,0.0
92,92,92,,,,,,,,,,,,0.0,,,,0.0,,,0.0,,,,,,,,,,0.0,,,,,,,,,,,,,,0.0,,,,,,,,,,,,,,,0.0,0.0,,,,,,,,,0.0,,,0.0,,,,,0.014,92,1.0,0.0
93,93,93,,,,,0.0,,,,,,,,,,,,,,,,,0.0,,,0.0,,,,,,,,,,,,,0.0,,,,,,,,,,,0.0,0.0,,0.0,0.0,,,,,,,,,,,,,,,,,,,,,,0.0,0.023,93,1.0,0.0
94,94,94,,,,,,,,,0.0,,,,,,,,0.0,,,0.0,,,0.0,,,,,,,,,,,,,,,,0.0,,,,,,,,,,,,0.0,,,,,,0.0,,,0.0,,,,,0.0,,,0.0,,,,,,,,0.023,94,1.0,0.0
95,95,95,,,0.0,,,0.0,,0.0,,,,,,,,,,,,0.0,0.0,,0.0,,,,,,,,,,,,,,0.0,,,,,0.0,,,,,,,,,,,,,,,,,,,,,0.0,,,,,,,,,,,,,0.008,95,1.0,0.0
96,96,96,,,0.0,0.0,,,0.0,,,,,,,,,,,,,,,,,,,,3.0,,,,,,,,,,,,0.0,,,,2.0,,,,,,,1.0,,,,,0.0,,,,,,2.0,0.0,0.0,,,,0.0,,,,,,,0.0,,0.039,96,3.0692307692307694,0.4980068111430982
97,97,97,,,,,0.0,,,,,,,,,,,,,,,,0.0,,,,,,,,0.0,0.0,,,,,,0.0,,,,,,,,,,,,,,,,0.0,,0.0,,,,,,,,,,,,,,,,0.0,,0.0,,,,0.014,97,1.0,0.0
98,98,98,,,0.0,,,,,,,,,,,,,,,,,,,,,0.0,,,,,,,,,,,,,,,0.0,,,,0.0,,,,,,,,,,0.0,,,,,,,,,,,0.0,,0.0,,,0.0,,,0.0,,,,0.014,98,1.0,0.0
99,99,99,,0.0,,,,,,,,,,,,,,,,,,,,,,0.0,,,,,,,,,,,,0.0,,,,,0.0,,,,,,,,,,,,0.0,,,,,0.0,,,,,,,,,,,0.0,0.0,,,,0.0,,0.008,99,1.0,0.0
