0,1,2,3,4,5,6,7,8,9,10,11,12,13,14,15,16,17,18,19,20,21,22,23,24,25,26,27,28,29,30,31,32,33,34,35,36,37,38,39,40,41,42,43,44,45,46,47,48,49,50,51,52,53,54,55,56,57,58,59,60,61,62,63,64,65,66,67,68,69,70,71,72,73,74,seed,complex_param
2.0,1,1.0,2,1,2.0,1.0,0.0,1.0,2.0,1.0,2.0,1,2.0,1.0,2.0,2.0,2.0,2.0,1,2.0,2.0,0.0,1.0,2.0,2.0,0,2.0,0.0,2.0,2.0,2.0,2.0,2.0,0.0,2.0,2.0,2.0,2.0,1,2.0,1.0,1,,2.0,1.0,1,1,2.0,1,1.0,2.0,0.0,1.0,0.0,2.0,2.0,0.0,2.0,2.0,2.0,2.0,2.0,2.0,2.0,1,0.0,2.0,2.0,2.0,2.0,,2.0,2.0,0.0,0,6
2.0,1,1.0,1,1,2.0,2.0,1.0,1.0,1.0,0.0,2.0,1,2.0,1.0,2.0,2.0,1.0,1.0,0,2.0,2.0,2.0,1.0,2.0,2.0,0,2.0,,2.0,2.0,2.0,2.0,0.0,0.0,2.0,1.0,1.0,,1,0.0,1.0,2,2.0,2.0,2.0,1,1,2.0,1,1.0,1.0,2.0,1.0,0.0,0.0,1.0,2.0,2.0,2.0,0.0,2.0,2.0,2.0,2.0,1,2.0,2.0,1.0,1.0,0.0,,,2.0,2.0,1,6
2.0,0,1.0,1,1,2.0,2.0,1.0,2.0,1.0,1.0,2.0,1,2.0,1.0,2.0,2.0,2.0,0.0,1,2.0,2.0,2.0,2.0,,1.0,1,0.0,,2.0,0.0,2.0,0.0,2.0,2.0,2.0,0.0,2.0,2.0,1,2.0,1.0,1,2.0,2.0,1.0,0,1,2.0,1,1.0,2.0,2.0,0.0,1.0,2.0,1.0,2.0,2.0,2.0,2.0,,2.0,2.0,2.0,1,0.0,1.0,2.0,0.0,2.0,,2.0,2.0,1.0,2,6
2.0,1,2.0,1,1,2.0,0.0,2.0,0.0,1.0,1.0,2.0,1,2.0,1.0,2.0,0.0,2.0,2.0,1,2.0,1.0,2.0,2.0,,0.0,1,2.0,2.0,2.0,2.0,0.0,2.0,2.0,2.0,1.0,0.0,2.0,2.0,1,2.0,1.0,1,2.0,2.0,0.0,1,1,0.0,1,0.0,2.0,2.0,2.0,1.0,2.0,1.0,2.0,2.0,2.0,,,2.0,2.0,2.0,1,2.0,2.0,2.0,0.0,2.0,,2.0,2.0,2.0,3,6
2.0,1,1.0,1,0,2.0,2.0,1.0,1.0,1.0,1.0,2.0,1,2.0,0.0,2.0,2.0,2.0,2.0,1,2.0,1.0,2.0,1.0,,1.0,1,2.0,,0.0,1.0,2.0,2.0,2.0,1.0,2.0,1.0,0.0,2.0,0,2.0,1.0,1,0.0,2.0,1.0,1,0,0.0,1,1.0,2.0,2.0,2.0,0.0,2.0,1.0,2.0,2.0,2.0,2.0,,2.0,2.0,2.0,1,2.0,2.0,2.0,2.0,2.0,0.0,2.0,2.0,2.0,4,6
2.0,1,1.0,1,1,2.0,2.0,1.0,1.0,1.0,0.0,2.0,0,2.0,1.0,2.0,2.0,2.0,2.0,1,2.0,2.0,2.0,1.0,,0.0,0,2.0,,2.0,2.0,2.0,2.0,1.0,0.0,0.0,2.0,0.0,2.0,1,1.0,1.0,1,2.0,2.0,1.0,1,1,2.0,1,1.0,2.0,2.0,1.0,2.0,2.0,2.0,0.0,0.0,2.0,2.0,2.0,2.0,0.0,2.0,1,2.0,2.0,2.0,2.0,2.0,,2.0,2.0,2.0,5,6
0.0,2,2.0,2,2,2.0,2.0,2.0,2.0,1.0,2.0,,1,0.0,1.0,2.0,,2.0,2.0,2,2.0,2.0,1.0,2.0,,1.0,1,,,0.0,2.0,2.0,0.0,,2.0,2.0,2.0,2.0,0.0,1,2.0,2.0,2,,2.0,2.0,1,1,2.0,1,2.0,2.0,2.0,2.0,2.0,0.0,0.0,2.0,2.0,2.0,,0.0,2.0,2.0,2.0,0,1.0,2.0,2.0,2.0,2.0,,0.0,,2.0,6,6
2.0,1,0.0,1,1,2.0,2.0,1.0,2.0,2.0,1.0,2.0,0,0.0,1.0,1.0,2.0,2.0,2.0,1,2.0,2.0,0.0,1.0,,1.0,1,2.0,,2.0,2.0,2.0,1.0,2.0,2.0,2.0,2.0,2.0,2.0,1,2.0,1.0,1,2.0,2.0,1.0,0,1,2.0,1,0.0,0.0,0.0,1.0,1.0,2.0,0.0,2.0,2.0,2.0,2.0,2.0,1.0,2.0,0.0,1,2.0,2.0,2.0,2.0,2.0,,2.0,2.0,1.0,7,6
2.0,0,1.0,0,1,2.0,2.0,1.0,1.0,1.0,1.0,2.0,0,2.0,1.0,2.0,0.0,2.0,2.0,0,1.0,2.0,2.0,1.0,2.0,1.0,1,2.0,2.0,2.0,1.0,1.0,0.0,1.0,2.0,0.0,0.0,2.0,2.0,1,2.0,1.0,1,2.0,2.0,0.0,1,1,2.0,1,1.0,2.0,2.0,1.0,1.0,2.0,1.0,2.0,2.0,2.0,2.0,2.0,2.0,2.0,1.0,1,2.0,2.0,2.0,0.0,2.0,,2.0,2.0,2.0,8,6
,1,1.0,0,1,,,1.0,1.0,1.0,1.0,,1,,1.0,,1.0,0.0,,1,1.0,,,1.0,,0.0,0,,,,0.0,0.0,0.0,,,,1.0,1.0,,1,1.0,1.0,1,,,1.0,1,1,1.0,0,,,,1.0,1.0,,1.0,1.0,,1.0,,,,0.0,1.0,1,1.0,,1.0,,,,,,0.0,9,6
2.0,1,0.0,0,1,2.0,0.0,1.0,1.0,1.0,2.0,2.0,1,1.0,1.0,2.0,,2.0,2.0,1,0.0,0.0,2.0,2.0,,1.0,0,2.0,,2.0,1.0,1.0,1.0,2.0,2.0,2.0,2.0,1.0,2.0,1,2.0,0.0,1,,0.0,1.0,1,1,1.0,1,1.0,2.0,2.0,2.0,1.0,2.0,2.0,2.0,2.0,0.0,2.0,2.0,1.0,2.0,2.0,1,2.0,0.0,2.0,2.0,2.0,,2.0,2.0,1.0,10,6
2.0,1,0.0,1,1,2.0,2.0,1.0,2.0,0.0,2.0,2.0,1,2.0,2.0,2.0,,2.0,2.0,1,2.0,0.0,2.0,2.0,,1.0,0,2.0,,2.0,0.0,2.0,1.0,1.0,2.0,2.0,2.0,1.0,2.0,1,2.0,1.0,1,2.0,2.0,1.0,1,0,2.0,1,1.0,2.0,2.0,2.0,2.0,2.0,1.0,0.0,2.0,2.0,2.0,,2.0,2.0,0.0,1,2.0,2.0,2.0,2.0,0.0,0.0,2.0,2.0,2.0,11,6
2.0,1,1.0,1,1,2.0,2.0,0.0,0.0,1.0,1.0,2.0,1,2.0,0.0,2.0,2.0,0.0,2.0,1,2.0,2.0,2.0,0.0,2.0,1.0,0,2.0,2.0,0.0,1.0,2.0,2.0,2.0,2.0,1.0,1.0,0.0,2.0,1,1.0,1.0,1,2.0,0.0,1.0,1,1,2.0,1,1.0,2.0,2.0,2.0,1.0,1.0,0.0,2.0,2.0,2.0,2.0,2.0,1.0,2.0,2.0,1,2.0,2.0,2.0,2.0,2.0,,2.0,2.0,1.0,12,6
2.0,1,1.0,1,0,2.0,2.0,2.0,2.0,1.0,1.0,2.0,1,2.0,0.0,2.0,2.0,2.0,2.0,1,2.0,2.0,2.0,0.0,,1.0,1,2.0,,1.0,2.0,0.0,2.0,0.0,1.0,2.0,2.0,1.0,2.0,1,2.0,1.0,1,2.0,2.0,1.0,1,0,2.0,1,1.0,0.0,2.0,2.0,1.0,2.0,1.0,2.0,2.0,2.0,2.0,2.0,1.0,2.0,2.0,1,2.0,2.0,0.0,2.0,2.0,0.0,2.0,0.0,2.0,13,6
2.0,1,0.0,1,1,2.0,0.0,2.0,0.0,1.0,1.0,2.0,1,2.0,2.0,2.0,2.0,2.0,2.0,1,2.0,2.0,2.0,2.0,,2.0,1,2.0,,2.0,2.0,1.0,2.0,0.0,2.0,2.0,2.0,2.0,2.0,1,2.0,2.0,1,0.0,2.0,1.0,0,1,2.0,1,2.0,2.0,2.0,2.0,0.0,2.0,2.0,2.0,2.0,2.0,2.0,,2.0,2.0,2.0,1,2.0,0.0,2.0,2.0,2.0,,0.0,2.0,0.0,14,6
2.0,1,2.0,1,1,2.0,2.0,1.0,1.0,0.0,1.0,2.0,1,2.0,1.0,2.0,2.0,1.0,0.0,1,2.0,2.0,2.0,2.0,2.0,0.0,1,2.0,1.0,2.0,0.0,2.0,2.0,2.0,2.0,0.0,0.0,1.0,2.0,1,2.0,1.0,0,2.0,2.0,1.0,1,1,2.0,1,2.0,0.0,2.0,1.0,1.0,0.0,1.0,2.0,0.0,2.0,2.0,2.0,2.0,2.0,2.0,1,2.0,2.0,2.0,2.0,2.0,,2.0,2.0,2.0,15,6
,1,0.0,1,1,0.0,,1.0,1.0,,1.0,,1,,,,,,1.0,1,,1.0,,1.0,,1.0,1,0.0,,,1.0,1.0,,,1.0,,,1.0,,1,1.0,1.0,0,,,1.0,1,0,,0,1.0,1.0,1.0,0.0,0.0,,1.0,,,0.0,,,,,,1,,,,,,,,0.0,,16,6
,2,2.0,1,2,2.0,2.0,2.0,2.0,1.0,2.0,2.0,1,,0.0,2.0,0.0,2.0,0.0,1,2.0,2.0,2.0,2.0,,2.0,1,2.0,0.0,2.0,2.0,2.0,2.0,2.0,2.0,0.0,2.0,2.0,,1,2.0,2.0,1,,2.0,1.0,1,2,2.0,0,2.0,2.0,2.0,1.0,2.0,2.0,1.0,2.0,2.0,2.0,0.0,,2.0,2.0,2.0,1,2.0,0.0,0.0,0.0,2.0,,,,2.0,17,6
2.0,1,1.0,1,1,2.0,2.0,0.0,1.0,1.0,2.0,2.0,2,2.0,2.0,2.0,0.0,2.0,2.0,1,2.0,2.0,2.0,2.0,,1.0,1,1.0,,2.0,2.0,2.0,2.0,2.0,2.0,2.0,2.0,2.0,2.0,1,1.0,0.0,1,2.0,0.0,2.0,2,1,0.0,1,1.0,2.0,2.0,2.0,2.0,1.0,0.0,2.0,0.0,0.0,,,2.0,2.0,2.0,1,2.0,2.0,2.0,2.0,0.0,,,0.0,1.0,18,6
2.0,0,1.0,1,1,2.0,0.0,1.0,1.0,1.0,1.0,2.0,1,0.0,0.0,2.0,2.0,2.0,1.0,1,2.0,2.0,2.0,2.0,2.0,1.0,0,2.0,2.0,2.0,1.0,1.0,2.0,2.0,1.0,2.0,2.0,1.0,2.0,1,2.0,1.0,1,2.0,1.0,1.0,0,0,2.0,1,1.0,2.0,2.0,2.0,2.0,2.0,2.0,0.0,2.0,0.0,2.0,0.0,1.0,2.0,2.0,1,2.0,2.0,2.0,2.0,2.0,,2.0,2.0,2.0,19,6
0.0,1,1.0,1,2,0.0,,2.0,2.0,2.0,1.0,,0,,2.0,2.0,,2.0,2.0,1,2.0,0.0,2.0,2.0,,1.0,2,2.0,,,2.0,2.0,2.0,0.0,2.0,2.0,2.0,2.0,0.0,1,2.0,1.0,2,,2.0,2.0,2,2,0.0,1,1.0,2.0,2.0,2.0,2.0,,2.0,2.0,2.0,0.0,0.0,,2.0,2.0,2.0,2,2.0,,2.0,2.0,,0.0,,,2.0,20,6
2.0,1,1.0,0,1,2.0,2.0,2.0,2.0,1.0,0.0,2.0,1,0.0,0.0,2.0,2.0,2.0,2.0,0,2.0,2.0,2.0,0.0,0.0,1.0,1,2.0,,2.0,2.0,2.0,0.0,2.0,2.0,2.0,2.0,2.0,2.0,1,2.0,1.0,1,0.0,2.0,1.0,1,1,2.0,1,1.0,2.0,2.0,2.0,2.0,2.0,1.0,0.0,2.0,2.0,,,2.0,2.0,2.0,1,2.0,2.0,2.0,2.0,2.0,,,2.0,2.0,21,6
2.0,1,1.0,1,1,2.0,2.0,2.0,1.0,2.0,0.0,1.0,1,,2.0,0.0,0.0,2.0,2.0,1,2.0,2.0,2.0,2.0,,2.0,1,2.0,,2.0,2.0,2.0,0.0,0.0,2.0,2.0,2.0,2.0,2.0,1,2.0,2.0,1,2.0,2.0,2.0,1,1,0.0,1,2.0,0.0,2.0,2.0,2.0,2.0,2.0,2.0,2.0,2.0,,,0.0,0.0,2.0,1,2.0,2.0,2.0,2.0,,2.0,0.0,,2.0,22,6
2.0,1,1.0,1,0,2.0,2.0,1.0,0.0,0.0,1.0,2.0,1,2.0,1.0,2.0,2.0,2.0,2.0,1,0.0,2.0,2.0,0.0,,1.0,1,2.0,,2.0,1.0,1.0,1.0,2.0,0.0,2.0,2.0,0.0,2.0,1,2.0,1.0,1,2.0,2.0,1.0,0,1,2.0,1,1.0,2.0,2.0,1.0,2.0,2.0,2.0,2.0,0.0,2.0,2.0,2.0,1.0,2.0,2.0,1,2.0,2.0,2.0,2.0,2.0,,2.0,2.0,0.0,23,6
2.0,2,2.0,1,1,2.0,2.0,2.0,1.0,1.0,1.0,2.0,1,2.0,2.0,2.0,0.0,2.0,2.0,1,2.0,2.0,2.0,0.0,0.0,1.0,1,2.0,,0.0,2.0,2.0,2.0,2.0,2.0,2.0,0.0,0.0,2.0,1,2.0,1.0,1,,2.0,2.0,2,1,2.0,1,1.0,2.0,2.0,2.0,2.0,2.0,0.0,0.0,2.0,2.0,,,2.0,2.0,2.0,0,2.0,2.0,2.0,2.0,,,2.0,2.0,0.0,24,6
0.0,1,1.0,1,2,2.0,0.0,2.0,2.0,1.0,2.0,2.0,1,0.0,2.0,2.0,,2.0,2.0,1,2.0,2.0,2.0,2.0,1.0,1.0,2,2.0,,0.0,2.0,2.0,2.0,0.0,2.0,2.0,2.0,2.0,,2,2.0,2.0,2,0.0,,2.0,2,1,2.0,2,2.0,2.0,2.0,0.0,2.0,,2.0,2.0,0.0,2.0,0.0,,2.0,2.0,2.0,0,,,2.0,2.0,,,,,2.0,25,6
,1,0.0,0,0,,,1.0,1.0,1.0,1.0,,1,,1.0,,,1.0,,1,1.0,1.0,,1.0,,1.0,0,,,,1.0,1.0,,0.0,1.0,,1.0,0.0,,0,0.0,1.0,1,,,1.0,1,1,1.0,1,1.0,1.0,,1.0,0.0,,1.0,,1.0,0.0,,,1.0,,,1,1.0,,1.0,,,,,,,26,6
,1,2.0,2,1,2.0,0.0,2.0,2.0,1.0,2.0,2.0,1,2.0,0.0,2.0,,2.0,0.0,2,2.0,2.0,0.0,2.0,,2.0,1,2.0,,,2.0,2.0,2.0,2.0,2.0,2.0,2.0,2.0,,2,2.0,1.0,2,,0.0,1.0,1,1,2.0,1,0.0,2.0,2.0,2.0,2.0,2.0,2.0,2.0,2.0,2.0,0.0,,2.0,2.0,2.0,1,0.0,0.0,2.0,2.0,0.0,,,,2.0,27,6
0.0,1,1.0,1,1,2.0,2.0,2.0,1.0,1.0,1.0,2.0,1,0.0,1.0,2.0,,2.0,2.0,0,2.0,2.0,2.0,2.0,,1.0,1,0.0,,2.0,2.0,0.0,2.0,2.0,2.0,0.0,2.0,2.0,2.0,2,2.0,1.0,1,2.0,2.0,2.0,1,1,2.0,1,2.0,2.0,0.0,0.0,2.0,0.0,2.0,2.0,0.0,2.0,2.0,2.0,2.0,2.0,2.0,1,2.0,2.0,1.0,2.0,2.0,,2.0,2.0,2.0,28,6
2.0,1,1.0,1,1,2.0,2.0,0.0,1.0,0.0,1.0,2.0,1,2.0,1.0,2.0,2.0,2.0,2.0,1,2.0,2.0,2.0,1.0,,1.0,1,2.0,,2.0,1.0,2.0,1.0,0.0,1.0,2.0,1.0,1.0,2.0,1,2.0,0.0,1,2.0,0.0,1.0,1,1,0.0,0,1.0,2.0,2.0,0.0,2.0,2.0,1.0,2.0,2.0,2.0,2.0,2.0,2.0,0.0,2.0,1,1.0,2.0,2.0,2.0,2.0,,2.0,2.0,0.0,29,6
2.0,1,1.0,1,1,2.0,2.0,1.0,1.0,1.0,0.0,2.0,1,2.0,1.0,2.0,1.0,2.0,2.0,1,0.0,1.0,2.0,2.0,,0.0,1,2.0,,2.0,0.0,2.0,1.0,2.0,0.0,2.0,2.0,1.0,2.0,1,2.0,1.0,0,2.0,2.0,1.0,1,0,2.0,1,2.0,1.0,2.0,1.0,1.0,2.0,2.0,2.0,2.0,0.0,2.0,,2.0,2.0,2.0,1,2.0,0.0,2.0,1.0,2.0,,2.0,0.0,1.0,30,6
0.0,1,2.0,1,1,2.0,2.0,0.0,2.0,1.0,2.0,2.0,1,2.0,0.0,2.0,,0.0,2.0,1,2.0,2.0,2.0,1.0,2.0,1.0,1,2.0,,0.0,0.0,2.0,2.0,2.0,2.0,2.0,2.0,0.0,2.0,1,2.0,1.0,1,,2.0,1.0,1,1,2.0,1,2.0,0.0,2.0,2.0,1.0,2.0,2.0,2.0,2.0,2.0,2.0,0.0,2.0,2.0,2.0,1,2.0,2.0,2.0,0.0,2.0,,,2.0,2.0,31,6
,0,1.0,1,1,,,0.0,0.0,1.0,1.0,,0,,1.0,,,,,1,1.0,0.0,,0.0,,0.0,1,1.0,,,1.0,0.0,,,,1.0,,1.0,,1,1.0,1.0,1,,,0.0,1,1,,1,1.0,,,1.0,1.0,,,,,1.0,,,1.0,,1.0,1,,,,,,,0.0,,1.0,32,6
0.0,1,0.0,1,2,0.0,0.0,2.0,2.0,2.0,2.0,2.0,1,,2.0,2.0,,2.0,2.0,1,2.0,2.0,2.0,1.0,,2.0,2,2.0,0.0,,2.0,1.0,2.0,2.0,2.0,2.0,2.0,2.0,,2,2.0,2.0,1,0.0,,2.0,1,2,2.0,2,2.0,0.0,2.0,1.0,2.0,,2.0,,2.0,2.0,0.0,2.0,0.0,2.0,2.0,2,2.0,,0.0,,,,,,2.0,33,6
0.0,0,1.0,0,1,2.0,2.0,0.0,1.0,1.0,1.0,2.0,1,2.0,1.0,0.0,2.0,0.0,2.0,1,2.0,2.0,2.0,2.0,,1.0,1,2.0,2.0,2.0,2.0,2.0,2.0,1.0,2.0,2.0,2.0,2.0,2.0,1,2.0,1.0,1,0.0,2.0,1.0,1,1,2.0,1,2.0,2.0,2.0,2.0,2.0,2.0,2.0,0.0,2.0,2.0,2.0,1.0,2.0,0.0,2.0,2,2.0,2.0,2.0,2.0,2.0,,,0.0,2.0,34,6
2.0,1,1.0,1,1,2.0,2.0,1.0,0.0,1.0,2.0,2.0,1,2.0,2.0,2.0,2.0,2.0,2.0,1,2.0,2.0,2.0,0.0,,2.0,1,2.0,0.0,0.0,2.0,2.0,2.0,2.0,2.0,2.0,2.0,1.0,2.0,1,1.0,2.0,1,,2.0,2.0,0,1,0.0,0,1.0,2.0,2.0,2.0,2.0,2.0,2.0,2.0,0.0,2.0,1.0,2.0,0.0,2.0,2.0,1,2.0,2.0,1.0,2.0,2.0,0.0,2.0,2.0,1.0,35,6
2.0,1,0.0,1,1,2.0,2.0,0.0,2.0,1.0,2.0,2.0,1,2.0,2.0,0.0,2.0,2.0,2.0,1,2.0,2.0,2.0,0.0,,2.0,1,2.0,0.0,0.0,2.0,2.0,2.0,1.0,2.0,2.0,2.0,1.0,2.0,1,1.0,2.0,1,,2.0,1.0,1,1,2.0,1,0.0,2.0,2.0,2.0,2.0,2.0,2.0,2.0,2.0,2.0,2.0,1.0,0.0,2.0,2.0,1,2.0,0.0,2.0,0.0,2.0,1.0,2.0,,2.0,36,6
2.0,1,2.0,1,1,0.0,2.0,2.0,2.0,0.0,1.0,2.0,1,2.0,1.0,2.0,0.0,2.0,0.0,1,2.0,2.0,2.0,0.0,,1.0,1,2.0,2.0,2.0,1.0,2.0,2.0,2.0,1.0,2.0,2.0,1.0,2.0,0,0.0,1.0,1,2.0,0.0,2.0,2,1,2.0,1,1.0,2.0,2.0,2.0,1.0,2.0,0.0,2.0,2.0,2.0,0.0,2.0,1.0,2.0,2.0,1,1.0,2.0,2.0,2.0,2.0,,,2.0,2.0,37,6
,1,2.0,1,1,2.0,2.0,2.0,0.0,1.0,2.0,2.0,1,2.0,2.0,2.0,,2.0,2.0,2,2.0,2.0,0.0,2.0,0.0,1.0,1,2.0,,2.0,2.0,2.0,0.0,2.0,2.0,2.0,2.0,2.0,0.0,2,2.0,2.0,0,,0.0,1.0,1,1,0.0,1,2.0,2.0,2.0,2.0,2.0,2.0,1.0,2.0,2.0,2.0,2.0,,2.0,2.0,0.0,1,2.0,2.0,2.0,2.0,0.0,,2.0,2.0,1.0,38,6
2.0,2,2.0,1,1,2.0,2.0,1.0,2.0,2.0,1.0,0.0,1,,1.0,0.0,1.0,2.0,2.0,1,2.0,0.0,0.0,2.0,,2.0,1,0.0,,2.0,2.0,2.0,2.0,0.0,2.0,2.0,2.0,1.0,2.0,0,2.0,2.0,1,,2.0,1.0,1,1,2.0,2,2.0,0.0,2.0,2.0,2.0,2.0,2.0,2.0,1.0,2.0,2.0,,2.0,2.0,2.0,1,,2.0,0.0,0.0,,,,,2.0,39,6
,1,,1,1,,,1.0,1.0,1.0,1.0,,1,,1.0,,,0.0,1.0,1,0.0,,,1.0,0.0,0.0,0,,,,1.0,1.0,,,1.0,,0.0,1.0,1.0,1,,1.0,0,,1.0,,1,0,,1,,,,,1.0,,,,,1.0,0.0,0.0,1.0,,1.0,1,,,,,,,1.0,1.0,1.0,40,6
2.0,1,0.0,1,1,2.0,2.0,1.0,2.0,1.0,2.0,2.0,1,2.0,1.0,2.0,,2.0,0.0,1,2.0,2.0,2.0,1.0,,0.0,1,0.0,,0.0,1.0,1.0,0.0,1.0,2.0,2.0,2.0,0.0,2.0,1,2.0,1.0,0,,2.0,1.0,1,1,2.0,1,2.0,2.0,2.0,2.0,2.0,2.0,2.0,2.0,2.0,2.0,0.0,2.0,2.0,2.0,2.0,1,2.0,2.0,2.0,0.0,2.0,,,2.0,2.0,41,6
0.0,2,2.0,1,0,2.0,2.0,1.0,2.0,2.0,0.0,2.0,0,2.0,1.0,2.0,1.0,2.0,2.0,1,2.0,2.0,2.0,1.0,,1.0,1,2.0,0.0,2.0,2.0,2.0,2.0,2.0,2.0,0.0,2.0,2.0,2.0,1,2.0,2.0,1,,2.0,1.0,1,2,2.0,1,2.0,2.0,2.0,1.0,2.0,2.0,2.0,2.0,2.0,2.0,2.0,0.0,2.0,0.0,0.0,2,2.0,2.0,2.0,0.0,,,,,2.0,42,6
0.0,1,1.0,2,1,0.0,2.0,2.0,2.0,1.0,1.0,2.0,1,0.0,1.0,0.0,,2.0,2.0,1,2.0,2.0,2.0,0.0,,1.0,1,2.0,,2.0,2.0,2.0,2.0,0.0,2.0,2.0,2.0,2.0,0.0,2,0.0,1.0,2,,2.0,2.0,2,1,2.0,1,2.0,2.0,2.0,2.0,2.0,0.0,2.0,2.0,2.0,2.0,2.0,,2.0,2.0,2.0,1,2.0,2.0,2.0,1.0,0.0,,,2.0,2.0,43,6
2.0,1,1.0,1,0,2.0,1.0,0.0,1.0,2.0,2.0,1.0,1,,2.0,2.0,,2.0,2.0,1,1.0,2.0,2.0,1.0,2.0,1.0,1,2.0,2.0,2.0,1.0,1.0,2.0,2.0,1.0,2.0,1.0,1.0,2.0,1,0.0,1.0,1,2.0,2.0,2.0,1,2,2.0,1,1.0,2.0,1.0,0.0,0.0,2.0,1.0,2.0,2.0,1.0,2.0,2.0,0.0,0.0,2.0,0,2.0,2.0,2.0,2.0,2.0,,0.0,2.0,0.0,44,6
,1,0.0,1,1,1.0,,1.0,1.0,1.0,0.0,,1,,1.0,,,,1.0,0,,1.0,,1.0,,1.0,1,,,,1.0,1.0,1.0,,1.0,,1.0,0.0,,1,1.0,0.0,1,1.0,,1.0,1,0,0.0,1,1.0,0.0,1.0,1.0,1.0,1.0,0.0,,,,,,,,,1,,,,,,,,0.0,,45,6
2.0,1,1.0,1,1,2.0,2.0,1.0,1.0,1.0,0.0,0.0,1,2.0,1.0,2.0,2.0,2.0,2.0,1,2.0,0.0,2.0,1.0,,0.0,1,2.0,,2.0,2.0,2.0,1.0,2.0,2.0,0.0,2.0,1.0,2.0,0,2.0,1.0,0,2.0,2.0,1.0,0,1,2.0,1,2.0,2.0,2.0,1.0,1.0,2.0,2.0,2.0,2.0,1.0,2.0,,2.0,0.0,2.0,1,2.0,0.0,2.0,2.0,2.0,,2.0,1.0,2.0,46,6
1.0,1,2.0,1,1,0.0,2.0,1.0,1.0,1.0,2.0,2.0,1,2.0,0.0,2.0,,2.0,0.0,1,0.0,2.0,2.0,2.0,,1.0,1,2.0,,0.0,2.0,2.0,1.0,2.0,2.0,2.0,2.0,1.0,2.0,0,2.0,1.0,1,,2.0,1.0,1,1,2.0,1,2.0,2.0,2.0,2.0,0.0,2.0,2.0,0.0,2.0,2.0,2.0,,2.0,2.0,2.0,1,1.0,0.0,0.0,2.0,2.0,1.0,2.0,2.0,2.0,47,6
1.0,1,1.0,1,1,0.0,2.0,1.0,0.0,1.0,0.0,2.0,1,2.0,0.0,2.0,2.0,0.0,2.0,1,2.0,2.0,2.0,2.0,,1.0,1,2.0,,2.0,2.0,2.0,2.0,0.0,2.0,2.0,0.0,2.0,0.0,1,1.0,1.0,1,2.0,2.0,1.0,1,1,2.0,1,0.0,2.0,2.0,1.0,1.0,2.0,2.0,2.0,2.0,0.0,,,2.0,2.0,2.0,1,2.0,2.0,2.0,2.0,2.0,1.0,2.0,2.0,2.0,48,6
2.0,1,1.0,1,1,2.0,2.0,2.0,1.0,2.0,1.0,0.0,1,2.0,1.0,2.0,2.0,2.0,1.0,0,2.0,2.0,2.0,1.0,2.0,1.0,1,2.0,2.0,1.0,1.0,1.0,2.0,2.0,1.0,2.0,1.0,1.0,0.0,1,2.0,0.0,1,2.0,2.0,2.0,1,0,2.0,1,0.0,0.0,1.0,0.0,1.0,2.0,0.0,2.0,2.0,1.0,0.0,2.0,2.0,2.0,2.0,1,2.0,2.0,2.0,2.0,2.0,,2.0,2.0,2.0,49,6
2.0,1,1.0,1,1,2.0,2.0,1.0,0.0,1.0,1.0,2.0,1,2.0,2.0,2.0,0.0,0.0,0.0,1,2.0,2.0,2.0,2.0,,0.0,1,2.0,,2.0,1.0,2.0,2.0,1.0,2.0,2.0,2.0,1.0,2.0,0,1.0,1.0,1,2.0,2.0,1.0,0,1,2.0,1,2.0,2.0,2.0,2.0,1.0,2.0,2.0,2.0,0.0,2.0,2.0,2.0,0.0,0.0,2.0,1,2.0,2.0,2.0,2.0,2.0,,2.0,2.0,2.0,50,6
0.0,1,1.0,1,2,2.0,2.0,1.0,2.0,2.0,1.0,2.0,1,2.0,1.0,0.0,2.0,2.0,2.0,1,2.0,2.0,0.0,2.0,,1.0,0,2.0,,0.0,2.0,2.0,0.0,2.0,2.0,2.0,2.0,1.0,2.0,1,2.0,1.0,1,0.0,0.0,2.0,1,1,2.0,0,2.0,2.0,2.0,2.0,2.0,2.0,2.0,2.0,2.0,2.0,,,2.0,0.0,2.0,1,2.0,2.0,2.0,2.0,,,,,2.0,51,6
,1,0.0,0,1,1.0,,1.0,0.0,1.0,1.0,,1,,1.0,,,,1.0,0,1.0,1.0,,1.0,,1.0,1,0.0,,,1.0,1.0,1.0,1.0,1.0,,1.0,1.0,,1,1.0,1.0,1,,,1.0,1,1,1.0,0,0.0,,,1.0,1.0,,1.0,,1.0,1.0,,,1.0,1.0,0.0,0,,0.0,,,,,,,1.0,52,6
0.0,1,1.0,0,0,,,0.0,1.0,1.0,1.0,,1,,1.0,0.0,,0.0,,0,,1.0,,1.0,,1.0,1,,,,1.0,,,1.0,0.0,,1.0,1.0,,1,1.0,1.0,1,,1.0,1.0,1,1,1.0,0,0.0,1.0,,1.0,1.0,,,,1.0,1.0,,,1.0,,1.0,1,,,,,,,,,,53,6
0.0,1,1.0,1,1,2.0,2.0,1.0,1.0,1.0,0.0,2.0,1,2.0,1.0,2.0,2.0,2.0,1.0,1,2.0,2.0,2.0,1.0,1.0,1.0,1,2.0,2.0,2.0,2.0,1.0,2.0,2.0,0.0,2.0,2.0,0.0,2.0,1,2.0,1.0,0,2.0,2.0,1.0,1,1,2.0,0,1.0,1.0,2.0,1.0,2.0,2.0,2.0,0.0,2.0,0.0,2.0,0.0,1.0,2.0,2.0,0,2.0,2.0,2.0,2.0,2.0,,2.0,2.0,2.0,54,6
2.0,1,2.0,1,0,2.0,0.0,1.0,2.0,2.0,1.0,0.0,1,2.0,1.0,0.0,,0.0,2.0,0,2.0,2.0,2.0,2.0,,1.0,1,2.0,,2.0,2.0,2.0,2.0,2.0,2.0,2.0,2.0,2.0,0.0,2,0.0,1.0,1,,2.0,2.0,2,1,2.0,1,2.0,2.0,0.0,1.0,1.0,2.0,2.0,2.0,2.0,2.0,0.0,,1.0,2.0,2.0,1,2.0,2.0,2.0,2.0,,,,,2.0,55,6
2.0,1,1.0,1,0,2.0,2.0,0.0,1.0,0.0,1.0,1.0,1,2.0,1.0,2.0,2.0,2.0,2.0,1,1.0,0.0,2.0,0.0,,1.0,1,0.0,,2.0,1.0,2.0,2.0,2.0,2.0,1.0,0.0,1.0,2.0,1,2.0,1.0,0,2.0,2.0,1.0,1,1,2.0,0,1.0,2.0,2.0,2.0,1.0,2.0,1.0,2.0,2.0,2.0,2.0,,1.0,2.0,2.0,1,2.0,0.0,2.0,2.0,2.0,,2.0,2.0,1.0,56,6
2.0,1,1.0,1,1,2.0,2.0,1.0,0.0,1.0,1.0,2.0,1,2.0,1.0,2.0,2.0,0.0,2.0,1,1.0,2.0,2.0,2.0,,2.0,1,2.0,,2.0,2.0,2.0,2.0,1.0,0.0,2.0,2.0,1.0,2.0,0,1.0,1.0,1,2.0,2.0,0.0,0,1,2.0,1,1.0,1.0,2.0,1.0,1.0,0.0,2.0,2.0,2.0,2.0,2.0,,0.0,2.0,2.0,0,2.0,2.0,2.0,0.0,2.0,,1.0,2.0,2.0,57,6
,2,2.0,1,1,2.0,0.0,0.0,2.0,2.0,2.0,2.0,1,2.0,1.0,0.0,0.0,0.0,2.0,1,2.0,2.0,2.0,2.0,,2.0,1,2.0,0.0,2.0,2.0,0.0,2.0,2.0,2.0,2.0,2.0,2.0,2.0,2,2.0,2.0,1,,2.0,2.0,1,1,2.0,1,2.0,2.0,2.0,2.0,2.0,2.0,0.0,2.0,2.0,2.0,0.0,,2.0,2.0,2.0,2,2.0,1.0,2.0,2.0,,1.0,0.0,,2.0,58,6
2.0,2,1.0,1,1,2.0,2.0,0.0,2.0,1.0,1.0,2.0,1,0.0,1.0,0.0,2.0,2.0,2.0,0,2.0,2.0,2.0,1.0,0.0,2.0,1,2.0,1.0,2.0,2.0,2.0,2.0,2.0,2.0,2.0,0.0,2.0,2.0,1,2.0,1.0,1,2.0,2.0,2.0,1,1,2.0,1,1.0,0.0,2.0,2.0,2.0,2.0,0.0,2.0,2.0,2.0,,,2.0,2.0,2.0,1,0.0,2.0,2.0,0.0,2.0,,,,2.0,59,6
2.0,1,1.0,2,1,2.0,2.0,2.0,1.0,1.0,2.0,2.0,1,0.0,1.0,2.0,,2.0,2.0,0,2.0,2.0,2.0,0.0,0.0,1.0,1,2.0,2.0,2.0,1.0,1.0,1.0,2.0,1.0,2.0,2.0,2.0,2.0,1,2.0,0.0,1,,2.0,2.0,0,1,0.0,1,1.0,2.0,0.0,1.0,2.0,2.0,1.0,2.0,2.0,2.0,2.0,0.0,2.0,2.0,2.0,1,2.0,2.0,2.0,2.0,2.0,,2.0,2.0,0.0,60,6
2.0,0,2.0,1,1,2.0,2.0,2.0,2.0,1.0,2.0,2.0,1,2.0,2.0,2.0,,2.0,1.0,1,2.0,2.0,2.0,1.0,,0.0,1,0.0,0.0,2.0,1.0,1.0,2.0,2.0,2.0,2.0,2.0,0.0,2.0,2,2.0,2.0,1,0.0,2.0,2.0,1,2,2.0,2,2.0,2.0,2.0,0.0,2.0,2.0,1.0,2.0,2.0,2.0,0.0,2.0,2.0,2.0,0.0,1,2.0,2.0,1.0,0.0,2.0,2.0,,,2.0,61,6
2.0,1,1.0,1,1,2.0,2.0,1.0,1.0,2.0,1.0,2.0,1,2.0,1.0,2.0,2.0,2.0,2.0,1,0.0,2.0,0.0,1.0,,0.0,0,2.0,,2.0,1.0,1.0,2.0,2.0,2.0,2.0,2.0,1.0,2.0,1,2.0,1.0,1,0.0,2.0,1.0,1,0,2.0,1,1.0,1.0,2.0,1.0,0.0,2.0,1.0,0.0,2.0,0.0,2.0,2.0,2.0,2.0,2.0,0,2.0,2.0,2.0,2.0,2.0,,2.0,2.0,2.0,62,6
,1,1.0,0,1,2.0,2.0,1.0,2.0,1.0,2.0,2.0,1,1.0,2.0,2.0,,2.0,2.0,1,2.0,2.0,2.0,0.0,,2.0,1,0.0,0.0,2.0,2.0,2.0,2.0,2.0,2.0,2.0,2.0,1.0,2.0,2,1.0,2.0,1,0.0,2.0,2.0,2,2,2.0,0,2.0,2.0,2.0,2.0,2.0,2.0,2.0,2.0,0.0,2.0,2.0,,0.0,2.0,2.0,1,2.0,2.0,0.0,2.0,2.0,,,0.0,2.0,63,6
2.0,1,1.0,1,1,2.0,2.0,1.0,2.0,1.0,1.0,2.0,1,2.0,1.0,2.0,2.0,0.0,2.0,1,2.0,2.0,2.0,0.0,0.0,2.0,1,1.0,,2.0,2.0,2.0,1.0,2.0,1.0,2.0,2.0,1.0,2.0,0,2.0,0.0,1,0.0,1.0,0.0,2,1,2.0,1,0.0,2.0,0.0,2.0,1.0,2.0,1.0,2.0,2.0,2.0,2.0,2.0,1.0,2.0,0.0,1,2.0,2.0,2.0,2.0,2.0,,,2.0,2.0,64,6
,2,2.0,1,1,2.0,2.0,2.0,2.0,2.0,2.0,2.0,1,,2.0,2.0,,0.0,2.0,1,2.0,0.0,2.0,2.0,,2.0,1,2.0,0.0,,2.0,1.0,2.0,2.0,2.0,2.0,2.0,1.0,2.0,2,2.0,1.0,1,,2.0,1.0,1,2,2.0,1,2.0,2.0,0.0,2.0,2.0,2.0,2.0,2.0,2.0,0.0,0.0,0.0,1.0,2.0,0.0,0,2.0,2.0,0.0,2.0,2.0,1.0,2.0,,2.0,65,6
2.0,1,1.0,0,1,2.0,2.0,1.0,0.0,1.0,2.0,2.0,1,2.0,2.0,2.0,,2.0,2.0,1,2.0,2.0,2.0,2.0,,1.0,1,2.0,,0.0,2.0,2.0,2.0,2.0,2.0,2.0,0.0,0.0,0.0,1,2.0,1.0,1,2.0,2.0,1.0,0,1,2.0,0,1.0,2.0,2.0,2.0,1.0,2.0,2.0,2.0,2.0,2.0,2.0,,1.0,0.0,0.0,1,2.0,2.0,2.0,2.0,2.0,1.0,2.0,2.0,2.0,66,6
2.0,1,2.0,1,1,2.0,2.0,2.0,2.0,1.0,0.0,2.0,1,1.0,2.0,2.0,2.0,0.0,2.0,1,2.0,2.0,2.0,2.0,,0.0,1,2.0,,1.0,2.0,2.0,2.0,2.0,2.0,2.0,2.0,0.0,2.0,1,2.0,2.0,1,0.0,0.0,2.0,1,1,2.0,1,2.0,0.0,2.0,2.0,2.0,2.0,2.0,2.0,2.0,0.0,2.0,0.0,2.0,2.0,2.0,2,2.0,2.0,2.0,2.0,0.0,,,2.0,2.0,67,6
,2,2.0,0,1,0.0,2.0,2.0,1.0,1.0,2.0,2.0,1,0.0,2.0,2.0,,2.0,2.0,2,2.0,2.0,2.0,2.0,,2.0,1,2.0,,2.0,2.0,2.0,2.0,0.0,2.0,2.0,2.0,2.0,0.0,2,2.0,2.0,0,,2.0,2.0,2,1,2.0,1,2.0,2.0,2.0,2.0,2.0,0.0,2.0,2.0,2.0,2.0,2.0,1.0,1.0,2.0,2.0,1,,0.0,2.0,2.0,0.0,,0.0,,2.0,68,6
2.0,0,1.0,1,1,2.0,2.0,1.0,1.0,2.0,0.0,2.0,1,2.0,1.0,0.0,2.0,2.0,2.0,1,2.0,2.0,2.0,1.0,,1.0,1,2.0,,2.0,2.0,2.0,0.0,2.0,2.0,2.0,0.0,2.0,2.0,1,2.0,0.0,1,2.0,2.0,1.0,1,1,2.0,1,1.0,0.0,2.0,1.0,2.0,2.0,2.0,2.0,2.0,0.0,,,2.0,0.0,2.0,1,2.0,2.0,2.0,2.0,2.0,,0.0,2.0,2.0,69,6
,1,0.0,0,1,,,0.0,1.0,0.0,1.0,,1,,1.0,,,,,1,1.0,1.0,0.0,1.0,,1.0,1,,,,0.0,,1.0,,1.0,,,1.0,,1,,1.0,1,,,1.0,0,1,1.0,0,1.0,,,1.0,1.0,,1.0,,,,,,1.0,,0.0,1,,,,,,,,,0.0,70,6
,1,1.0,1,0,,,1.0,1.0,1.0,,,1,,1.0,,,,,1,1.0,,,1.0,,1.0,0,,,0.0,1.0,1.0,1.0,,0.0,1.0,,1.0,,1,1.0,0.0,1,,1.0,1.0,1,1,,1,1.0,,1.0,,1.0,,0.0,,,,,0.0,0.0,,0.0,1,,,0.0,,,,,,,71,6
2.0,1,2.0,1,0,2.0,2.0,1.0,2.0,2.0,1.0,2.0,1,,0.0,2.0,0.0,2.0,2.0,1,0.0,2.0,0.0,2.0,,2.0,1,2.0,2.0,2.0,2.0,1.0,2.0,2.0,2.0,2.0,0.0,2.0,0.0,1,2.0,1.0,1,0.0,2.0,2.0,1,1,2.0,1,2.0,0.0,2.0,2.0,1.0,2.0,2.0,2.0,2.0,2.0,,,2.0,2.0,2.0,0,2.0,2.0,2.0,2.0,,,,,2.0,72,6
0.0,1,0.0,1,1,2.0,2.0,2.0,1.0,2.0,2.0,2.0,1,2.0,0.0,2.0,,1.0,2.0,1,2.0,2.0,2.0,1.0,0.0,1.0,1,2.0,2.0,2.0,1.0,0.0,2.0,2.0,1.0,2.0,2.0,0.0,2.0,1,2.0,1.0,1,,2.0,2.0,1,2,2.0,1,2.0,2.0,2.0,2.0,0.0,2.0,2.0,2.0,0.0,2.0,2.0,0.0,2.0,2.0,2.0,1,2.0,2.0,2.0,2.0,,,2.0,0.0,2.0,73,6
2.0,1,2.0,1,1,2.0,2.0,2.0,0.0,1.0,2.0,2.0,1,,2.0,2.0,,2.0,0.0,1,2.0,2.0,2.0,2.0,,2.0,0,2.0,,2.0,2.0,2.0,2.0,2.0,2.0,1.0,2.0,1.0,2.0,1,2.0,0.0,1,,2.0,2.0,1,1,0.0,1,1.0,2.0,2.0,2.0,2.0,2.0,2.0,0.0,2.0,2.0,2.0,,2.0,2.0,2.0,0,2.0,0.0,2.0,2.0,2.0,0.0,0.0,2.0,1.0,74,6
2.0,1,0.0,1,1,2.0,2.0,0.0,2.0,2.0,1.0,2.0,1,0.0,1.0,2.0,2.0,2.0,2.0,1,2.0,2.0,0.0,1.0,,1.0,1,2.0,2.0,2.0,1.0,0.0,2.0,2.0,2.0,2.0,2.0,2.0,2.0,1,0.0,1.0,1,2.0,2.0,1.0,1,1,2.0,1,1.0,2.0,2.0,1.0,0.0,2.0,0.0,2.0,2.0,2.0,0.0,2.0,1.0,1.0,2.0,1,2.0,2.0,2.0,0.0,2.0,,,2.0,2.0,75,6
2.0,1,2.0,1,1,2.0,2.0,2.0,1.0,1.0,2.0,2.0,1,2.0,1.0,2.0,,2.0,0.0,1,2.0,2.0,2.0,2.0,,2.0,1,2.0,,2.0,2.0,0.0,0.0,2.0,2.0,2.0,0.0,1.0,2.0,2,2.0,1.0,1,,0.0,1.0,0,1,2.0,1,1.0,2.0,2.0,2.0,2.0,2.0,2.0,2.0,2.0,2.0,0.0,1.0,0.0,2.0,2.0,1,2.0,2.0,2.0,0.0,2.0,,0.0,2.0,2.0,76,6
2.0,1,1.0,1,1,2.0,2.0,2.0,0.0,1.0,2.0,2.0,1,0.0,1.0,2.0,,2.0,2.0,1,2.0,1.0,2.0,0.0,1.0,1.0,1,2.0,,2.0,0.0,2.0,1.0,2.0,2.0,2.0,2.0,1.0,2.0,1,1.0,1.0,1,2.0,2.0,0.0,2,1,0.0,1,0.0,2.0,2.0,1.0,2.0,2.0,1.0,2.0,2.0,2.0,2.0,,2.0,2.0,2.0,2,0.0,2.0,0.0,2.0,2.0,,,0.0,1.0,77,6
2.0,0,1.0,1,1,0.0,2.0,0.0,1.0,1.0,0.0,0.0,1,2.0,1.0,2.0,0.0,2.0,2.0,1,2.0,2.0,2.0,1.0,,1.0,1,2.0,,1.0,2.0,0.0,2.0,2.0,1.0,2.0,2.0,1.0,2.0,1,1.0,1.0,1,2.0,2.0,2.0,1,1,2.0,1,0.0,2.0,2.0,1.0,1.0,2.0,1.0,2.0,2.0,0.0,2.0,2.0,1.0,2.0,2.0,0,2.0,2.0,2.0,2.0,2.0,,2.0,2.0,2.0,78,6
2.0,1,2.0,1,0,2.0,2.0,1.0,1.0,1.0,1.0,2.0,1,2.0,0.0,2.0,,1.0,0.0,1,2.0,2.0,2.0,1.0,0.0,0.0,1,2.0,2.0,2.0,1.0,1.0,2.0,0.0,1.0,2.0,1.0,2.0,2.0,2,2.0,1.0,0,2.0,2.0,1.0,1,1,2.0,1,1.0,2.0,2.0,2.0,0.0,2.0,1.0,2.0,2.0,2.0,2.0,1.0,2.0,2.0,2.0,1,2.0,2.0,1.0,2.0,0.0,0.0,2.0,2.0,2.0,79,6
2.0,1,0.0,1,1,2.0,0.0,1.0,2.0,2.0,1.0,2.0,1,0.0,1.0,2.0,2.0,2.0,2.0,1,2.0,1.0,0.0,2.0,,2.0,0,1.0,,2.0,2.0,2.0,2.0,2.0,2.0,2.0,0.0,2.0,2.0,1,0.0,1.0,1,2.0,2.0,2.0,2,1,2.0,0,1.0,2.0,0.0,1.0,1.0,2.0,1.0,2.0,2.0,2.0,,,2.0,2.0,2.0,1,2.0,2.0,2.0,2.0,,0.0,,,2.0,80,6
1.0,1,1.0,1,1,2.0,2.0,0.0,0.0,1.0,1.0,2.0,1,2.0,1.0,2.0,2.0,0.0,2.0,1,2.0,0.0,2.0,1.0,,1.0,0,2.0,,2.0,1.0,1.0,0.0,2.0,2.0,2.0,2.0,2.0,2.0,1,1.0,1.0,1,2.0,2.0,1.0,1,1,2.0,1,1.0,2.0,2.0,2.0,0.0,1.0,2.0,2.0,2.0,2.0,2.0,0.0,2.0,2.0,2.0,1,0.0,2.0,2.0,0.0,2.0,,2.0,2.0,2.0,81,6
,2,0.0,2,1,2.0,2.0,1.0,2.0,2.0,2.0,2.0,1,0.0,2.0,2.0,,2.0,2.0,2,2.0,2.0,2.0,0.0,,1.0,1,2.0,,2.0,2.0,2.0,2.0,,2.0,0.0,2.0,2.0,0.0,2,0.0,1.0,1,,0.0,2.0,2,1,2.0,1,2.0,2.0,2.0,1.0,1.0,0.0,2.0,2.0,2.0,0.0,2.0,0.0,1.0,2.0,2.0,2,2.0,,2.0,,,,,,2.0,82,6
2.0,1,1.0,1,1,2.0,2.0,2.0,1.0,1.0,1.0,2.0,1,2.0,1.0,2.0,2.0,2.0,2.0,0,2.0,2.0,2.0,2.0,,1.0,1,2.0,,2.0,1.0,0.0,1.0,0.0,2.0,2.0,2.0,1.0,2.0,1,2.0,1.0,1,2.0,0.0,1.0,0,0,0.0,1,1.0,1.0,2.0,2.0,1.0,2.0,0.0,2.0,2.0,2.0,1.0,2.0,0.0,2.0,2.0,1,2.0,2.0,0.0,2.0,2.0,,2.0,2.0,1.0,83,6
2.0,1,1.0,1,0,2.0,2.0,1.0,0.0,0.0,1.0,0.0,1,2.0,1.0,2.0,2.0,2.0,2.0,1,2.0,2.0,2.0,1.0,2.0,0.0,1,1.0,2.0,2.0,1.0,2.0,2.0,2.0,1.0,0.0,2.0,1.0,0.0,0,0.0,1.0,1,2.0,2.0,1.0,1,1,2.0,1,2.0,2.0,2.0,1.0,1.0,1.0,2.0,2.0,2.0,1.0,0.0,2.0,1.0,2.0,2.0,1,2.0,2.0,2.0,2.0,2.0,,2.0,2.0,2.0,84,6
2.0,1,2.0,1,0,0.0,2.0,1.0,1.0,1.0,0.0,2.0,1,1.0,2.0,2.0,,2.0,0.0,1,0.0,2.0,2.0,1.0,,1.0,1,2.0,,2.0,2.0,2.0,1.0,2.0,2.0,2.0,2.0,1.0,2.0,1,2.0,1.0,1,2.0,2.0,1.0,2,2,2.0,1,1.0,2.0,2.0,2.0,2.0,2.0,0.0,0.0,2.0,2.0,2.0,,2.0,0.0,0.0,1,2.0,0.0,2.0,2.0,2.0,,,2.0,2.0,85,6
,1,1.0,1,1,1.0,,1.0,0.0,1.0,1.0,,1,,1.0,,,,,1,1.0,0.0,,1.0,,1.0,1,,,,1.0,1.0,0.0,,1.0,,1.0,1.0,,0,1.0,1.0,0,,,1.0,1,0,0.0,1,0.0,,1.0,1.0,0.0,,1.0,,,,,,,1.0,,0,,,,1.0,,,,,1.0,86,6
,1,1.0,0,1,,,0.0,1.0,1.0,1.0,,0,,1.0,1.0,,1.0,1.0,1,,1.0,,1.0,,1.0,1,0.0,,0.0,1.0,,,0.0,1.0,1.0,1.0,1.0,,1,,,1,,,1.0,1,0,,0,1.0,,0.0,,1.0,,1.0,,,,,,1.0,,,1,,,,,0.0,,,,,87,6
2.0,1,1.0,1,1,2.0,2.0,1.0,0.0,0.0,2.0,2.0,1,2.0,1.0,2.0,,2.0,2.0,0,1.0,2.0,2.0,2.0,,1.0,1,0.0,,2.0,2.0,0.0,2.0,0.0,2.0,2.0,2.0,0.0,2.0,2,2.0,1.0,1,,2.0,1.0,1,2,2.0,1,1.0,2.0,2.0,2.0,2.0,2.0,2.0,2.0,2.0,2.0,1.0,2.0,1.0,2.0,0.0,1,2.0,2.0,0.0,2.0,2.0,0.0,2.0,2.0,2.0,88,6
2.0,0,2.0,1,1,2.0,2.0,1.0,2.0,1.0,1.0,0.0,1,2.0,0.0,2.0,2.0,2.0,2.0,1,2.0,2.0,2.0,1.0,,0.0,1,2.0,2.0,2.0,1.0,2.0,0.0,2.0,2.0,2.0,2.0,2.0,2.0,0,2.0,1.0,1,2.0,2.0,1.0,1,1,0.0,1,1.0,2.0,2.0,1.0,2.0,1.0,1.0,2.0,2.0,2.0,2.0,,2.0,2.0,2.0,1,2.0,2.0,0.0,0.0,0.0,,2.0,2.0,1.0,89,6
2.0,1,1.0,0,1,0.0,2.0,1.0,1.0,1.0,2.0,2.0,1,2.0,1.0,2.0,,2.0,2.0,1,0.0,0.0,2.0,1.0,,1.0,1,2.0,,1.0,1.0,1.0,2.0,2.0,2.0,0.0,2.0,1.0,2.0,1,2.0,0.0,0,,2.0,0.0,1,1,2.0,1,1.0,2.0,0.0,1.0,1.0,2.0,2.0,2.0,2.0,0.0,1.0,2.0,1.0,2.0,2.0,1,2.0,2.0,2.0,2.0,2.0,,2.0,2.0,2.0,90,6
2.0,1,1.0,1,1,0.0,2.0,2.0,2.0,2.0,2.0,0.0,1,0.0,1.0,2.0,0.0,2.0,2.0,1,2.0,2.0,2.0,2.0,,1.0,1,2.0,,2.0,2.0,2.0,1.0,0.0,2.0,2.0,2.0,2.0,0.0,1,2.0,0.0,1,1.0,2.0,2.0,2,0,2.0,1,2.0,2.0,2.0,2.0,2.0,2.0,0.0,2.0,2.0,2.0,,0.0,2.0,2.0,2.0,2,2.0,2.0,2.0,2.0,,,,2.0,2.0,91,6
2.0,1,2.0,1,1,0.0,0.0,2.0,0.0,1.0,2.0,2.0,1,2.0,0.0,2.0,,2.0,2.0,1,2.0,1.0,2.0,2.0,0.0,1.0,1,2.0,,2.0,1.0,2.0,0.0,2.0,2.0,2.0,2.0,0.0,0.0,1,0.0,1.0,1,,0.0,2.0,2,1,2.0,1,1.0,2.0,2.0,2.0,2.0,1.0,2.0,2.0,2.0,2.0,2.0,,2.0,2.0,2.0,1,2.0,2.0,2.0,1.0,2.0,,,2.0,2.0,92,6
2.0,0,2.0,1,1,2.0,0.0,1.0,2.0,1.0,2.0,2.0,1,,2.0,2.0,,2.0,2.0,1,0.0,2.0,2.0,2.0,,0.0,1,2.0,,2.0,0.0,1.0,1.0,2.0,1.0,2.0,2.0,1.0,2.0,1,1.0,1.0,1,,2.0,1.0,2,2,2.0,1,1.0,2.0,2.0,2.0,2.0,2.0,2.0,2.0,2.0,0.0,2.0,2.0,0.0,2.0,0.0,1,2.0,2.0,0.0,2.0,2.0,0.0,2.0,2.0,1.0,93,6
,1,1.0,1,1,0.0,,1.0,1.0,1.0,1.0,,0,,1.0,,,,1.0,1,,0.0,,,,1.0,1,0.0,,,0.0,1.0,1.0,1.0,1.0,1.0,,1.0,,1,,1.0,1,,,1.0,0,0,,0,1.0,,,,1.0,1.0,1.0,,,,,,,,,0,,,,,,,,0.0,,94,6
0.0,1,2.0,2,1,2.0,2.0,2.0,1.0,0.0,0.0,2.0,1,0.0,1.0,2.0,,1.0,2.0,1,2.0,2.0,2.0,2.0,0.0,1.0,1,2.0,0.0,1.0,1.0,2.0,2.0,2.0,1.0,2.0,2.0,2.0,2.0,1,1.0,2.0,2,,0.0,2.0,0,2,0.0,2,2.0,2.0,2.0,2.0,2.0,2.0,2.0,2.0,2.0,2.0,2.0,,2.0,2.0,2.0,2,2.0,,2.0,1.0,,,,0.0,2.0,95,6
0.0,1,1.0,1,1,2.0,2.0,1.0,1.0,0.0,1.0,2.0,1,2.0,1.0,2.0,2.0,0.0,2.0,1,1.0,2.0,2.0,1.0,2.0,1.0,1,2.0,0.0,2.0,1.0,2.0,2.0,2.0,0.0,2.0,2.0,0.0,2.0,1,0.0,1.0,0,,2.0,0.0,1,2,2.0,1,1.0,2.0,2.0,2.0,2.0,2.0,2.0,2.0,2.0,0.0,2.0,2.0,1.0,2.0,2.0,1,2.0,2.0,2.0,2.0,2.0,,2.0,2.0,2.0,96,6
2.0,1,0.0,1,1,2.0,2.0,2.0,1.0,0.0,2.0,2.0,1,1.0,2.0,2.0,,1.0,2.0,1,2.0,2.0,2.0,2.0,2.0,2.0,1,2.0,,2.0,2.0,2.0,2.0,1.0,0.0,2.0,2.0,1.0,,1,2.0,2.0,1,0.0,1.0,0.0,1,2,2.0,1,1.0,2.0,2.0,2.0,2.0,2.0,2.0,0.0,0.0,2.0,0.0,2.0,2.0,2.0,2.0,1,2.0,0.0,2.0,0.0,2.0,,2.0,2.0,2.0,97,6
2.0,1,2.0,1,1,0.0,2.0,2.0,1.0,1.0,2.0,2.0,2,2.0,2.0,2.0,2.0,2.0,2.0,1,2.0,2.0,2.0,2.0,,1.0,1,2.0,0.0,0.0,2.0,2.0,2.0,0.0,1.0,2.0,2.0,0.0,2.0,1,2.0,1.0,1,,0.0,2.0,2,1,2.0,0,1.0,2.0,2.0,0.0,2.0,2.0,2.0,0.0,2.0,2.0,2.0,,2.0,2.0,2.0,2,2.0,2.0,2.0,2.0,,,,0.0,2.0,98,6
2.0,1,2.0,2,0,2.0,0.0,2.0,2.0,2.0,0.0,2.0,1,2.0,0.0,1.0,,1.0,1.0,2,2.0,2.0,2.0,1.0,0.0,1.0,1,2.0,0.0,2.0,1.0,1.0,2.0,2.0,1.0,1.0,1.0,2.0,2.0,2,2.0,2.0,1,,0.0,2.0,1,0,2.0,1,2.0,0.0,2.0,2.0,1.0,2.0,2.0,2.0,2.0,1.0,2.0,0.0,2.0,,2.0,2,2.0,,,1.0,,,,,2.0,99,6
2.0,1,1.0,1,1,2.0,2.0,1.0,1.0,1.0,1.0,2.0,1,2.0,1.0,2.0,,2.0,2.0,1,0.0,2.0,2.0,1.0,,1.0,0,2.0,2.0,2.0,1.0,2.0,0.0,0.0,2.0,2.0,1.0,1.0,2.0,1,0.0,0.0,1,2.0,2.0,1.0,2,2,2.0,1,0.0,2.0,2.0,2.0,2.0,2.0,0.0,0.0,2.0,2.0,2.0,2.0,1.0,2.0,0.0,1,1.0,2.0,1.0,1.0,2.0,,2.0,2.0,1.0,100,6
2.0,1,0.0,1,1,2.0,0.0,1.0,2.0,1.0,2.0,1.0,1,0.0,0.0,2.0,0.0,2.0,2.0,1,2.0,0.0,2.0,1.0,,1.0,1,0.0,2.0,2.0,1.0,1.0,2.0,2.0,2.0,2.0,2.0,0.0,2.0,1,2.0,1.0,1,,2.0,2.0,1,1,2.0,1,2.0,2.0,2.0,0.0,2.0,2.0,2.0,2.0,2.0,2.0,2.0,,2.0,2.0,2.0,0,2.0,2.0,2.0,2.0,2.0,,1.0,2.0,2.0,101,6
2.0,0,1.0,1,1,2.0,2.0,1.0,0.0,0.0,1.0,2.0,1,2.0,1.0,2.0,2.0,2.0,2.0,1,0.0,0.0,2.0,0.0,,1.0,1,2.0,,2.0,2.0,2.0,2.0,0.0,0.0,2.0,2.0,1.0,2.0,1,2.0,1.0,1,2.0,2.0,1.0,1,1,2.0,1,1.0,2.0,0.0,2.0,1.0,2.0,2.0,0.0,2.0,2.0,1.0,2.0,1.0,2.0,2.0,1,2.0,2.0,2.0,2.0,2.0,,2.0,2.0,1.0,102,6
,1,0.0,0,1,,,1.0,1.0,1.0,1.0,,1,,1.0,,1.0,,0.0,1,,,,1.0,,,1,,,,1.0,,0.0,1.0,0.0,,0.0,1.0,,1,1.0,0.0,1,,,1.0,1,1,1.0,1,0.0,0.0,,1.0,1.0,,1.0,,,1.0,,,,,,1,,,,1.0,,,,,0.0,103,6
1.0,1,0.0,1,1,2.0,2.0,0.0,1.0,1.0,0.0,2.0,1,2.0,1.0,2.0,2.0,2.0,2.0,1,2.0,0.0,2.0,2.0,,2.0,1,2.0,,2.0,1.0,2.0,0.0,2.0,2.0,2.0,2.0,1.0,2.0,1,1.0,1.0,1,0.0,2.0,1.0,0,1,0.0,1,1.0,2.0,2.0,1.0,2.0,1.0,1.0,2.0,2.0,2.0,2.0,,0.0,1.0,2.0,1,2.0,2.0,0.0,2.0,2.0,,2.0,2.0,2.0,104,6
2.0,2,1.0,1,0,2.0,,2.0,1.0,2.0,2.0,2.0,1,0.0,2.0,2.0,,2.0,1.0,1,2.0,2.0,2.0,2.0,,1.0,1,2.0,,2.0,2.0,2.0,2.0,0.0,2.0,2.0,2.0,2.0,0.0,0,0.0,2.0,1,,2.0,2.0,2,2,1.0,1,2.0,2.0,2.0,2.0,2.0,2.0,2.0,1.0,2.0,2.0,,,2.0,0.0,2.0,1,0.0,2.0,0.0,2.0,,2.0,0.0,,2.0,105,6
0.0,0,1.0,1,0,,,1.0,1.0,1.0,1.0,,0,,1.0,0.0,,,,1,1.0,,,0.0,,1.0,1,,,,1.0,1.0,,,,,,1.0,,1,1.0,1.0,1,0.0,,1.0,1,1,,1,1.0,1.0,1.0,1.0,,,1.0,,,,,0.0,0.0,,1.0,0,,,,,,,,,,106,6
2.0,1,1.0,1,2,2.0,2.0,1.0,1.0,1.0,0.0,2.0,0,2.0,1.0,2.0,2.0,2.0,1.0,1,2.0,2.0,1.0,2.0,,1.0,1,2.0,,0.0,2.0,2.0,2.0,0.0,1.0,2.0,1.0,1.0,,1,1.0,2.0,1,2.0,2.0,1.0,1,2,2.0,0,1.0,2.0,2.0,2.0,0.0,2.0,1.0,2.0,2.0,0.0,0.0,2.0,2.0,2.0,2.0,1,2.0,1.0,0.0,0.0,1.0,,2.0,2.0,2.0,107,6
2.0,1,0.0,1,1,2.0,2.0,1.0,1.0,1.0,0.0,2.0,1,,2.0,2.0,,2.0,2.0,1,2.0,2.0,2.0,1.0,,2.0,1,2.0,,2.0,0.0,2.0,1.0,2.0,2.0,2.0,2.0,1.0,,1,0.0,2.0,1,0.0,2.0,1.0,1,2,1.0,0,1.0,2.0,2.0,2.0,2.0,2.0,1.0,0.0,2.0,2.0,2.0,,2.0,0.0,2.0,1,2.0,0.0,2.0,0.0,2.0,,2.0,2.0,2.0,108,6
,1,1.0,0,1,,,1.0,,1.0,0.0,,1,,0.0,,,,1.0,0,1.0,1.0,,1.0,,1.0,1,,,,1.0,,0.0,1.0,1.0,,,0.0,,1,,1.0,1,0.0,0.0,0.0,1,1,,1,1.0,,,,1.0,,1.0,,,1.0,,,,1.0,,1,,0.0,1.0,,,,,,,109,6
2.0,1,2.0,1,1,2.0,2.0,1.0,2.0,1.0,0.0,0.0,1,2.0,1.0,2.0,2.0,2.0,2.0,0,0.0,1.0,2.0,1.0,,2.0,1,2.0,0.0,2.0,0.0,2.0,1.0,2.0,2.0,2.0,0.0,1.0,2.0,1,1.0,1.0,1,2.0,2.0,2.0,2,1,2.0,1,0.0,2.0,2.0,2.0,1.0,2.0,1.0,2.0,2.0,2.0,2.0,,1.0,1.0,2.0,1,0.0,0.0,2.0,2.0,2.0,,,1.0,2.0,110,6
2.0,1,0.0,1,1,2.0,2.0,1.0,1.0,1.0,2.0,2.0,1,,2.0,2.0,,1.0,0.0,1,0.0,2.0,2.0,1.0,1.0,2.0,0,2.0,2.0,2.0,0.0,2.0,0.0,2.0,2.0,2.0,2.0,1.0,2.0,1,2.0,1.0,1,,2.0,1.0,1,2,2.0,1,1.0,2.0,2.0,2.0,2.0,2.0,2.0,2.0,2.0,2.0,2.0,2.0,0.0,0.0,2.0,1,2.0,2.0,2.0,2.0,2.0,0.0,2.0,0.0,2.0,111,6
2.0,2,2.0,1,1,2.0,2.0,1.0,2.0,1.0,1.0,1.0,1,2.0,1.0,1.0,0.0,2.0,2.0,1,2.0,2.0,0.0,2.0,,0.0,1,0.0,,2.0,2.0,2.0,1.0,2.0,2.0,2.0,2.0,1.0,2.0,1,2.0,1.0,2,,2.0,0.0,0,1,2.0,1,0.0,2.0,2.0,2.0,1.0,0.0,2.0,2.0,2.0,2.0,2.0,2.0,2.0,0.0,2.0,1,2.0,0.0,2.0,2.0,2.0,,,2.0,2.0,112,6
2.0,1,2.0,2,1,2.0,2.0,2.0,1.0,1.0,2.0,2.0,0,2.0,2.0,2.0,,2.0,2.0,1,2.0,2.0,2.0,2.0,0.0,1.0,1,2.0,,0.0,2.0,2.0,2.0,0.0,1.0,2.0,2.0,2.0,0.0,0,2.0,2.0,1,,0.0,2.0,2,1,0.0,1,2.0,2.0,2.0,2.0,2.0,2.0,2.0,2.0,2.0,2.0,,,2.0,2.0,2.0,2,2.0,2.0,2.0,2.0,,1.0,0.0,0.0,2.0,113,6
2.0,0,2.0,1,1,2.0,2.0,2.0,0.0,1.0,1.0,2.0,1,2.0,2.0,1.0,0.0,2.0,2.0,1,0.0,2.0,2.0,2.0,,0.0,1,2.0,,2.0,2.0,2.0,2.0,2.0,2.0,1.0,2.0,1.0,2.0,1,2.0,1.0,1,2.0,2.0,1.0,1,1,2.0,1,2.0,2.0,0.0,0.0,2.0,2.0,2.0,0.0,2.0,2.0,2.0,,2.0,0.0,2.0,1,2.0,2.0,2.0,2.0,0.0,,2.0,2.0,1.0,114,6
0.0,2,2.0,1,1,2.0,2.0,1.0,2.0,1.0,2.0,2.0,1,,1.0,0.0,,2.0,2.0,1,2.0,2.0,2.0,0.0,,1.0,2,0.0,,2.0,2.0,2.0,2.0,0.0,2.0,0.0,2.0,2.0,2.0,2,2.0,1.0,1,,0.0,2.0,2,2,2.0,1,2.0,2.0,2.0,2.0,2.0,2.0,0.0,2.0,2.0,2.0,,,2.0,0.0,2.0,1,2.0,2.0,2.0,2.0,,0.0,,,2.0,115,6
0.0,1,1.0,1,0,0.0,2.0,1.0,2.0,1.0,1.0,2.0,1,2.0,2.0,2.0,0.0,0.0,2.0,1,2.0,2.0,2.0,2.0,,2.0,1,2.0,,2.0,2.0,2.0,2.0,2.0,0.0,2.0,2.0,2.0,2.0,1,2.0,1.0,1,2.0,2.0,2.0,1,1,2.0,1,2.0,2.0,0.0,2.0,1.0,2.0,0.0,2.0,2.0,2.0,1.0,,2.0,2.0,2.0,1,2.0,2.0,2.0,2.0,0.0,,0.0,2.0,1.0,116,6
2.0,2,2.0,1,1,2.0,2.0,1.0,2.0,1.0,2.0,2.0,1,2.0,1.0,2.0,1.0,2.0,2.0,1,2.0,0.0,2.0,2.0,,1.0,1,2.0,,0.0,0.0,2.0,2.0,2.0,2.0,2.0,0.0,2.0,1.0,1,2.0,1.0,1,0.0,0.0,2.0,1,0,2.0,1,1.0,2.0,2.0,2.0,0.0,2.0,1.0,0.0,2.0,2.0,2.0,,2.0,2.0,2.0,2,2.0,2.0,2.0,2.0,,0.0,,2.0,2.0,117,6
2.0,1,1.0,1,1,2.0,2.0,0.0,1.0,2.0,2.0,2.0,1,0.0,0.0,2.0,2.0,2.0,1.0,1,2.0,0.0,1.0,2.0,2.0,1.0,1,2.0,1.0,2.0,1.0,0.0,2.0,2.0,2.0,2.0,0.0,2.0,2.0,1,2.0,1.0,1,,2.0,2.0,1,1,2.0,1,1.0,2.0,2.0,0.0,1.0,2.0,2.0,2.0,2.0,0.0,2.0,0.0,2.0,2.0,2.0,0,2.0,2.0,2.0,2.0,,,2.0,2.0,2.0,118,6
,2,2.0,2,1,,,2.0,2.0,1.0,2.0,2.0,1,0.0,2.0,2.0,,2.0,2.0,2,0.0,2.0,2.0,0.0,,1.0,1,2.0,,,0.0,2.0,2.0,2.0,2.0,2.0,2.0,2.0,0.0,2,2.0,2.0,1,,2.0,1.0,2,2,,2,2.0,2.0,1.0,1.0,2.0,2.0,2.0,0.0,2.0,0.0,1.0,0.0,2.0,2.0,2.0,1,2.0,2.0,2.0,0.0,0.0,,,,2.0,119,6
2.0,0,1.0,0,1,2.0,2.0,2.0,1.0,2.0,1.0,2.0,0,2.0,1.0,2.0,0.0,2.0,0.0,1,1.0,2.0,2.0,2.0,,2.0,1,2.0,,2.0,2.0,0.0,2.0,2.0,2.0,2.0,2.0,1.0,2.0,1,0.0,1.0,1,2.0,2.0,1.0,1,1,2.0,1,2.0,2.0,2.0,1.0,1.0,2.0,1.0,2.0,2.0,2.0,2.0,,2.0,2.0,2.0,1,2.0,0.0,0.0,2.0,2.0,0.0,2.0,2.0,2.0,120,6
2.0,1,2.0,1,1,2.0,2.0,1.0,1.0,1.0,2.0,2.0,1,,2.0,0.0,,0.0,2.0,1,0.0,2.0,2.0,1.0,2.0,2.0,0,2.0,0.0,2.0,1.0,1.0,2.0,2.0,1.0,2.0,2.0,0.0,2.0,1,2.0,1.0,0,,2.0,1.0,1,2,2.0,1,2.0,2.0,2.0,2.0,2.0,2.0,2.0,2.0,2.0,1.0,2.0,0.0,0.0,0.0,1.0,1,2.0,2.0,2.0,2.0,2.0,,2.0,2.0,2.0,121,6
,1,1.0,0,0,,,1.0,1.0,1.0,1.0,,0,,1.0,,,,,1,,1.0,,1.0,,1.0,1,0.0,,,0.0,1.0,1.0,,1.0,1.0,,1.0,,1,,1.0,1,,0.0,1.0,0,0,1.0,1,1.0,,,1.0,1.0,,1.0,,,,,,1.0,,,1,,,,,,,,0.0,0.0,122,6
2.0,1,1.0,1,1,2.0,2.0,2.0,1.0,1.0,2.0,2.0,1,,2.0,2.0,,2.0,2.0,1,2.0,2.0,2.0,0.0,0.0,2.0,2,2.0,,,2.0,2.0,2.0,2.0,2.0,2.0,2.0,0.0,,2,2.0,1.0,0,0.0,2.0,0.0,1,2,2.0,2,2.0,2.0,2.0,2.0,1.0,2.0,2.0,2.0,2.0,2.0,2.0,,2.0,2.0,2.0,1,2.0,2.0,0.0,2.0,0.0,,0.0,0.0,2.0,123,6
2.0,2,2.0,1,1,2.0,0.0,1.0,1.0,1.0,1.0,2.0,1,2.0,1.0,2.0,0.0,2.0,2.0,0,2.0,2.0,2.0,2.0,,2.0,1,2.0,,2.0,2.0,2.0,0.0,1.0,2.0,0.0,0.0,2.0,2.0,1,2.0,2.0,1,,2.0,1.0,1,0,2.0,1,2.0,2.0,2.0,2.0,2.0,2.0,2.0,2.0,0.0,1.0,2.0,2.0,1.0,0.0,1.0,1,2.0,0.0,2.0,2.0,2.0,1.0,2.0,,2.0,124,6
2.0,2,1.0,1,1,2.0,0.0,2.0,0.0,1.0,0.0,2.0,1,0.0,1.0,2.0,,2.0,2.0,1,2.0,2.0,2.0,2.0,0.0,1.0,1,2.0,,2.0,2.0,2.0,2.0,2.0,2.0,2.0,0.0,2.0,2.0,2,2.0,2.0,1,,2.0,2.0,0,1,2.0,1,2.0,2.0,2.0,2.0,0.0,2.0,2.0,2.0,2.0,2.0,,,2.0,2.0,2.0,1,,2.0,0.0,2.0,2.0,,0.0,,2.0,125,6
2.0,1,0.0,1,1,2.0,2.0,1.0,1.0,1.0,2.0,2.0,1,2.0,2.0,2.0,,2.0,2.0,1,0.0,1.0,2.0,0.0,,1.0,1,0.0,,2.0,1.0,2.0,0.0,2.0,2.0,0.0,2.0,0.0,0.0,1,2.0,1.0,1,,2.0,1.0,2,0,2.0,1,2.0,2.0,2.0,2.0,2.0,2.0,2.0,2.0,2.0,2.0,2.0,,1.0,2.0,2.0,1,2.0,2.0,2.0,2.0,2.0,,,0.0,2.0,126,6
,0,1.0,1,1,0.0,0.0,,0.0,1.0,1.0,,1,,,,,,,1,,,,1.0,,1.0,0,,,,1.0,1.0,1.0,,1.0,,,,,1,0.0,1.0,1,,1.0,1.0,1,0,1.0,1,1.0,,,1.0,1.0,1.0,1.0,,,1.0,,0.0,,,,1,0.0,,,,,,,,0.0,127,6
2.0,1,1.0,1,1,0.0,2.0,1.0,2.0,1.0,1.0,2.0,1,0.0,0.0,2.0,2.0,2.0,0.0,1,2.0,2.0,2.0,2.0,,1.0,1,2.0,,2.0,2.0,2.0,0.0,2.0,2.0,2.0,2.0,2.0,2.0,1,2.0,1.0,1,0.0,2.0,1.0,1,1,2.0,1,1.0,2.0,2.0,2.0,0.0,2.0,1.0,2.0,2.0,0.0,2.0,,0.0,2.0,2.0,1,2.0,2.0,0.0,2.0,2.0,,,2.0,2.0,128,6
1.0,1,1.0,1,0,2.0,2.0,1.0,0.0,0.0,1.0,2.0,1,2.0,2.0,2.0,2.0,2.0,2.0,1,1.0,1.0,2.0,0.0,,1.0,1,2.0,,2.0,2.0,2.0,2.0,2.0,2.0,2.0,2.0,1.0,0.0,1,2.0,1.0,0,0.0,2.0,1.0,1,1,2.0,1,2.0,1.0,2.0,1.0,2.0,0.0,1.0,2.0,2.0,0.0,2.0,2.0,1.0,0.0,2.0,1,2.0,2.0,2.0,2.0,2.0,,2.0,2.0,1.0,129,6
,2,2.0,0,1,2.0,0.0,2.0,2.0,2.0,2.0,2.0,1,,1.0,2.0,,2.0,2.0,1,2.0,0.0,2.0,2.0,0.0,2.0,1,2.0,2.0,2.0,0.0,2.0,2.0,,2.0,0.0,0.0,2.0,2.0,2,2.0,1.0,1,0.0,2.0,2.0,1,1,2.0,1,2.0,2.0,0.0,2.0,2.0,2.0,2.0,2.0,2.0,2.0,,,2.0,2.0,2.0,2,,,2.0,2.0,,,0.0,,2.0,130,6
2.0,1,1.0,1,1,2.0,2.0,2.0,2.0,1.0,0.0,2.0,1,0.0,1.0,2.0,2.0,2.0,2.0,1,2.0,2.0,2.0,1.0,,1.0,1,2.0,,2.0,0.0,2.0,2.0,2.0,2.0,0.0,2.0,2.0,2.0,1,2.0,0.0,1,2.0,2.0,2.0,1,1,2.0,1,2.0,0.0,1.0,1.0,2.0,2.0,0.0,2.0,0.0,2.0,2.0,0.0,2.0,2.0,2.0,1,2.0,2.0,2.0,2.0,2.0,,2.0,2.0,0.0,131,6
,1,0.0,1,0,,,0.0,1.0,1.0,1.0,1.0,1,,,,,,,0,,1.0,,0.0,,1.0,1,,,0.0,1.0,,1.0,,1.0,,,1.0,,1,1.0,1.0,1,,,1.0,1,1,,0,1.0,1.0,0.0,1.0,1.0,,1.0,,,1.0,0.0,,1.0,0.0,1.0,1,1.0,,,,,,,,,132,6
2.0,1,1.0,1,1,2.0,2.0,1.0,1.0,1.0,1.0,2.0,1,2.0,1.0,0.0,2.0,1.0,2.0,1,2.0,0.0,2.0,2.0,,1.0,0,2.0,,2.0,2.0,0.0,2.0,2.0,2.0,2.0,0.0,1.0,2.0,1,2.0,0.0,1,2.0,2.0,1.0,1,1,2.0,1,1.0,1.0,2.0,0.0,1.0,2.0,1.0,0.0,2.0,2.0,2.0,,0.0,2.0,2.0,1,2.0,2.0,2.0,2.0,0.0,,2.0,2.0,2.0,133,6
2.0,1,1.0,1,1,2.0,2.0,1.0,1.0,1.0,2.0,2.0,0,1.0,2.0,2.0,,2.0,2.0,1,0.0,2.0,2.0,1.0,,1.0,1,2.0,,2.0,0.0,2.0,2.0,2.0,1.0,2.0,2.0,0.0,2.0,0,2.0,1.0,1,,2.0,1.0,1,2,2.0,1,1.0,2.0,2.0,0.0,2.0,2.0,2.0,2.0,0.0,2.0,2.0,0.0,1.0,2.0,2.0,1,2.0,2.0,2.0,2.0,2.0,0.0,2.0,0.0,2.0,134,6
2.0,1,1.0,1,0,2.0,2.0,1.0,2.0,1.0,2.0,2.0,1,0.0,1.0,2.0,,0.0,2.0,1,2.0,2.0,2.0,1.0,0.0,2.0,1,2.0,2.0,2.0,2.0,2.0,1.0,2.0,2.0,2.0,2.0,2.0,0.0,0,2.0,1.0,1,2.0,2.0,1.0,2,1,0.0,1,0.0,2.0,2.0,2.0,2.0,2.0,2.0,2.0,2.0,2.0,,,2.0,0.0,0.0,2,2.0,2.0,2.0,2.0,,,,2.0,2.0,135,6
,0,2.0,1,1,2.0,2.0,2.0,1.0,1.0,2.0,2.0,2,1.0,2.0,2.0,,2.0,1.0,0,2.0,2.0,2.0,1.0,0.0,2.0,1,2.0,0.0,2.0,2.0,1.0,2.0,2.0,1.0,2.0,2.0,1.0,2.0,2,2.0,0.0,1,0.0,2.0,2.0,1,1,2.0,1,2.0,2.0,2.0,0.0,2.0,0.0,1.0,0.0,2.0,2.0,2.0,2.0,2.0,2.0,2.0,1,2.0,0.0,2.0,2.0,2.0,,,2.0,2.0,136,6
0.0,1,1.0,1,1,0.0,2.0,1.0,2.0,1.0,0.0,2.0,1,2.0,1.0,2.0,2.0,2.0,2.0,1,2.0,0.0,2.0,1.0,,1.0,2,2.0,,2.0,1.0,2.0,2.0,2.0,0.0,2.0,2.0,1.0,2.0,1,2.0,1.0,1,1.0,0.0,0.0,1,0,1.0,1,0.0,2.0,1.0,2.0,1.0,2.0,2.0,2.0,2.0,2.0,2.0,0.0,2.0,2.0,2.0,2,2.0,2.0,2.0,2.0,2.0,,,2.0,2.0,137,6
2.0,1,1.0,0,1,2.0,2.0,1.0,1.0,2.0,1.0,0.0,0,2.0,1.0,2.0,,2.0,2.0,0,2.0,0.0,2.0,2.0,0.0,1.0,1,1.0,,2.0,1.0,0.0,1.0,2.0,2.0,1.0,2.0,1.0,2.0,2,2.0,2.0,1,0.0,2.0,1.0,0,1,2.0,1,2.0,1.0,2.0,1.0,1.0,2.0,2.0,2.0,2.0,2.0,1.0,2.0,1.0,1.0,2.0,1,2.0,2.0,2.0,2.0,2.0,,0.0,,2.0,138,6
2.0,1,1.0,1,1,0.0,2.0,0.0,0.0,1.0,1.0,2.0,1,2.0,2.0,2.0,2.0,2.0,2.0,1,2.0,2.0,2.0,2.0,,1.0,1,2.0,0.0,2.0,1.0,0.0,0.0,2.0,2.0,2.0,2.0,1.0,2.0,1,0.0,1.0,1,2.0,1.0,1.0,1,1,2.0,1,0.0,2.0,2.0,2.0,1.0,2.0,2.0,0.0,2.0,2.0,2.0,2.0,2.0,2.0,2.0,1,2.0,0.0,2.0,2.0,2.0,,2.0,2.0,2.0,139,6
,0,1.0,1,1,,,0.0,1.0,0.0,1.0,,1,,0.0,1.0,,1.0,1.0,1,,,1.0,1.0,0.0,1.0,0,,,,1.0,1.0,1.0,,1.0,1.0,1.0,1.0,,1,,0.0,1,,1.0,1.0,0,1,,1,0.0,0.0,,,1.0,1.0,1.0,,,1.0,,,1.0,,1.0,1,,,,,,,,,1.0,140,6
2.0,0,1.0,1,1,0.0,2.0,1.0,1.0,1.0,2.0,2.0,1,2.0,1.0,0.0,,2.0,2.0,1,0.0,2.0,2.0,2.0,,2.0,1,2.0,,2.0,0.0,2.0,1.0,2.0,2.0,2.0,0.0,1.0,2.0,1,1.0,0.0,1,2.0,2.0,1.0,1,0,2.0,1,1.0,2.0,2.0,2.0,1.0,2.0,1.0,2.0,0.0,2.0,2.0,,2.0,2.0,1.0,1,1.0,2.0,2.0,2.0,0.0,,2.0,2.0,2.0,141,6
0.0,1,1.0,0,1,0.0,2.0,1.0,1.0,1.0,1.0,2.0,1,2.0,2.0,2.0,0.0,2.0,2.0,1,2.0,2.0,2.0,1.0,,1.0,1,2.0,2.0,2.0,1.0,2.0,1.0,2.0,2.0,1.0,2.0,0.0,2.0,1,2.0,0.0,1,2.0,2.0,2.0,1,0,1.0,1,1.0,2.0,2.0,2.0,2.0,2.0,0.0,2.0,0.0,2.0,2.0,2.0,1.0,0.0,2.0,1,2.0,2.0,2.0,2.0,2.0,,2.0,2.0,2.0,142,6
0.0,1,1.0,1,1,0.0,2.0,2.0,1.0,1.0,2.0,2.0,1,2.0,1.0,2.0,,2.0,2.0,1,2.0,2.0,2.0,2.0,,1.0,1,2.0,,2.0,1.0,0.0,2.0,2.0,2.0,2.0,2.0,0.0,2.0,1,2.0,1.0,0,2.0,0.0,1.0,1,1,0.0,1,1.0,2.0,2.0,2.0,0.0,2.0,1.0,0.0,2.0,2.0,2.0,1.0,2.0,2.0,2.0,1,2.0,2.0,2.0,0.0,2.0,,2.0,2.0,2.0,143,6
2.0,1,1.0,1,1,0.0,2.0,2.0,1.0,1.0,1.0,1.0,2,2.0,2.0,2.0,2.0,2.0,2.0,0,2.0,2.0,2.0,2.0,0.0,1.0,1,2.0,,2.0,1.0,2.0,2.0,2.0,2.0,2.0,2.0,2.0,1.0,0,0.0,1.0,2,0.0,0.0,2.0,1,0,2.0,1,1.0,2.0,2.0,2.0,1.0,0.0,1.0,2.0,2.0,2.0,,,2.0,2.0,2.0,1,1.0,2.0,2.0,2.0,0.0,,,2.0,2.0,144,6
2.0,1,1.0,1,0,2.0,2.0,0.0,2.0,1.0,2.0,0.0,2,2.0,1.0,2.0,2.0,2.0,2.0,1,2.0,1.0,2.0,1.0,,1.0,1,2.0,0.0,1.0,1.0,1.0,2.0,2.0,2.0,2.0,1.0,1.0,2.0,0,2.0,1.0,0,2.0,0.0,2.0,1,1,2.0,1,1.0,2.0,2.0,2.0,1.0,2.0,0.0,2.0,2.0,2.0,2.0,2.0,1.0,2.0,2.0,1,0.0,2.0,2.0,2.0,0.0,,,2.0,1.0,145,6
2.0,1,1.0,1,1,2.0,2.0,2.0,1.0,1.0,2.0,2.0,1,2.0,1.0,2.0,,2.0,2.0,1,2.0,2.0,2.0,0.0,,1.0,2,2.0,,2.0,2.0,1.0,2.0,2.0,1.0,2.0,2.0,1.0,,1,2.0,2.0,0,2.0,2.0,0.0,1,2,2.0,1,2.0,0.0,1.0,2.0,2.0,2.0,2.0,0.0,2.0,1.0,0.0,0.0,0.0,0.0,1.0,2,2.0,2.0,2.0,2.0,2.0,,,0.0,2.0,146,6
2.0,1,1.0,1,1,1.0,2.0,2.0,1.0,0.0,1.0,2.0,1,2.0,1.0,2.0,2.0,1.0,2.0,1,2.0,2.0,2.0,1.0,2.0,1.0,0,2.0,0.0,2.0,1.0,2.0,0.0,2.0,1.0,2.0,1.0,2.0,2.0,0,2.0,1.0,1,2.0,2.0,2.0,1,1,0.0,1,1.0,0.0,0.0,1.0,0.0,0.0,1.0,2.0,2.0,2.0,2.0,2.0,2.0,2.0,2.0,1,2.0,2.0,2.0,2.0,2.0,,2.0,2.0,1.0,147,6
0.0,1,1.0,1,1,0.0,2.0,1.0,0.0,1.0,1.0,2.0,1,2.0,2.0,2.0,2.0,2.0,2.0,1,1.0,2.0,2.0,0.0,,1.0,1,2.0,,2.0,1.0,1.0,2.0,2.0,2.0,2.0,2.0,0.0,2.0,1,2.0,1.0,0,2.0,2.0,0.0,1,1,2.0,1,1.0,2.0,2.0,2.0,0.0,2.0,2.0,2.0,2.0,2.0,1.0,2.0,0.0,2.0,2.0,1,2.0,2.0,2.0,2.0,2.0,0.0,2.0,2.0,2.0,148,6
2.0,1,2.0,1,1,0.0,2.0,2.0,1.0,1.0,2.0,2.0,1,2.0,2.0,2.0,,2.0,2.0,1,0.0,0.0,2.0,2.0,,0.0,1,2.0,,2.0,1.0,1.0,2.0,2.0,2.0,2.0,2.0,1.0,2.0,1,2.0,1.0,1,,0.0,2.0,0,1,2.0,1,2.0,2.0,2.0,0.0,1.0,2.0,2.0,2.0,2.0,2.0,0.0,2.0,2.0,2.0,2.0,1,2.0,2.0,2.0,2.0,2.0,,0.0,2.0,0.0,149,6
2.0,1,2.0,1,1,2.0,2.0,1.0,2.0,1.0,2.0,2.0,1,,2.0,2.0,,2.0,2.0,1,0.0,2.0,0.0,1.0,,2.0,1,2.0,,2.0,0.0,2.0,1.0,2.0,2.0,0.0,2.0,2.0,,1,2.0,0.0,1,,2.0,1.0,1,2,2.0,1,2.0,2.0,2.0,2.0,2.0,2.0,2.0,2.0,2.0,2.0,1.0,0.0,2.0,2.0,0.0,1,0.0,0.0,2.0,0.0,2.0,,2.0,2.0,1.0,150,6
2.0,0,2.0,2,1,2.0,2.0,0.0,2.0,2.0,1.0,2.0,1,2.0,2.0,0.0,,2.0,0.0,1,2.0,2.0,0.0,2.0,1.0,2.0,1,2.0,0.0,2.0,2.0,2.0,2.0,1.0,2.0,2.0,2.0,2.0,2.0,2,2.0,1.0,1,,2.0,1.0,1,1,2.0,1,2.0,2.0,0.0,2.0,1.0,2.0,2.0,2.0,2.0,2.0,0.0,,2.0,1.0,2.0,1,0.0,2.0,2.0,2.0,2.0,,,0.0,2.0,151,6
2.0,1,1.0,1,0,2.0,2.0,1.0,0.0,1.0,1.0,2.0,0,2.0,0.0,2.0,2.0,2.0,2.0,1,1.0,0.0,2.0,2.0,,1.0,1,2.0,,2.0,2.0,2.0,2.0,0.0,0.0,2.0,2.0,1.0,2.0,1,2.0,2.0,1,0.0,2.0,1.0,1,1,2.0,1,1.0,1.0,2.0,2.0,1.0,2.0,2.0,2.0,2.0,2.0,2.0,,2.0,2.0,2.0,1,2.0,0.0,2.0,0.0,2.0,,2.0,2.0,2.0,152,6
2.0,1,1.0,1,0,2.0,2.0,1.0,1.0,1.0,2.0,2.0,1,0.0,1.0,2.0,,2.0,0.0,0,2.0,2.0,2.0,2.0,,1.0,1,2.0,,2.0,1.0,2.0,1.0,2.0,2.0,2.0,2.0,1.0,2.0,1,2.0,1.0,1,2.0,0.0,1.0,1,1,0.0,0,1.0,2.0,2.0,1.0,2.0,2.0,1.0,2.0,2.0,0.0,2.0,2.0,1.0,2.0,0.0,1,1.0,2.0,2.0,2.0,2.0,,2.0,2.0,0.0,153,6
2.0,1,0.0,0,1,0.0,0.0,2.0,2.0,1.0,1.0,2.0,1,0.0,2.0,2.0,0.0,2.0,2.0,1,2.0,2.0,2.0,2.0,2.0,1.0,1,2.0,,0.0,1.0,2.0,2.0,2.0,2.0,2.0,2.0,2.0,2.0,1,0.0,1.0,1,1.0,2.0,2.0,2,1,1.0,1,2.0,2.0,2.0,2.0,1.0,2.0,0.0,2.0,2.0,2.0,,,2.0,2.0,2.0,1,2.0,2.0,2.0,2.0,2.0,,,2.0,0.0,154,6
,1,0.0,1,0,,,0.0,1.0,1.0,1.0,,0,,1.0,1.0,,1.0,1.0,1,1.0,,1.0,1.0,,1.0,1,,,,,1.0,1.0,0.0,1.0,,1.0,1.0,,1,1.0,1.0,1,,,0.0,1,1,,1,1.0,0.0,1.0,0.0,1.0,,1.0,,,1.0,,,1.0,,0.0,1,,,0.0,,,,,,,155,6
2.0,1,2.0,1,1,2.0,0.0,0.0,1.0,0.0,2.0,2.0,1,2.0,1.0,2.0,,2.0,0.0,1,2.0,2.0,2.0,2.0,,1.0,1,1.0,2.0,2.0,0.0,2.0,2.0,2.0,2.0,0.0,2.0,2.0,2.0,1,2.0,1.0,1,,2.0,1.0,1,1,2.0,1,2.0,2.0,2.0,0.0,2.0,2.0,2.0,2.0,2.0,2.0,2.0,,2.0,2.0,2.0,1,0.0,2.0,2.0,0.0,2.0,,2.0,0.0,2.0,156,6
2.0,1,1.0,1,0,2.0,2.0,1.0,1.0,1.0,2.0,2.0,1,0.0,1.0,2.0,2.0,0.0,2.0,1,1.0,2.0,2.0,2.0,,2.0,0,2.0,,2.0,2.0,2.0,2.0,2.0,0.0,2.0,2.0,1.0,2.0,0,1.0,1.0,1,2.0,0.0,1.0,1,1,2.0,1,2.0,2.0,2.0,2.0,1.0,2.0,2.0,2.0,0.0,2.0,2.0,,2.0,0.0,2.0,1,2.0,2.0,0.0,2.0,2.0,,2.0,2.0,2.0,157,6
2.0,1,2.0,0,1,2.0,2.0,2.0,2.0,1.0,2.0,2.0,1,0.0,1.0,2.0,,2.0,2.0,1,2.0,2.0,2.0,2.0,,1.0,1,0.0,,2.0,2.0,2.0,0.0,2.0,0.0,2.0,2.0,2.0,2.0,1,2.0,2.0,1,,0.0,2.0,1,1,2.0,1,1.0,2.0,2.0,0.0,2.0,2.0,1.0,2.0,2.0,2.0,2.0,,2.0,2.0,0.0,1,2.0,2.0,2.0,0.0,2.0,0.0,2.0,2.0,2.0,158,6
2.0,0,2.0,1,1,2.0,2.0,1.0,2.0,1.0,1.0,2.0,1,2.0,1.0,2.0,0.0,0.0,2.0,0,2.0,2.0,0.0,2.0,,2.0,1,2.0,,2.0,2.0,2.0,2.0,1.0,2.0,2.0,0.0,2.0,2.0,1,2.0,1.0,0,,2.0,1.0,1,1,2.0,1,1.0,2.0,2.0,2.0,1.0,2.0,2.0,0.0,2.0,2.0,2.0,0.0,2.0,2.0,2.0,2,0.0,2.0,2.0,2.0,2.0,,,1.0,2.0,159,6
2.0,1,1.0,1,1,0.0,2.0,1.0,1.0,0.0,2.0,2.0,1,2.0,1.0,2.0,,1.0,2.0,1,2.0,2.0,2.0,2.0,,1.0,1,1.0,,0.0,1.0,2.0,2.0,0.0,2.0,2.0,2.0,0.0,2.0,1,2.0,1.0,1,2.0,2.0,0.0,1,1,2.0,0,1.0,2.0,2.0,2.0,2.0,2.0,0.0,0.0,2.0,2.0,2.0,,2.0,2.0,2.0,1,2.0,2.0,2.0,0.0,2.0,,2.0,2.0,2.0,160,6
2.0,1,1.0,1,1,2.0,2.0,0.0,1.0,0.0,1.0,2.0,1,2.0,1.0,2.0,2.0,2.0,2.0,1,2.0,0.0,2.0,2.0,,1.0,1,2.0,,2.0,0.0,2.0,2.0,2.0,2.0,2.0,2.0,1.0,2.0,1,2.0,1.0,1,2.0,1.0,1.0,0,1,2.0,0,1.0,2.0,2.0,2.0,1.0,2.0,0.0,2.0,2.0,0.0,2.0,2.0,1.0,2.0,2.0,1,2.0,2.0,2.0,0.0,2.0,,0.0,2.0,1.0,161,6
2.0,1,2.0,1,1,0.0,2.0,1.0,2.0,1.0,1.0,2.0,1,2.0,0.0,2.0,2.0,2.0,2.0,1,0.0,0.0,2.0,2.0,,0.0,1,2.0,,0.0,1.0,2.0,0.0,2.0,0.0,2.0,2.0,2.0,2.0,1,1.0,1.0,1,,2.0,1.0,1,1,2.0,1,2.0,2.0,2.0,2.0,1.0,2.0,2.0,2.0,2.0,2.0,2.0,,2.0,2.0,0.0,1,2.0,2.0,2.0,2.0,2.0,,0.0,2.0,1.0,162,6
2.0,1,1.0,1,1,2.0,2.0,1.0,1.0,2.0,1.0,2.0,1,2.0,2.0,2.0,2.0,2.0,2.0,1,2.0,2.0,0.0,2.0,,1.0,1,2.0,,0.0,2.0,2.0,2.0,2.0,0.0,2.0,2.0,2.0,0.0,1,0.0,1.0,1,2.0,2.0,2.0,0,1,2.0,0,2.0,2.0,2.0,0.0,1.0,2.0,2.0,2.0,1.0,0.0,2.0,,2.0,2.0,2.0,1,0.0,1.0,2.0,2.0,1.0,2.0,2.0,2.0,2.0,163,6
1.0,1,1.0,1,1,,,1.0,1.0,1.0,0.0,,1,,0.0,1.0,,1.0,1.0,0,1.0,1.0,1.0,1.0,,1.0,0,,,,1.0,1.0,1.0,1.0,0.0,1.0,1.0,1.0,,0,1.0,1.0,1,,,0.0,0,1,0.0,1,1.0,1.0,,1.0,1.0,,1.0,,,,,,0.0,,1.0,1,,,,,,,,,1.0,164,6
2.0,1,1.0,1,0,2.0,2.0,1.0,0.0,1.0,2.0,2.0,1,2.0,2.0,2.0,,2.0,2.0,1,0.0,2.0,2.0,1.0,0.0,1.0,1,2.0,2.0,2.0,0.0,0.0,2.0,2.0,1.0,2.0,2.0,0.0,2.0,1,0.0,1.0,1,2.0,2.0,1.0,1,1,2.0,1,2.0,2.0,2.0,2.0,1.0,2.0,1.0,2.0,2.0,1.0,2.0,2.0,1.0,2.0,2.0,0,2.0,2.0,2.0,2.0,0.0,,2.0,2.0,1.0,165,6
,1,2.0,1,1,2.0,2.0,1.0,0.0,1.0,2.0,2.0,1,0.0,2.0,2.0,,2.0,2.0,1,2.0,2.0,2.0,2.0,,1.0,1,2.0,,0.0,2.0,2.0,2.0,2.0,1.0,2.0,2.0,2.0,2.0,0,0.0,2.0,1,,2.0,2.0,2,0,2.0,1,2.0,2.0,2.0,2.0,2.0,2.0,2.0,2.0,2.0,2.0,2.0,0.0,2.0,2.0,0.0,1,2.0,2.0,2.0,0.0,,,,0.0,2.0,166,6
2.0,1,0.0,1,1,2.0,2.0,2.0,0.0,1.0,2.0,2.0,1,0.0,1.0,2.0,1.0,2.0,2.0,1,2.0,2.0,2.0,2.0,,1.0,1,2.0,0.0,0.0,2.0,0.0,0.0,2.0,2.0,2.0,2.0,2.0,2.0,1,2.0,0.0,1,2.0,2.0,1.0,1,1,2.0,1,2.0,2.0,2.0,2.0,2.0,2.0,1.0,2.0,2.0,2.0,,,2.0,2.0,2.0,1,1.0,2.0,2.0,0.0,2.0,,2.0,2.0,0.0,167,6
2.0,1,1.0,1,1,2.0,2.0,1.0,2.0,1.0,1.0,2.0,1,2.0,0.0,2.0,,2.0,0.0,0,2.0,2.0,2.0,2.0,,2.0,1,2.0,,2.0,2.0,2.0,1.0,1.0,2.0,2.0,2.0,1.0,,2,2.0,1.0,1,2.0,1.0,1.0,2,2,2.0,1,1.0,2.0,0.0,2.0,2.0,2.0,0.0,2.0,0.0,2.0,2.0,2.0,2.0,0.0,0.0,1,2.0,2.0,0.0,2.0,2.0,,,0.0,1.0,168,6
2.0,1,0.0,1,1,2.0,2.0,1.0,2.0,2.0,2.0,2.0,1,,2.0,2.0,,0.0,2.0,1,2.0,2.0,2.0,2.0,,2.0,1,2.0,,0.0,2.0,0.0,2.0,2.0,2.0,2.0,0.0,2.0,2.0,1,1.0,2.0,1,2.0,2.0,2.0,1,1,2.0,1,2.0,0.0,2.0,2.0,0.0,2.0,2.0,2.0,2.0,2.0,0.0,,0.0,2.0,2.0,1,2.0,2.0,2.0,2.0,2.0,0.0,2.0,,2.0,169,6
2.0,1,0.0,1,1,2.0,2.0,1.0,2.0,2.0,2.0,2.0,1,2.0,2.0,2.0,,2.0,2.0,1,2.0,0.0,2.0,1.0,,1.0,1,0.0,,0.0,1.0,1.0,2.0,2.0,2.0,2.0,2.0,1.0,2.0,1,2.0,1.0,0,2.0,2.0,1.0,2,0,2.0,1,0.0,2.0,2.0,2.0,1.0,2.0,1.0,2.0,2.0,0.0,2.0,2.0,2.0,2.0,0.0,1,0.0,2.0,2.0,2.0,2.0,,,2.0,2.0,170,6
2.0,0,1.0,1,1,2.0,2.0,1.0,1.0,2.0,2.0,0.0,2,2.0,1.0,0.0,,2.0,2.0,1,2.0,2.0,2.0,1.0,,2.0,1,2.0,0.0,2.0,2.0,1.0,2.0,0.0,2.0,2.0,2.0,2.0,2.0,2,2.0,1.0,1,,2.0,1.0,2,0,2.0,1,1.0,2.0,2.0,1.0,0.0,2.0,2.0,2.0,2.0,0.0,,,2.0,2.0,2.0,1,0.0,2.0,2.0,2.0,0.0,,,,2.0,171,6
0.0,1,1.0,1,1,2.0,2.0,1.0,2.0,1.0,0.0,2.0,1,2.0,1.0,2.0,2.0,0.0,0.0,1,2.0,2.0,2.0,1.0,,1.0,1,2.0,,0.0,2.0,2.0,2.0,2.0,2.0,2.0,2.0,0.0,2.0,1,2.0,1.0,1,2.0,2.0,2.0,1,1,2.0,1,2.0,0.0,2.0,2.0,1.0,2.0,0.0,2.0,2.0,2.0,2.0,,2.0,0.0,2.0,1,2.0,2.0,2.0,2.0,2.0,,2.0,2.0,0.0,172,6
2.0,0,2.0,1,1,1.0,2.0,1.0,0.0,1.0,2.0,2.0,1,2.0,1.0,2.0,,2.0,2.0,1,0.0,2.0,2.0,1.0,,1.0,1,0.0,,2.0,2.0,2.0,2.0,2.0,2.0,0.0,2.0,1.0,2.0,0,2.0,0.0,1,0.0,1.0,1.0,1,1,2.0,1,2.0,2.0,2.0,1.0,2.0,0.0,2.0,2.0,2.0,2.0,2.0,,2.0,2.0,2.0,1,1.0,2.0,2.0,2.0,2.0,0.0,2.0,2.0,2.0,173,6
2.0,1,0.0,1,1,2.0,2.0,1.0,1.0,2.0,1.0,2.0,1,2.0,0.0,2.0,2.0,2.0,2.0,1,2.0,0.0,0.0,1.0,2.0,1.0,0,2.0,2.0,2.0,1.0,1.0,2.0,2.0,0.0,2.0,2.0,2.0,2.0,1,1.0,1.0,1,2.0,2.0,1.0,1,1,2.0,1,0.0,2.0,1.0,0.0,0.0,2.0,1.0,2.0,2.0,2.0,1.0,2.0,2.0,2.0,2.0,1,2.0,2.0,2.0,2.0,2.0,,2.0,0.0,2.0,174,6
2.0,1,0.0,1,1,2.0,2.0,2.0,2.0,1.0,1.0,2.0,1,0.0,1.0,2.0,0.0,2.0,2.0,1,2.0,2.0,2.0,2.0,,0.0,1,2.0,2.0,2.0,0.0,0.0,2.0,1.0,2.0,2.0,0.0,2.0,2.0,1,2.0,1.0,1,2.0,2.0,1.0,1,1,2.0,1,2.0,2.0,0.0,1.0,1.0,2.0,0.0,2.0,2.0,2.0,2.0,,2.0,2.0,2.0,1,2.0,2.0,2.0,2.0,0.0,,,2.0,2.0,175,6
2.0,1,0.0,1,1,1.0,2.0,0.0,1.0,1.0,1.0,2.0,1,2.0,1.0,2.0,2.0,2.0,2.0,1,2.0,2.0,2.0,0.0,,2.0,1,2.0,,2.0,1.0,2.0,0.0,0.0,1.0,2.0,2.0,1.0,,0,1.0,1.0,2,2.0,2.0,1.0,1,1,0.0,1,1.0,2.0,2.0,2.0,2.0,0.0,1.0,2.0,2.0,2.0,0.0,2.0,1.0,1.0,2.0,1,0.0,2.0,2.0,2.0,2.0,,,2.0,2.0,176,6
2.0,1,1.0,1,1,2.0,2.0,2.0,2.0,1.0,2.0,0.0,1,2.0,1.0,2.0,,2.0,2.0,1,2.0,2.0,2.0,2.0,1.0,1.0,1,2.0,,2.0,0.0,2.0,2.0,2.0,0.0,2.0,2.0,1.0,2.0,1,2.0,2.0,1,0.0,1.0,2.0,0,1,2.0,1,2.0,0.0,2.0,2.0,1.0,2.0,2.0,2.0,2.0,2.0,2.0,,2.0,2.0,2.0,0,2.0,0.0,2.0,0.0,2.0,,,0.0,2.0,177,6
2.0,1,1.0,1,1,0.0,2.0,2.0,2.0,1.0,1.0,2.0,1,0.0,1.0,2.0,2.0,2.0,0.0,1,2.0,2.0,2.0,2.0,,1.0,1,2.0,,0.0,2.0,2.0,2.0,0.0,2.0,2.0,1.0,2.0,0.0,1,1.0,0.0,1,2.0,2.0,2.0,2,1,2.0,1,0.0,2.0,2.0,0.0,1.0,2.0,0.0,2.0,2.0,2.0,,,2.0,2.0,2.0,1,2.0,2.0,2.0,2.0,2.0,,,2.0,2.0,178,6
2.0,1,0.0,1,1,2.0,2.0,1.0,2.0,1.0,1.0,2.0,1,2.0,1.0,2.0,2.0,0.0,2.0,1,2.0,0.0,2.0,2.0,,2.0,1,2.0,,2.0,2.0,2.0,2.0,0.0,2.0,0.0,2.0,1.0,2.0,1,1.0,1.0,1,2.0,2.0,1.0,1,1,2.0,1,0.0,0.0,2.0,2.0,1.0,0.0,2.0,2.0,0.0,2.0,2.0,,2.0,2.0,2.0,1,2.0,2.0,0.0,2.0,2.0,,,2.0,2.0,179,6
,1,1.0,1,0,,,1.0,0.0,1.0,1.0,1.0,1,,1.0,0.0,,,,1,1.0,,,1.0,,1.0,1,,,,1.0,1.0,0.0,,1.0,,,1.0,,0,,1.0,0,0.0,,0.0,1,1,,1,1.0,1.0,,1.0,,,,,,0.0,,0.0,1.0,1.0,,1,,,,,,,,,1.0,180,6
2.0,1,2.0,1,1,2.0,0.0,2.0,2.0,1.0,1.0,2.0,1,0.0,0.0,2.0,0.0,2.0,2.0,1,2.0,2.0,0.0,2.0,,1.0,1,2.0,2.0,2.0,1.0,2.0,2.0,2.0,2.0,2.0,2.0,2.0,2.0,0,2.0,1.0,1,2.0,2.0,1.0,0,1,2.0,1,2.0,1.0,2.0,2.0,0.0,2.0,2.0,2.0,2.0,2.0,2.0,,2.0,2.0,2.0,1,2.0,2.0,2.0,0.0,2.0,,,0.0,2.0,181,6
,1,1.0,1,1,,,1.0,1.0,1.0,,0.0,1,0.0,1.0,,,,1.0,1,,1.0,1.0,1.0,,1.0,0,,,,1.0,1.0,,,1.0,,,0.0,,0,,1.0,1,,,0.0,1,0,,1,1.0,,0.0,0.0,1.0,,,,,1.0,0.0,,1.0,,,1,,,,,,,,,,182,6
2.0,1,2.0,1,1,2.0,2.0,1.0,2.0,1.0,0.0,0.0,1,2.0,1.0,2.0,,2.0,1.0,1,2.0,2.0,2.0,1.0,,1.0,0,2.0,,0.0,2.0,2.0,2.0,2.0,2.0,2.0,2.0,2.0,2.0,1,0.0,2.0,1,,2.0,2.0,0,2,2.0,1,1.0,2.0,2.0,1.0,1.0,2.0,2.0,2.0,2.0,2.0,2.0,0.0,2.0,2.0,2.0,1,2.0,2.0,2.0,0.0,2.0,0.0,2.0,2.0,0.0,183,6
2.0,1,1.0,1,1,1.0,2.0,0.0,1.0,2.0,1.0,2.0,1,2.0,1.0,0.0,,2.0,0.0,1,2.0,2.0,2.0,2.0,,1.0,1,2.0,,2.0,2.0,0.0,0.0,2.0,2.0,2.0,2.0,2.0,2.0,2,2.0,1.0,1,0.0,2.0,0.0,1,1,2.0,1,2.0,2.0,2.0,0.0,2.0,2.0,2.0,0.0,2.0,2.0,,2.0,2.0,2.0,2.0,1,2.0,2.0,2.0,2.0,2.0,2.0,0.0,2.0,2.0,184,6
2.0,1,2.0,1,1,2.0,2.0,1.0,1.0,1.0,2.0,2.0,0,2.0,1.0,0.0,,2.0,2.0,1,2.0,2.0,2.0,1.0,,1.0,0,2.0,,0.0,2.0,2.0,2.0,2.0,2.0,0.0,1.0,2.0,2.0,1,2.0,0.0,1,,2.0,1.0,1,0,2.0,0,2.0,2.0,2.0,1.0,1.0,2.0,1.0,2.0,2.0,2.0,,,2.0,2.0,2.0,1,2.0,2.0,2.0,2.0,0.0,,0.0,2.0,2.0,185,6
,1,1.0,1,2,2.0,,2.0,2.0,2.0,2.0,2.0,2,,2.0,2.0,0.0,2.0,2.0,1,2.0,2.0,2.0,0.0,,2.0,1,,0.0,0.0,2.0,2.0,0.0,2.0,2.0,2.0,2.0,2.0,,1,2.0,2.0,1,0.0,2.0,2.0,2,1,2.0,1,1.0,2.0,0.0,2.0,2.0,,1.0,,2.0,0.0,,,2.0,2.0,2.0,2,0.0,2.0,2.0,0.0,,,,,2.0,186,6
2.0,2,2.0,1,0,2.0,0.0,1.0,2.0,1.0,2.0,2.0,1,0.0,1.0,2.0,,2.0,2.0,1,1.0,0.0,2.0,2.0,,1.0,1,0.0,,0.0,2.0,1.0,2.0,2.0,2.0,2.0,0.0,2.0,2.0,1,1.0,1.0,1,,2.0,2.0,1,1,2.0,1,2.0,2.0,2.0,2.0,0.0,0.0,2.0,2.0,2.0,2.0,,2.0,2.0,2.0,2.0,0,2.0,2.0,2.0,2.0,,,,2.0,2.0,187,6
,1,1.0,1,0,,1.0,1.0,1.0,1.0,1.0,1.0,1,,0.0,,,,1.0,0,1.0,0.0,,1.0,,1.0,1,,,,1.0,1.0,,,0.0,1.0,,0.0,,1,,1.0,0,,1.0,1.0,0,1,0.0,1,1.0,,,,1.0,,,1.0,,,0.0,,1.0,,,1,,,1.0,,,,,,1.0,188,6
2.0,1,2.0,1,1,2.0,2.0,1.0,2.0,0.0,0.0,2.0,1,2.0,0.0,2.0,2.0,2.0,2.0,1,0.0,2.0,0.0,1.0,2.0,2.0,1,2.0,,2.0,1.0,2.0,1.0,2.0,1.0,2.0,2.0,2.0,,1,2.0,2.0,2,0.0,2.0,1.0,1,1,0.0,1,0.0,2.0,2.0,1.0,2.0,2.0,1.0,1.0,2.0,2.0,2.0,0.0,2.0,2.0,2.0,1,2.0,2.0,2.0,2.0,0.0,,,2.0,2.0,189,6
2.0,1,2.0,1,1,2.0,2.0,1.0,2.0,1.0,1.0,2.0,1,2.0,0.0,0.0,2.0,0.0,2.0,1,2.0,2.0,2.0,0.0,,0.0,1,2.0,0.0,2.0,2.0,2.0,1.0,0.0,2.0,2.0,1.0,2.0,2.0,1,1.0,1.0,1,2.0,2.0,1.0,1,1,2.0,1,2.0,2.0,2.0,2.0,1.0,2.0,0.0,2.0,2.0,2.0,2.0,,2.0,2.0,2.0,0,2.0,2.0,0.0,2.0,2.0,1.0,2.0,2.0,2.0,190,6
,1,1.0,1,0,,,0.0,1.0,,1.0,0.0,1,,1.0,,,1.0,,1,,1.0,,1.0,,1.0,1,,,,1.0,,,,1.0,,1.0,0.0,,1,0.0,0.0,1,0.0,,1.0,1,0,,1,1.0,,,1.0,0.0,1.0,1.0,,0.0,,,1.0,,,,1,,1.0,,,,,,,,191,6
2.0,1,1.0,1,0,2.0,2.0,1.0,2.0,0.0,1.0,2.0,1,2.0,1.0,2.0,2.0,0.0,2.0,1,2.0,2.0,2.0,2.0,,2.0,1,2.0,0.0,2.0,0.0,2.0,1.0,2.0,0.0,2.0,2.0,2.0,2.0,1,1.0,1.0,1,2.0,2.0,1.0,1,1,0.0,1,0.0,2.0,0.0,2.0,1.0,2.0,1.0,2.0,2.0,2.0,2.0,,2.0,2.0,2.0,1,0.0,2.0,2.0,2.0,2.0,,2.0,2.0,1.0,192,6
,1,2.0,2,1,2.0,0.0,2.0,2.0,1.0,2.0,2.0,1,,2.0,2.0,,2.0,2.0,1,2.0,2.0,2.0,1.0,2.0,2.0,1,1.0,,2.0,2.0,1.0,0.0,2.0,2.0,1.0,2.0,2.0,2.0,2,2.0,2.0,1,,2.0,2.0,1,0,2.0,1,2.0,2.0,0.0,0.0,2.0,2.0,1.0,2.0,0.0,2.0,0.0,0.0,2.0,2.0,2.0,1,2.0,2.0,2.0,2.0,0.0,,2.0,,0.0,193,6
2.0,1,1.0,1,1,2.0,2.0,1.0,1.0,1.0,2.0,2.0,0,0.0,1.0,2.0,,2.0,2.0,1,0.0,2.0,2.0,1.0,,1.0,1,2.0,2.0,2.0,2.0,1.0,0.0,2.0,1.0,0.0,2.0,2.0,2.0,1,2.0,0.0,1,2.0,2.0,1.0,1,0,2.0,1,2.0,0.0,2.0,1.0,2.0,2.0,2.0,2.0,2.0,0.0,2.0,2.0,2.0,2.0,2.0,1,2.0,2.0,2.0,2.0,2.0,,2.0,0.0,2.0,194,6
0.0,1,0.0,1,1,1.0,2.0,2.0,2.0,2.0,1.0,2.0,1,2.0,1.0,2.0,2.0,2.0,2.0,1,2.0,2.0,1.0,1.0,,2.0,1,2.0,,2.0,2.0,2.0,0.0,2.0,0.0,2.0,2.0,2.0,2.0,1,2.0,0.0,1,0.0,2.0,1.0,1,0,1.0,1,0.0,2.0,0.0,2.0,1.0,2.0,1.0,2.0,1.0,2.0,2.0,2.0,2.0,2.0,2.0,1,2.0,2.0,2.0,2.0,2.0,2.0,0.0,2.0,2.0,195,6
,2,2.0,1,2,0.0,,1.0,2.0,1.0,2.0,2.0,1,,2.0,2.0,,2.0,2.0,1,2.0,2.0,2.0,0.0,,2.0,2,0.0,,2.0,2.0,2.0,2.0,2.0,2.0,2.0,0.0,2.0,,2,2.0,2.0,1,,2.0,2.0,1,2,2.0,1,2.0,2.0,2.0,2.0,2.0,2.0,1.0,2.0,2.0,2.0,0.0,0.0,2.0,0.0,0.0,1,1.0,2.0,2.0,0.0,0.0,,,,2.0,196,6
0.0,1,2.0,2,2,2.0,,2.0,2.0,2.0,2.0,0.0,2,,1.0,2.0,0.0,2.0,2.0,1,2.0,0.0,0.0,2.0,,1.0,2,,0.0,,2.0,2.0,2.0,,2.0,2.0,2.0,2.0,,1,2.0,1.0,1,,0.0,2.0,1,2,2.0,2,2.0,2.0,2.0,2.0,2.0,,2.0,2.0,,0.0,,0.0,2.0,,2.0,2,2.0,,2.0,,,,,2.0,0.0,197,6
2.0,2,1.0,1,1,2.0,2.0,0.0,1.0,1.0,2.0,2.0,1,2.0,2.0,2.0,2.0,1.0,2.0,1,2.0,2.0,1.0,2.0,2.0,1.0,1,2.0,1.0,2.0,2.0,2.0,2.0,2.0,2.0,2.0,0.0,0.0,0.0,1,2.0,1.0,1,,2.0,1.0,1,1,2.0,1,2.0,2.0,2.0,0.0,2.0,2.0,2.0,0.0,2.0,2.0,2.0,,2.0,0.0,2.0,0,2.0,0.0,2.0,2.0,0.0,,2.0,2.0,2.0,198,6
2.0,1,2.0,1,1,2.0,2.0,2.0,2.0,2.0,2.0,2.0,1,,2.0,0.0,0.0,2.0,2.0,1,2.0,2.0,2.0,2.0,,1.0,1,2.0,,2.0,0.0,0.0,2.0,2.0,2.0,2.0,2.0,1.0,2.0,0,2.0,1.0,1,0.0,2.0,1.0,1,1,2.0,1,2.0,2.0,2.0,2.0,2.0,2.0,1.0,0.0,2.0,2.0,2.0,2.0,2.0,2.0,0.0,0,2.0,2.0,2.0,2.0,0.0,,,2.0,2.0,199,6
