,Unnamed: 0.1,Unnamed: 0,0,1,2,3,4,5,6,7,8,9,10,11,12,13,14,15,16,17,18,19,20,21,22,23,24,25,26,27,28,29,30,31,32,33,34,35,36,37,38,39,40,41,42,43,44,45,46,47,48,49,50,51,52,53,54,55,56,57,58,59,60,61,62,63,64,65,66,67,68,69,70,71,72,73,74,75,76,77,78,79,80,81,82,83,84,85,86,87,88,89,90,91,betha,seed,EPH,corr
0,0,0,2,2.0,2,2.0,1,1,2,1,1,0,2,2,2,1,1,1,1,2,2,1,2,0,2,2.0,1,2,1,2,2,2,2,1,2,2.0,2,1,0.0,2,1,1,1,1,2,1,0,1,1,0,1,1,2,2,1,2.0,1,2,1,1.0,2,1,2,1,1,2,0.0,1,2.0,0,1,2,2,2.0,1,2.0,2.0,1,1,2,2,2,1.0,2,1,0,1,2,2,0,2,2.0,1,2.0,0.4,0,1.1077981651376148,-0.33281436424221
1,1,1,2,0.0,2,3.0,1,0,1,1,2,0,2,2,0,2,1,1,0,1,2,2,1,2,1,1.0,2,2,2,1,2,1,1,1,2,2.0,1,1,1.0,0,2,2,1,1,1,1,1,1,1,2,1,2,2,2,1,2.0,2,1,1,1.0,2,1,1,2,1,1,0.0,1,3.0,2,1,2,1,1.0,0,1.0,1.0,0,1,1,1,0,2.0,1,1,1,2,2,2,2,2,1.0,2,2.0,0.5,1,1.1039260969976905,-0.1792210000342457
2,2,2,1,2.0,2,1.0,2,1,1,0,1,1,2,2,2,1,2,0,1,2,2,1,1,2,0,1.0,1,1,1,1,1,1,2,1,1,1.0,0,1,1.0,2,1,2,0,1,1,0,1,1,1,2,1,0,2,2,1,1.0,1,1,2,1.0,2,1,2,1,2,2,2.0,1,3.0,2,2,1,1,2.0,0,2.0,1.0,0,1,2,2,1,3.0,1,0,2,2,1,1,2,1,1.0,1,2.0,0.4,2,1.1241830065359475,-0.2756640746218859
3,3,3,0,1.0,1,0.0,1,1,1,1,2,2,0,2,1,2,1,1,1,2,2,0,1,0,1,1.0,0,1,1,1,2,2,2,1,1,2.0,1,1,1.0,1,1,2,1,0,1,1,1,1,1,1,1,2,1,2,2,2.0,1,1,0,1.0,1,1,2,1,1,2,1.0,2,2.0,1,2,2,2,3.0,0,2.0,0.0,2,2,1,2,2,1.0,2,1,2,2,2,2,2,1,2.0,2,2.0,0.6,3,1.0875,-0.2050875244029703
4,4,4,1,0.0,2,3.0,2,2,1,1,2,0,1,1,2,2,1,1,1,2,1,1,2,1,1,1.0,1,1,1,2,2,1,1,1,1,2.0,1,2,2.0,2,2,1,2,1,2,1,2,2,0,1,1,1,0,2,2,3.0,1,0,1,1.0,0,1,1,2,1,1,2.0,1,1.0,1,2,0,1,2.0,0,2.0,1.0,2,1,2,1,1,2.0,1,2,1,1,2,2,0,2,2.0,1,2.0,0.6,4,1.0342105263157897,-0.1127842717901436
5,5,5,1,2.0,1,2.0,2,2,1,0,0,1,1,1,1,1,1,1,0,1,2,1,1,1,2,2.0,2,1,2,0,1,1,0,2,1,2.0,1,1,2.0,1,2,1,1,1,1,1,1,1,1,1,1,1,1,2,1,1.0,1,1,1,1.0,1,1,1,0,0,1,2.0,1,2.0,1,1,1,1,1.0,1,0.0,1.0,1,1,1,0,1,0.0,1,1,1,1,1,1,1,1,2.0,1,2.0,0.6,5,1.0555555555555556,-0.3640529232599633
6,6,6,1,0.0,1,2.0,2,1,2,2,1,2,0,2,1,1,1,1,2,2,2,1,1,2,1,2.0,1,0,2,1,1,1,1,1,2,2.0,1,2,2.0,2,1,1,1,1,2,2,2,1,1,1,1,1,1,2,2,1.0,1,1,1,2.0,1,1,2,1,0,1,2.0,1,2.0,1,1,2,1,1.0,2,0.0,2.0,0,2,0,1,0,0.0,1,1,1,0,1,2,2,1,2.0,2,2.0,0.6,6,1.055690072639225,-0.2751163714496533
7,7,7,2,1.0,1,2.0,2,2,2,1,1,1,2,2,2,1,0,1,2,2,1,1,2,1,2,0.0,2,0,1,2,2,1,2,1,1,1.0,2,2,2.0,2,2,2,2,1,1,2,1,2,1,0,1,3,2,2,3,3.0,2,1,1,0.0,1,1,2,1,1,1,2.0,1,1.0,0,0,1,2,2.0,0,1.0,2.0,2,1,2,1,2,1.0,2,2,0,1,2,1,1,2,3.0,1,2.0,0.4,7,1.1180555555555556,-0.1000133559247302
8,8,8,2,1.0,2,3.0,2,0,2,2,0,2,1,2,2,2,2,1,2,2,2,1,1,2,1,1.0,1,1,1,1,1,1,1,1,1,2.0,2,2,2.0,2,2,2,1,1,1,2,1,1,2,1,0,2,2,1,1,2.0,1,1,2,1.0,1,2,0,1,2,0,2.0,1,1.0,0,1,1,2,2.0,2,1.0,1.0,1,1,2,2,2,1.0,2,1,0,0,0,2,1,2,3.0,0,1.0,0.4,8,1.1206896551724137,-0.1230627242227311
9,9,9,1,1.0,2,2.0,1,2,2,1,1,1,1,1,1,1,1,1,1,2,1,2,1,1,0,2.0,1,2,1,1,2,1,1,1,1,0.0,2,1,1.0,1,1,1,0,1,2,1,1,1,2,1,1,2,1,1,0,2.0,0,1,0,1.0,1,0,1,1,1,1,1.0,0,2.0,1,2,2,2,2.0,2,1.0,2.0,1,2,1,1,2,1.0,2,1,1,1,1,2,1,2,2.0,2,0.0,0.6,9,1.070528967254408,-0.1636628248072058
10,10,10,0,1.0,1,2.0,1,1,1,1,0,0,1,1,1,1,2,0,1,2,1,1,1,2,2,2.0,1,2,2,1,0,0,1,1,2,2.0,1,2,3.0,2,1,2,0,2,1,1,1,1,1,1,1,1,1,2,2,2.0,1,1,2,1.0,2,1,1,1,1,1,0.0,2,2.0,1,1,2,1,2.0,2,0.0,3.0,2,2,1,2,1,1.0,2,1,2,1,1,2,2,2,0.0,2,2.0,0.5,10,1.0829268292682923,-0.3299471676046448
11,11,11,2,1.0,1,1.0,1,1,1,1,2,2,1,1,2,0,1,2,1,2,2,1,1,2,1,2.0,2,0,1,2,1,1,1,1,2,0.0,2,2,2.0,2,1,2,2,1,2,1,1,1,1,1,1,2,2,1,2,3.0,1,0,2,2.0,2,2,3,2,2,0,1.0,1,2.0,1,1,1,2,0.0,1,2.0,2.0,1,0,1,2,1,0.0,0,1,2,3,1,2,1,2,2.0,1,0.0,0.5,11,1.08274231678487,-0.199731122584834
12,12,12,1,1.0,0,0.0,2,1,0,1,1,2,1,1,2,1,1,1,1,1,2,1,1,2,0,1.0,1,1,1,0,2,1,1,1,1,1.0,1,1,2.0,1,2,1,1,1,1,1,1,1,1,1,0,0,1,1,1,1.0,1,1,2,2.0,1,1,2,1,1,2,1.0,1,2.0,0,2,1,1,1.0,1,1.0,1.0,0,0,1,1,1,2.0,1,1,1,2,1,1,1,2,2.0,1,1.0,0.6,12,1.0504451038575668,-0.3125976916781827
13,13,13,1,2.0,1,3.0,1,1,1,1,2,2,1,1,1,1,1,2,0,1,2,1,1,1,1,1.0,2,0,0,2,2,1,1,1,2,2.0,2,1,2.0,2,1,1,1,1,2,1,1,1,0,1,0,1,1,2,2,2.0,0,1,2,2.0,0,2,2,2,1,1,2.0,1,0.0,1,2,1,2,2.0,1,2.0,0.0,2,2,1,1,1,2.0,2,0,1,2,1,1,1,2,3.0,1,2.0,0.6,13,1.064748201438849,-0.4291696698131004
14,14,14,2,2.0,2,2.0,2,1,1,1,2,2,0,1,0,1,2,1,2,2,2,2,2,1,0,2.0,1,0,0,1,0,1,1,1,2,3.0,1,2,1.0,2,2,2,1,2,1,2,2,2,1,2,1,2,2,3,2,3.0,2,1,2,2.0,2,2,2,0,2,2,2.0,2,2.0,1,2,1,2,0.0,2,2.0,3.0,2,1,2,2,2,0.0,1,1,1,1,2,2,2,0,2.0,2,2.0,0.4,14,1.1566265060240963,-0.1419933399039611
15,15,15,0,1.0,2,3.0,2,0,1,1,1,2,1,2,0,2,2,2,1,2,2,1,2,2,2,1.0,2,1,1,0,0,2,1,1,2,2.0,1,1,2.0,1,2,1,1,2,1,1,1,2,2,0,1,1,2,2,1,2.0,1,2,2,2.0,2,1,2,1,1,2,2.0,2,1.0,2,2,2,2,0.0,0,1.0,2.0,0,1,1,2,1,1.0,1,1,1,2,0,2,1,2,3.0,1,2.0,0.4,15,1.130718954248366,-0.2099260386271667
16,16,16,1,1.0,1,2.0,0,1,1,1,2,2,2,2,1,1,2,1,0,1,1,1,2,1,1,2.0,2,1,1,1,2,1,0,0,1,2.0,2,1,3.0,2,1,1,1,0,1,1,1,1,1,1,1,2,1,2,1,3.0,1,1,2,1.0,0,1,1,1,1,2,2.0,0,2.0,1,0,0,1,1.0,1,2.0,1.0,1,1,1,1,1,1.0,2,1,2,1,2,2,1,2,2.0,2,2.0,0.5,16,1.101522842639594,-0.4739890817943198
17,17,17,2,2.0,1,3.0,2,1,0,1,1,1,2,1,1,1,1,0,1,1,2,1,2,1,0,2.0,1,1,2,2,2,1,1,0,1,2.0,2,2,2.0,3,2,0,1,1,2,1,1,0,1,1,1,2,1,2,2,2.0,2,1,2,0.0,1,1,1,1,1,1,2.0,1,2.0,1,0,1,1,1.0,1,1.0,2.0,2,1,1,2,1,2.0,2,1,2,0,2,2,1,2,2.0,2,2.0,0.5,17,1.0893719806763285,-0.4840936400821372
18,18,18,2,2.0,1,2.0,1,1,1,1,0,1,1,2,1,2,2,1,1,0,1,0,1,1,1,2.0,0,1,2,1,1,1,1,1,2,2.0,1,1,2.0,1,2,1,1,1,0,1,1,2,0,1,1,0,1,2,1,1.0,1,1,2,1.0,1,1,1,2,0,2,2.0,1,0.0,1,1,0,1,2.0,1,1.0,2.0,1,1,2,1,2,1.0,2,1,1,1,1,1,1,2,2.0,2,3.0,0.6,18,1.0641711229946524,-0.3167325074312623
19,19,19,2,2.0,1,2.0,1,0,1,1,1,2,1,1,1,1,1,1,1,2,1,0,1,1,0,2.0,1,1,1,1,2,2,1,0,1,2.0,0,1,1.0,2,1,1,0,2,1,1,2,1,2,1,1,1,2,1,0,2.0,2,1,0,2.0,2,2,2,2,2,2,1.0,1,0.0,2,1,1,1,2.0,1,1.0,0.0,2,1,1,2,1,2.0,2,1,1,1,2,2,1,3,1.0,1,2.0,0.5,19,1.088516746411483,-0.2476661950161389
20,20,20,2,2.0,2,1.0,1,1,2,2,2,0,1,2,1,1,1,0,1,1,1,1,0,1,0,2.0,2,1,1,1,0,1,1,1,2,1.0,0,1,1.0,1,1,1,1,2,1,1,1,1,2,1,1,1,1,2,2,2.0,2,1,1,1.0,1,1,2,1,1,2,2.0,1,2.0,2,2,1,2,0.0,2,1.0,1.0,0,1,2,2,1,1.0,1,1,1,1,1,1,1,2,2.0,0,2.0,0.6,20,1.066831683168317,-0.1876654335196471
21,21,21,2,2.0,2,3.0,0,1,1,1,1,1,1,2,1,1,2,1,1,2,2,1,1,2,1,2.0,1,1,1,1,1,1,2,1,1,2.0,1,0,1.0,2,1,2,1,2,1,1,1,2,1,1,0,2,2,1,1,1.0,1,1,0,1.0,2,1,0,1,2,0,1.0,1,2.0,1,1,1,1,1.0,0,0.0,0.0,2,2,2,1,0,2.0,1,1,1,2,1,1,1,2,2.0,1,1.0,0.5,21,1.0736842105263158,-0.1756039067800693
22,22,22,2,2.0,1,2.0,0,1,1,1,0,2,1,1,2,1,0,1,1,1,0,1,1,1,2,1.0,1,1,2,1,1,1,2,2,2,1.0,1,1,2.0,2,1,0,1,2,1,1,0,0,1,1,1,2,1,2,1,1.0,2,1,1,2.0,1,1,1,1,1,2,0.0,1,2.0,1,1,2,1,2.0,2,2.0,2.0,2,2,1,1,2,2.0,2,1,1,0,1,2,1,0,1.0,2,2.0,0.5,22,1.0435897435897437,-0.3107287469007198
23,23,23,1,2.0,1,2.0,2,1,1,1,1,2,1,1,1,1,2,1,1,1,2,1,2,1,1,1.0,1,0,1,1,2,1,1,0,1,2.0,2,1,2.0,2,1,0,0,1,1,1,2,1,1,1,1,2,1,1,2,2.0,0,1,2,2.0,1,2,2,1,1,1,1.0,1,2.0,1,2,1,1,1.0,1,0.0,2.0,1,0,1,1,1,1.0,1,1,0,2,2,1,1,2,2.0,0,0.0,0.6,23,1.0198863636363635,-0.2718703039498364
24,24,24,1,0.0,1,0.0,0,1,1,2,2,2,2,2,2,1,1,1,1,0,2,1,1,1,2,2.0,2,2,2,1,1,1,1,2,2,2.0,0,1,2.0,1,1,1,1,1,1,1,2,2,2,2,1,1,2,1,1,2.0,2,1,1,2.0,2,2,3,2,2,1,0.0,1,1.0,1,1,2,1,2.0,2,2.0,2.0,1,1,1,1,0,2.0,1,0,1,1,1,1,0,2,2.0,1,3.0,0.6,24,1.050125313283208,-0.2487103002750008
25,25,25,2,3.0,1,2.0,0,2,1,1,0,2,2,1,1,1,1,0,1,2,1,1,1,1,2,0.0,1,2,1,1,0,1,2,2,2,2.0,2,1,2.0,2,1,1,1,1,2,1,0,1,1,1,2,1,0,1,1,2.0,1,1,2,2.0,2,1,1,0,0,1,2.0,1,1.0,1,1,2,2,2.0,1,1.0,3.0,2,2,1,2,1,1.0,1,1,1,2,1,2,1,1,1.0,0,2.0,0.4,25,1.1083743842364533,-0.377023179073784
26,26,26,2,3.0,1,2.0,1,1,0,1,1,1,2,2,1,1,1,1,1,1,1,1,2,2,1,1.0,1,1,1,2,2,1,1,1,0,2.0,2,1,2.0,2,2,1,1,1,2,1,1,1,1,1,0,2,1,2,2,0.0,1,1,1,1.0,1,1,2,1,0,1,2.0,0,2.0,1,0,1,1,1.0,1,2.0,3.0,2,1,0,1,1,1.0,1,1,0,1,1,1,2,2,2.0,0,2.0,0.5,26,1.0873015873015872,-0.3826671997567352
27,27,27,2,2.0,0,1.0,1,1,1,1,1,1,1,1,1,0,2,1,1,2,1,0,1,2,1,1.0,0,0,1,1,2,2,3,0,1,1.0,1,1,2.0,0,1,2,1,1,1,1,1,1,2,2,1,1,1,2,2,2.0,1,1,0,1.0,1,2,2,1,1,2,1.0,1,2.0,2,2,1,2,3.0,0,2.0,,2,1,2,2,2,2.0,2,2,1,1,1,2,2,1,2.0,2,2.0,0.4,27,1.1028708133971292,-0.2681840177031488
28,28,28,1,0.0,1,0.0,1,0,1,2,2,2,2,1,0,1,1,1,1,2,1,1,1,2,0,0.0,3,1,1,2,2,2,1,1,0,2.0,1,2,2.0,1,2,1,1,1,2,2,1,1,2,2,1,2,2,0,1,2.0,2,1,1,2.0,2,2,2,1,2,1,0.0,1,2.0,1,1,1,1,2.0,2,1.0,1.0,1,1,2,2,2,2.0,1,2,1,2,2,1,0,2,2.0,1,3.0,0.5,28,1.0760095011876485,-0.061603577926708
29,29,29,2,2.0,2,1.0,1,2,2,1,1,1,1,1,1,1,2,1,2,2,2,1,0,1,1,2.0,0,1,1,0,1,1,2,1,1,1.0,0,1,2.0,1,1,1,0,2,1,1,1,1,2,2,1,2,1,1,1,2.0,2,1,1,2.0,2,2,2,1,1,2,2.0,1,2.0,1,2,0,1,1.0,1,1.0,2.0,0,2,2,2,1,2.0,1,1,0,2,0,1,1,2,1.0,1,2.0,0.5,29,1.0763888888888888,-0.2112596449698691
30,30,30,2,,0,1.0,1,1,1,2,1,2,2,1,0,1,1,1,1,0,2,1,1,1,1,0.0,2,1,1,2,2,2,1,1,2,1.0,2,2,2.0,0,1,1,1,2,1,1,2,0,0,1,1,1,1,2,2,0.0,2,1,1,2.0,2,2,2,2,1,2,2.0,1,2.0,2,1,2,2,2.0,1,2.0,2.0,1,2,1,2,1,2.0,2,1,1,2,2,1,2,2,1.0,2,2.0,0.5,30,1.0656934306569343,-0.2022285931640844
31,31,31,1,2.0,1,2.0,1,1,0,1,1,1,2,2,1,1,1,1,0,1,1,1,2,1,1,0.0,1,1,1,1,0,1,1,2,2,1.0,2,2,2.0,1,2,1,1,2,0,1,1,1,0,1,1,1,1,2,1,2.0,1,1,1,2.0,0,2,1,2,1,1,,1,1.0,1,1,2,1,2.0,1,1.0,1.0,2,1,2,1,1,2.0,1,0,1,2,1,1,0,2,2.0,1,2.0,0.6,31,1.0719794344473008,-0.2795199896342329
32,32,32,2,2.0,1,0.0,1,0,1,1,2,1,1,2,1,1,1,1,1,2,2,0,2,2,2,1.0,1,1,1,1,1,1,1,1,2,2.0,1,1,1.0,1,1,1,1,1,2,0,1,2,1,1,2,1,1,2,1,1.0,0,1,1,1.0,1,1,2,2,0,2,1.0,1,1.0,2,1,1,1,0.0,1,1.0,2.0,1,1,1,1,1,1.0,1,1,2,2,1,2,0,0,0.0,1,2.0,0.5,32,1.0736842105263158,-0.1970687402396674
33,33,33,2,2.0,1,2.0,2,2,1,0,1,1,1,1,1,2,2,1,2,2,0,1,0,1,2,1.0,1,2,1,1,1,1,1,1,1,2.0,1,1,2.0,1,1,1,2,1,1,2,2,1,2,1,1,2,1,2,1,2.0,1,1,2,0.0,1,1,2,0,1,1,2.0,1,0.0,0,1,2,2,3.0,2,0.0,2.0,2,1,2,2,2,1.0,2,2,0,1,2,2,1,0,2.0,2,2.0,0.4,33,1.100702576112412,-0.2433188446135653
34,34,34,1,1.0,1,2.0,2,1,2,1,2,1,2,0,1,1,1,1,1,1,0,1,1,1,2,1.0,2,1,2,1,2,0,1,2,2,0.0,2,0,1.0,1,2,2,2,2,2,1,1,1,2,2,1,1,2,1,1,2.0,1,2,2,1.0,1,2,2,2,1,2,2.0,1,2.0,1,0,0,1,1.0,2,1.0,2.0,2,2,1,0,1,1.0,1,2,2,1,0,1,2,2,2.0,2,2.0,0.5,34,1.0722610722610724,-0.1529629705029991
35,35,35,2,1.0,1,2.0,2,2,1,1,2,1,2,0,1,1,1,0,1,2,2,1,1,2,2,1.0,2,1,1,2,1,1,2,1,2,0.0,1,1,1.0,2,2,1,1,1,1,1,2,2,1,2,1,1,2,1,1,2.0,1,0,0,1.0,2,1,2,1,1,0,0.0,1,2.0,2,2,1,2,2.0,0,0.0,,2,1,1,2,2,2.0,2,2,1,1,2,2,1,1,2.0,2,2.0,0.5,35,1.077669902912621,-0.0971838369787343
36,36,36,2,2.0,1,1.0,1,0,0,1,1,0,1,1,1,1,1,1,1,2,2,1,1,2,2,1.0,2,2,2,1,2,1,0,1,1,0.0,2,2,2.0,0,1,1,0,2,2,1,0,1,1,2,1,1,2,2,1,2.0,1,0,2,2.0,2,1,2,2,2,2,2.0,1,2.0,1,1,2,1,1.0,1,2.0,2.0,1,1,1,1,2,1.0,1,1,2,1,2,1,1,2,2.0,0,2.0,0.5,36,1.06993006993007,-0.3832016682604531
37,37,37,1,1.0,2,2.0,2,2,2,1,1,2,2,2,1,1,1,0,1,1,1,1,1,2,0,1.0,1,1,2,1,2,1,1,1,1,2.0,1,0,2.0,1,2,1,2,1,0,1,1,2,2,1,1,1,1,1,2,0.0,1,1,2,1.0,2,1,3,2,1,0,2.0,1,2.0,0,2,2,2,3.0,2,1.0,2.0,2,0,2,2,1,2.0,1,1,2,1,0,1,1,0,2.0,2,2.0,0.4,37,1.1144708423326133,-0.2792074112002877
38,38,38,2,3.0,0,3.0,0,1,1,2,1,2,2,2,2,2,1,2,1,2,2,1,1,2,2,0.0,1,1,1,1,2,2,2,1,1,0.0,1,1,2.0,1,1,2,1,2,1,1,1,2,2,2,1,1,2,1,1,0.0,2,1,2,2.0,1,1,0,1,1,2,2.0,1,2.0,2,1,2,2,2.0,1,2.0,0.0,0,2,2,2,1,2.0,1,2,0,2,2,2,1,2,0.0,2,2.0,0.5,38,1.0631067961165048,-0.1439459142914307
39,39,39,1,2.0,1,2.0,0,1,1,1,2,0,1,1,1,1,1,1,1,1,1,1,0,1,1,1.0,1,2,2,1,2,1,1,0,1,2.0,1,1,2.0,2,1,2,1,0,1,2,1,1,2,2,0,1,1,1,1,2.0,1,1,2,1.0,2,0,1,1,1,1,0.0,1,2.0,1,2,1,0,2.0,1,2.0,2.0,0,1,2,2,1,1.0,1,1,2,1,2,1,1,1,2.0,1,1.0,0.5,39,1.0765171503957784,-0.316939571628693
40,40,40,2,1.0,1,1.0,1,1,2,0,1,1,1,2,0,1,2,1,1,2,1,0,1,1,1,2.0,1,1,2,1,1,2,1,1,2,2.0,1,1,1.0,0,1,1,1,1,1,1,2,1,1,2,1,2,0,2,2,2.0,1,2,0,1.0,2,1,2,2,1,1,2.0,0,1.0,2,1,2,0,0.0,2,2.0,2.0,1,1,1,1,1,3.0,1,2,1,1,2,1,1,1,2.0,2,0.0,0.6,40,1.091549295774648,-0.222655594248266
41,41,41,2,1.0,2,2.0,1,1,1,1,2,2,2,1,0,2,1,1,2,1,2,1,1,2,2,0.0,1,2,0,1,2,1,1,1,2,2.0,1,0,1.0,1,1,2,2,1,1,1,1,2,2,1,2,1,2,1,1,2.0,2,2,0,2.0,2,1,3,2,1,1,0.0,0,1.0,1,2,2,1,2.0,1,1.0,2.0,1,1,3,1,1,0.0,1,2,1,2,0,1,2,2,0.0,2,2.0,0.4,41,1.1164835164835163,-0.0214965232749688
42,42,42,3,2.0,1,2.0,1,1,1,2,1,1,2,2,2,1,0,1,1,2,2,1,0,2,2,1.0,2,2,1,1,1,2,1,2,2,2.0,1,1,2.0,2,1,2,1,2,1,1,1,2,2,2,1,1,2,0,1,2.0,2,2,1,1.0,1,2,0,1,1,1,2.0,1,1.0,2,1,2,2,0.0,2,2.0,0.0,1,1,2,1,1,2.0,1,0,2,1,1,0,0,2,3.0,1,2.0,0.6,42,1.07035175879397,-0.2933766305519616
43,43,43,2,2.0,2,3.0,1,2,1,1,2,2,2,2,2,1,1,2,0,0,1,1,1,0,1,1.0,1,2,2,2,2,2,2,2,2,1.0,2,2,2.0,3,1,1,2,1,1,2,1,1,2,2,2,0,2,0,2,3.0,1,1,2,2.0,0,0,1,2,1,1,0.0,1,3.0,2,0,2,1,2.0,2,2.0,3.0,2,2,2,2,1,2.0,1,1,2,2,2,2,2,2,3.0,1,0.0,0.4,43,1.1662921348314608,-0.2344276101841359
44,44,44,2,2.0,2,0.0,2,2,1,1,2,1,1,2,1,1,1,1,1,2,1,1,0,2,0,0.0,2,1,1,1,2,2,2,1,1,2.0,1,0,1.0,1,1,2,1,1,1,1,2,0,2,2,1,1,2,2,2,3.0,1,0,2,2.0,1,0,3,1,1,2,2.0,1,3.0,1,2,2,2,2.0,1,1.0,3.0,3,2,2,1,1,2.0,2,1,1,0,2,2,2,2,3.0,3,2.0,0.4,44,1.1304347826086956,-0.4238379000689178
45,45,45,1,2.0,1,0.0,1,1,1,1,2,1,2,2,1,1,1,0,1,1,1,1,1,1,2,2.0,1,2,2,1,1,1,0,1,0,2.0,1,0,1.0,1,1,1,1,2,1,1,1,2,1,1,1,1,1,1,1,2.0,1,2,2,1.0,2,1,2,0,1,1,1.0,0,1.0,1,0,2,1,1.0,1,1.0,1.0,0,1,1,1,1,2.0,1,1,1,1,0,2,1,2,2.0,1,2.0,0.6,45,1.0521978021978022,-0.3126653609573617
46,46,46,1,2.0,1,2.0,1,1,1,1,1,1,1,1,1,1,2,1,1,2,0,0,1,1,2,2.0,1,1,2,0,1,2,1,1,2,2.0,1,1,1.0,2,2,1,0,1,1,1,1,1,1,1,1,2,1,2,1,2.0,1,1,1,1.0,0,1,0,0,1,1,1.0,1,2.0,2,2,0,1,1.0,1,2.0,3.0,0,1,1,2,1,0.0,2,1,2,1,1,1,1,2,2.0,1,2.0,0.5,46,1.076086956521739,-0.3394053093135772
47,47,47,2,2.0,1,3.0,1,2,0,0,0,1,1,1,1,2,1,1,1,2,2,1,1,1,1,0.0,1,1,2,1,1,1,1,1,1,2.0,2,2,2.0,2,2,1,2,1,1,2,1,1,1,1,1,1,1,0,2,1.0,1,1,2,1.0,1,0,1,1,1,1,3.0,1,2.0,1,2,1,2,0.0,0,1.0,3.0,1,1,2,1,1,0.0,2,1,1,1,1,1,2,1,3.0,2,2.0,0.6,47,1.0767045454545454,-0.2331010003302343
48,48,48,0,1.0,1,,1,1,2,2,2,2,1,1,1,1,1,2,1,1,2,1,1,2,2,2.0,3,2,1,2,1,1,1,1,1,2.0,0,1,2.0,2,2,2,2,2,2,1,2,1,3,2,0,2,3,0,2,2.0,2,2,2,2.0,3,2,3,1,1,2,0.0,1,2.0,2,0,1,0,2.0,2,2.0,2.0,2,1,1,1,1,2.0,0,1,1,2,1,1,1,1,2.0,1,0.0,0.4,48,1.1311111111111112,-0.1409205637004832
49,49,49,1,2.0,1,3.0,1,0,1,1,1,2,1,1,0,2,2,1,1,2,0,1,1,1,1,2.0,1,1,2,2,1,1,1,1,1,2.0,1,1,0.0,2,1,1,0,1,0,1,1,0,2,1,1,0,1,2,1,2.0,0,1,1,2.0,1,2,2,2,2,1,2.0,1,2.0,2,1,0,1,2.0,1,1.0,1.0,1,1,1,1,1,2.0,2,1,2,2,1,1,1,2,2.0,1,3.0,0.6,49,1.0455696202531646,-0.3706923179714698
50,50,50,2,2.0,0,2.0,0,0,1,1,1,2,1,0,1,1,1,1,1,2,1,1,1,2,0,2.0,2,2,1,1,2,1,1,2,2,0.0,1,1,2.0,2,1,2,1,3,2,2,1,1,2,2,0,1,2,2,2,1.0,1,2,2,2.0,2,2,2,2,2,2,3.0,1,3.0,2,1,1,0,0.0,1,2.0,1.0,1,1,2,1,1,2.0,1,1,2,2,1,2,1,1,2.0,1,2.0,0.4,50,1.1397590361445782,-0.3504070377222404
51,51,51,1,2.0,2,2.0,1,2,2,1,1,1,1,1,2,1,2,1,0,1,2,1,1,0,1,1.0,1,1,2,1,0,1,2,1,1,2.0,1,1,2.0,0,1,2,1,1,1,1,1,1,2,2,1,1,1,1,0,1.0,1,2,2,0.0,1,1,0,1,1,2,2.0,1,1.0,1,1,0,2,2.0,1,0.0,2.0,2,2,2,2,2,2.0,2,2,2,2,1,1,1,2,2.0,1,2.0,0.6,51,1.0422885572139304,-0.2016780175961094
52,52,52,1,3.0,1,1.0,1,2,1,1,1,2,2,0,2,0,1,2,1,2,2,1,1,2,1,0.0,2,1,1,1,0,2,2,1,0,2.0,1,1,2.0,2,1,2,1,2,1,1,1,2,2,2,1,1,2,2,1,2.0,1,2,2,1.0,2,2,2,1,2,2,2.0,1,2.0,2,2,0,1,3.0,2,1.0,3.0,2,2,2,1,2,2.0,2,1,2,2,1,0,2,2,2.0,3,0.0,0.5,52,1.0605263157894738,-0.2551707262959747
53,53,53,1,1.0,2,2.0,2,1,1,1,2,1,1,1,0,2,2,1,1,2,1,1,1,1,0,1.0,2,0,1,1,2,0,2,1,2,2.0,1,1,1.0,0,2,1,1,1,1,2,1,2,1,2,0,2,2,1,2,2.0,1,1,1,2.0,0,1,1,0,2,0,2.0,1,3.0,1,2,1,2,2.0,1,1.0,2.0,2,2,1,1,1,2.0,2,2,1,2,2,1,1,0,1.0,2,1.0,0.5,53,1.079710144927536,-0.1515412282558299
54,54,54,2,2.0,0,1.0,2,2,0,0,1,0,1,1,2,1,1,0,1,0,1,1,1,2,1,0.0,1,1,2,1,2,1,2,1,1,2.0,1,2,2.0,1,1,1,1,1,2,1,1,1,1,1,1,1,2,2,2,1.0,2,1,0,1.0,1,1,1,1,1,2,0.0,1,2.0,1,1,0,2,2.0,1,1.0,3.0,1,1,1,2,2,2.0,2,1,2,2,2,1,1,1,2.0,2,2.0,0.5,54,1.070559610705596,-0.2799334868322554
55,55,55,2,1.0,1,1.0,1,1,1,1,1,1,2,1,2,2,2,2,1,3,2,1,2,2,1,1.0,1,1,0,2,2,0,1,1,1,0.0,1,2,3.0,0,1,0,1,1,2,2,1,2,1,1,1,2,2,2,3,2.0,1,0,2,2.0,2,1,1,0,1,1,2.0,1,2.0,1,2,2,2,2.0,0,2.0,2.0,2,2,0,2,1,2.0,1,1,1,1,2,2,1,2,1.0,2,0.0,0.5,55,1.098623853211009,-0.2233803681593086
56,56,56,2,2.0,2,1.0,2,1,2,1,2,1,2,1,2,1,0,0,1,2,2,1,1,1,0,2.0,1,1,1,1,1,1,1,1,2,1.0,0,1,2.0,2,2,1,2,2,1,1,1,2,1,1,1,1,2,1,1,2.0,2,0,1,0.0,2,1,1,2,1,1,0.0,1,1.0,1,1,1,1,2.0,1,2.0,2.0,1,1,2,2,1,1.0,1,1,1,1,0,1,0,2,2.0,0,2.0,0.5,56,1.0700934579439252,-0.1888115401678245
57,57,57,1,2.0,1,1.0,1,0,1,2,1,2,2,1,1,2,2,1,1,1,2,1,1,2,0,1.0,1,2,1,1,2,1,1,1,1,2.0,1,1,1.0,0,1,1,0,1,2,1,1,1,2,2,1,1,1,2,2,2.0,1,1,0,1.0,2,2,2,2,1,1,2.0,1,2.0,1,1,1,1,1.0,0,2.0,1.0,1,1,1,1,0,2.0,0,1,2,2,1,0,1,2,2.0,1,2.0,0.6,57,1.0446194225721783,-0.3471081742183154
58,58,58,2,2.0,1,2.0,2,1,2,1,2,1,2,1,2,2,0,1,1,3,2,1,1,0,2,0.0,2,0,2,1,2,2,2,2,0,0.0,2,0,2.0,1,1,2,1,2,2,1,1,1,2,1,1,2,2,2,2,2.0,1,1,1,2.0,1,1,2,1,1,2,1.0,1,1.0,2,1,1,2,2.0,1,1.0,3.0,1,2,2,1,1,1.0,1,2,1,1,1,1,1,2,2.0,0,3.0,0.4,58,1.0799086757990868,-0.221585958101798
59,59,59,0,1.0,1,2.0,1,1,2,1,1,1,1,1,2,1,2,1,1,2,2,1,1,2,1,0.0,1,2,2,1,1,1,1,1,1,2.0,1,1,2.0,2,1,2,1,1,1,2,0,1,1,1,1,0,1,1,1,0.0,1,1,2,0.0,2,1,2,1,1,2,0.0,1,2.0,0,1,2,1,1.0,1,1.0,2.0,2,2,0,1,0,1.0,2,1,2,1,1,1,1,1,3.0,2,1.0,0.5,59,1.06631299734748,-0.318112354985873
60,60,60,2,1.0,1,1.0,1,1,1,1,2,1,0,2,1,1,1,0,1,0,1,1,1,2,1,2.0,1,1,1,2,1,1,1,2,2,0.0,0,1,1.0,2,2,1,1,2,1,1,2,2,2,1,1,1,1,1,2,2.0,1,1,1,2.0,1,1,2,2,1,1,2.0,0,1.0,1,1,2,0,2.0,0,2.0,2.0,2,1,0,1,1,2.0,1,1,1,2,2,1,0,2,3.0,2,2.0,0.5,60,1.092378752886836,-0.3541958270350558
61,61,61,1,1.0,1,1.0,2,1,1,1,2,1,1,2,1,1,2,1,0,2,0,1,1,1,1,1.0,2,1,2,2,1,1,1,1,2,1.0,0,1,1.0,2,2,1,1,1,0,1,1,0,2,0,1,1,1,0,1,1.0,1,1,2,1.0,2,1,2,1,1,1,2.0,0,2.0,1,1,0,1,2.0,1,2.0,2.0,1,1,1,1,1,1.0,2,2,1,1,1,1,1,2,1.0,2,2.0,0.6,61,1.0600522193211488,-0.3136436002559779
62,62,62,2,3.0,1,2.0,2,1,2,1,2,0,1,0,2,2,2,1,2,0,0,1,2,1,1,2.0,0,1,2,2,2,2,0,1,2,2.0,1,2,3.0,1,2,1,2,1,2,1,1,0,2,2,2,1,2,1,1,0.0,1,2,2,1.0,0,1,1,1,1,2,2.0,1,2.0,1,1,1,1,1.0,2,2.0,1.0,1,1,1,1,1,2.0,0,2,1,1,2,2,1,2,2.0,1,2.0,0.6,62,1.061881188118812,-0.1387510860833019
63,63,63,0,2.0,1,3.0,2,2,1,1,2,2,1,0,2,1,2,1,1,0,2,1,1,1,1,2.0,2,2,3,1,2,2,1,1,0,1.0,2,1,2.0,2,1,1,1,2,2,2,0,1,2,2,1,1,2,2,1,2.0,1,2,1,2.0,2,2,2,1,1,2,2.0,1,2.0,1,1,1,0,1.0,2,2.0,2.0,1,2,1,0,1,2.0,1,0,1,2,1,2,0,1,1.0,2,0.0,0.4,63,1.1,-0.3175059203396778
64,64,64,1,2.0,1,2.0,1,2,2,1,0,1,0,1,1,2,1,2,1,1,2,1,2,1,1,1.0,2,2,2,1,1,1,2,0,2,1.0,0,1,2.0,2,0,1,1,2,1,1,1,2,2,2,0,1,1,0,1,2.0,0,1,2,2.0,1,1,1,1,1,1,3.0,1,2.0,2,0,1,1,2.0,2,1.0,3.0,3,2,1,1,1,2.0,2,1,2,2,0,1,2,1,1.0,2,1.0,0.4,64,1.1193693693693694,-0.2989606335645553
65,65,65,1,0.0,2,2.0,2,1,0,1,1,0,1,2,1,1,1,1,1,2,2,2,1,2,2,2.0,1,2,2,1,2,1,2,1,1,2.0,1,1,1.0,1,1,1,0,1,1,1,1,1,0,1,1,2,1,2,1,2.0,2,1,0,2.0,1,1,2,1,1,0,2.0,1,2.0,1,2,2,1,0.0,2,1.0,2.0,2,2,1,1,0,2.0,1,1,2,1,0,1,1,2,2.0,1,2.0,0.6,65,1.056930693069307,-0.3404983332910047
66,66,66,2,3.0,1,2.0,2,1,1,2,2,2,1,3,2,1,1,2,2,3,1,1,0,0,2,2.0,1,2,2,2,2,2,1,3,2,1.0,1,1,1.0,2,1,1,1,1,2,1,2,1,2,1,1,2,1,0,1,1.0,1,2,2,1.0,1,2,0,1,1,2,3.0,1,2.0,2,1,2,1,2.0,2,2.0,0.0,1,2,0,1,0,1.0,2,2,3,2,1,2,2,2,2.0,0,1.0,0.4,66,1.1401869158878504,-0.2230439057024862
67,67,67,2,1.0,1,2.0,1,1,2,0,2,0,1,1,1,1,2,2,2,2,2,1,1,2,0,2.0,1,1,1,2,2,2,1,1,1,2.0,1,0,2.0,1,1,2,2,2,2,1,1,2,1,2,1,1,2,1,1,0.0,1,2,3,1.0,1,1,1,1,1,2,2.0,1,2.0,0,2,0,2,2.0,1,1.0,0.0,2,1,2,1,2,1.0,2,1,2,1,2,2,2,2,0.0,2,0.0,0.5,67,1.098557692307692,-0.0830969012365268
68,68,68,2,1.0,1,2.0,2,1,1,2,2,1,2,2,0,1,1,1,1,2,1,1,1,2,2,0.0,0,2,1,1,0,1,1,2,2,2.0,1,1,0.0,1,1,0,2,1,1,2,1,1,1,2,1,1,1,1,2,2.0,1,2,1,1.0,1,1,1,1,1,0,2.0,1,2.0,1,2,2,1,2.0,2,1.0,0.0,2,2,1,1,0,2.0,1,1,2,0,1,2,1,2,3.0,2,2.0,0.6,68,1.057591623036649,-0.2544403087249662
69,69,69,1,2.0,1,2.0,1,1,2,1,1,0,1,1,1,1,1,1,1,2,2,1,0,1,0,1.0,2,1,1,2,1,1,1,1,2,1.0,1,2,1.0,1,2,2,1,1,1,1,1,1,1,1,1,0,1,2,1,2.0,0,0,0,1.0,1,2,1,2,1,1,1.0,1,2.0,1,2,2,1,1.0,1,0.0,2.0,0,2,1,2,1,1.0,1,1,1,1,1,1,1,2,2.0,0,2.0,0.6,69,1.0573770491803278,-0.2069646528583245
70,70,70,0,1.0,2,2.0,1,1,1,2,1,1,2,1,2,1,1,1,1,2,2,2,1,2,2,1.0,0,2,2,1,1,2,2,1,1,2.0,2,1,2.0,2,1,2,1,1,1,1,1,1,2,1,1,1,1,1,0,3.0,1,1,2,1.0,1,0,0,1,1,2,1.0,1,1.0,1,1,2,1,3.0,0,2.0,2.0,2,1,2,0,2,2.0,2,1,1,0,0,0,2,2,2.0,2,3.0,0.6,70,1.0739856801909309,-0.263674795029734
71,71,71,1,2.0,1,3.0,1,1,2,1,2,2,1,0,2,1,2,1,1,1,0,1,1,2,2,1.0,2,2,1,2,2,1,0,1,1,0.0,2,1,1.0,3,0,1,0,2,2,1,2,0,2,1,1,1,1,2,2,2.0,1,0,2,2.0,1,2,2,1,1,2,2.0,1,2.0,1,1,1,1,1.0,1,1.0,1.0,1,2,1,1,2,0.0,1,1,2,2,2,1,1,2,3.0,1,2.0,0.5,71,1.088167053364269,-0.2882810735037425
72,72,72,2,2.0,2,2.0,2,1,1,0,2,1,1,1,2,2,2,1,2,2,2,0,1,0,1,1.0,2,2,0,2,2,0,2,1,1,2.0,1,2,2.0,2,2,1,2,1,1,1,1,1,0,1,1,1,1,2,2,3.0,1,1,3,1.0,1,1,2,2,1,2,3.0,1,1.0,1,2,0,2,3.0,2,2.0,0.0,1,2,1,2,0,1.0,2,2,2,1,2,2,1,0,2.0,3,1.0,0.4,72,1.140939597315436,-0.2759072540094678
73,73,73,1,2.0,1,2.0,2,1,1,1,0,1,0,1,1,1,2,1,0,1,0,1,1,1,0,1.0,1,1,2,1,1,1,1,1,1,1.0,1,1,2.0,2,0,1,1,1,1,1,1,1,0,1,1,1,1,2,1,3.0,1,2,2,1.0,1,1,1,1,1,1,2.0,0,1.0,0,1,2,2,0.0,1,1.0,2.0,1,1,2,1,1,1.0,1,1,1,1,1,1,1,2,3.0,1,1.0,0.6,73,1.0707395498392285,-0.4142433364014379
74,74,74,1,2.0,1,1.0,0,1,1,1,1,0,1,0,1,1,1,1,2,1,2,1,1,2,1,1.0,1,2,1,1,0,1,0,1,2,2.0,1,1,2.0,0,1,1,1,2,1,1,1,1,1,2,1,1,2,2,1,1.0,1,2,1,1.0,1,2,2,1,0,1,2.0,1,2.0,1,1,1,2,2.0,1,0.0,2.0,1,1,2,1,1,1.0,1,1,1,1,1,2,1,2,2.0,1,0.0,0.6,74,1.0446428571428572,-0.2727420322507352
75,75,75,2,3.0,1,2.0,1,1,1,2,0,2,1,1,2,2,2,1,1,1,2,0,2,2,1,1.0,2,1,0,2,1,2,2,1,2,3.0,0,1,1.0,2,1,1,2,1,1,1,2,2,1,2,1,1,2,2,1,2.0,1,0,2,1.0,2,2,1,1,1,2,0.0,1,2.0,2,1,1,0,0.0,2,2.0,2.0,1,1,1,2,1,2.0,0,1,1,3,2,1,1,2,1.0,1,2.0,0.4,75,1.1046770601336302,-0.2051849625566021
76,76,76,0,0.0,1,2.0,1,1,1,0,2,1,2,1,1,2,1,0,1,2,2,1,1,2,1,1.0,2,2,0,1,1,1,2,1,1,0.0,1,1,2.0,2,1,1,0,1,0,2,1,1,1,1,1,2,2,2,1,3.0,1,1,1,1.0,2,1,2,2,1,1,2.0,1,2.0,1,1,1,1,1.0,1,2.0,3.0,2,2,1,1,0,2.0,1,1,1,2,1,1,1,1,3.0,2,1.0,0.5,76,1.0737913486005088,-0.3530974477444124
77,77,77,2,2.0,1,2.0,1,1,2,1,1,2,2,1,1,2,2,1,1,2,2,0,1,1,1,2.0,0,2,1,1,1,1,2,0,1,2.0,1,2,2.0,0,2,0,1,2,1,1,0,2,2,2,2,2,1,2,1,2.0,1,1,2,0.0,1,1,1,1,1,1,2.0,1,1.0,1,1,2,1,2.0,2,2.0,2.0,2,1,1,2,2,2.0,1,1,2,0,2,2,0,1,1.0,1,,0.4,77,1.111353711790393,-0.3216943278100549
78,78,78,1,2.0,1,0.0,1,2,1,1,2,1,2,1,1,1,1,1,1,2,2,1,0,1,1,0.0,1,1,2,1,2,0,1,2,1,1.0,1,1,2.0,1,1,1,0,2,1,1,1,1,1,1,1,1,1,2,2,2.0,0,1,0,1.0,1,2,2,2,1,2,2.0,1,2.0,1,1,0,1,3.0,1,2.0,3.0,2,1,1,0,1,2.0,2,1,2,2,2,0,1,2,2.0,2,2.0,0.5,78,1.0775,-0.4332476282945423
79,79,79,1,0.0,1,2.0,1,2,2,2,2,2,2,2,1,1,1,1,1,2,1,1,0,1,2,0.0,1,2,2,1,1,1,1,2,1,1.0,1,2,2.0,1,1,2,1,1,1,1,1,1,2,1,1,1,1,2,1,2.0,1,2,2,1.0,2,1,2,0,1,1,1.0,1,2.0,0,1,2,1,2.0,1,2.0,0.0,2,1,1,1,1,1.0,0,0,1,1,2,1,0,0,2.0,2,2.0,0.5,79,1.0916030534351144,-0.2666938367301169
80,80,80,2,2.0,1,0.0,2,2,1,1,1,1,0,2,2,1,2,0,2,3,2,1,2,1,2,0.0,2,1,1,1,1,1,2,1,1,1.0,2,2,1.0,1,0,1,1,1,1,1,1,1,1,0,1,2,0,2,2,3.0,1,1,2,1.0,2,1,0,1,2,1,2.0,1,1.0,1,2,2,2,3.0,2,1.0,3.0,2,2,1,3,2,1.0,2,1,0,2,1,0,1,2,2.0,2,2.0,0.4,80,1.1085450346420322,-0.213119913101732
81,81,81,2,1.0,1,2.0,2,1,1,1,1,2,1,1,1,2,1,1,1,1,1,1,1,2,2,2.0,1,2,2,1,2,2,1,2,2,0.0,1,1,2.0,1,1,1,2,1,0,2,1,2,0,2,2,0,2,1,1,2.0,1,1,0,1.0,1,1,1,1,1,1,2.0,0,3.0,0,2,2,1,1.0,2,1.0,1.0,0,1,2,2,1,2.0,1,1,2,2,1,2,1,2,2.0,3,,0.5,81,1.1050119331742243,-0.2210926380643836
82,82,82,2,2.0,1,0.0,2,1,2,1,1,2,1,1,1,1,1,1,2,2,2,1,2,1,2,1.0,2,1,1,0,1,1,1,0,1,2.0,2,1,2.0,1,1,2,1,1,0,1,1,1,2,1,1,2,1,2,1,2.0,1,2,1,1.0,2,2,2,1,1,2,2.0,1,0.0,1,1,1,1,1.0,1,1.0,2.0,2,2,0,0,1,0.0,1,1,2,1,1,0,2,2,2.0,1,2.0,0.6,82,1.0459183673469388,-0.2330509085272334
83,83,83,0,1.0,1,0.0,1,1,1,1,0,1,1,1,1,1,1,1,1,1,2,1,1,2,2,0.0,1,2,1,1,1,1,2,1,2,2.0,1,1,0.0,1,1,0,0,1,1,1,2,2,1,2,1,1,2,2,1,2.0,1,1,1,2.0,1,1,0,2,1,1,2.0,1,2.0,1,2,1,1,3.0,1,1.0,2.0,3,2,1,2,2,2.0,2,0,2,2,1,1,2,2,2.0,2,2.0,0.6,83,1.058201058201058,-0.2472124108869768
84,84,84,2,3.0,2,2.0,2,1,2,2,1,2,2,2,1,1,1,1,1,2,1,1,1,2,2,1.0,2,2,2,1,1,2,1,2,2,0.0,2,1,1.0,2,1,2,2,2,0,1,1,1,2,1,2,2,1,1,1,2.0,1,2,0,2.0,1,2,2,2,1,2,0.0,2,2.0,1,0,3,1,1.0,2,1.0,0.0,1,1,0,0,1,2.0,1,1,2,2,0,1,1,1,0.0,1,2.0,0.6,84,1.0450928381962865,-0.0905951804447337
85,85,85,1,2.0,1,1.0,1,1,2,1,2,2,2,2,2,0,1,2,2,1,2,2,1,1,1,1.0,1,1,1,1,1,1,1,1,0,2.0,2,1,2.0,0,1,2,1,1,1,1,1,1,1,2,1,1,2,0,0,1.0,1,1,2,2.0,0,1,2,2,1,1,1.0,1,2.0,1,0,2,2,1.0,1,2.0,2.0,2,1,1,1,0,2.0,1,1,0,1,1,2,1,2,2.0,1,2.0,0.6,85,1.0638297872340423,-0.2396886796877837
86,86,86,2,3.0,1,2.0,1,1,1,1,2,0,2,1,1,1,1,1,1,1,1,1,0,2,2,2.0,1,2,2,0,0,1,0,2,2,2.0,1,1,1.0,1,1,2,0,1,2,1,0,0,2,1,1,2,2,2,2,2.0,1,1,1,0.0,1,1,2,2,1,2,2.0,1,2.0,1,2,2,1,1.0,2,1.0,3.0,2,0,2,1,1,2.0,2,1,1,1,1,1,2,2,1.0,1,2.0,0.4,86,1.1238738738738738,-0.4465318782433558
87,87,87,2,2.0,1,2.0,1,1,0,1,1,0,1,2,1,2,1,0,1,2,1,1,1,1,1,1.0,1,2,1,2,2,1,1,1,1,2.0,1,2,2.0,1,1,2,1,1,0,1,1,2,1,1,1,2,1,0,1,2.0,2,1,1,1.0,1,0,0,0,1,1,2.0,1,2.0,1,2,2,2,2.0,2,1.0,2.0,2,1,0,1,1,2.0,1,1,2,1,1,1,1,1,2.0,2,2.0,0.6,87,1.0309278350515465,-0.3717367304395114
88,88,88,1,2.0,1,1.0,1,1,2,1,2,2,1,1,1,2,1,1,2,2,1,2,0,2,1,2.0,2,1,1,2,2,1,1,1,0,2.0,0,1,2.0,1,1,1,2,1,1,1,1,1,2,1,0,0,1,1,1,1.0,1,1,2,1.0,1,1,3,1,0,1,2.0,1,2.0,1,1,0,1,1.0,1,2.0,2.0,0,2,1,1,0,2.0,2,1,1,1,1,2,2,0,2.0,1,1.0,0.4,88,1.1016548463356972,-0.2475099188467246
89,89,89,2,2.0,1,2.0,0,1,1,1,0,1,1,1,1,1,1,1,1,2,1,0,1,1,0,1.0,1,1,0,1,1,2,0,1,1,0.0,1,1,1.0,1,1,1,1,1,2,0,1,1,1,2,1,1,1,1,1,1.0,1,1,2,2.0,0,1,1,2,1,2,1.0,1,2.0,1,1,1,2,1.0,1,2.0,1.0,2,1,1,1,2,2.0,2,0,2,1,1,2,1,1,2.0,1,,0.6,89,1.052924791086351,-0.3381866051167963
90,90,90,2,1.0,1,1.0,2,1,2,1,1,2,2,1,2,1,1,1,1,1,0,1,1,1,2,2.0,2,1,2,2,2,0,1,0,1,2.0,2,2,3.0,0,2,0,1,1,1,1,1,2,1,1,1,3,1,1,2,2.0,2,2,2,1.0,0,1,2,1,1,1,2.0,1,2.0,0,0,2,1,1.0,2,2.0,0.0,2,1,2,1,1,1.0,2,2,2,1,2,1,1,2,3.0,1,0.0,0.5,90,1.0949074074074072,-0.2166542063987641
91,91,91,2,2.0,0,2.0,1,1,1,2,1,1,1,2,2,1,0,1,1,2,2,1,1,1,2,1.0,1,1,2,1,0,0,1,2,2,1.0,1,1,0.0,2,1,1,1,1,0,1,1,1,0,1,1,1,0,2,1,2.0,1,2,1,1.0,1,1,2,2,1,1,2.0,2,2.0,1,1,2,2,2.0,2,1.0,2.0,1,2,1,1,1,1.0,2,0,2,1,1,1,2,2,2.0,2,2.0,0.6,91,1.0353260869565215,-0.4203095243454123
92,92,92,2,1.0,2,2.0,2,1,2,2,1,1,1,0,1,1,2,0,1,1,0,1,1,1,1,1.0,1,1,1,1,0,1,1,2,2,2.0,1,2,2.0,2,1,1,1,1,0,1,1,1,1,1,1,2,1,2,1,2.0,1,2,2,1.0,0,1,2,1,1,1,2.0,1,2.0,0,1,1,0,1.0,1,1.0,1.0,1,1,1,0,1,1.0,1,1,2,1,1,2,1,1,2.0,2,1.0,0.6,92,1.0372492836676217,-0.3064673123322942
93,93,93,2,2.0,1,1.0,0,1,2,1,1,2,2,1,2,1,2,1,2,2,2,1,1,2,1,1.0,0,1,1,1,2,1,1,2,2,2.0,2,2,2.0,0,1,2,1,1,2,2,2,1,2,2,0,1,1,1,0,1.0,1,1,2,1.0,2,2,2,2,1,1,2.0,1,2.0,1,2,1,2,1.0,1,2.0,2.0,1,2,0,1,0,2.0,2,1,2,1,0,1,2,1,1.0,1,0.0,0.5,93,1.089655172413793,-0.1536175542997983
94,94,94,2,2.0,1,2.0,1,2,1,1,1,1,1,2,1,1,2,1,1,2,1,0,1,1,0,2.0,1,1,1,1,1,1,1,1,2,2.0,1,1,1.0,1,0,1,1,1,1,1,1,1,2,1,1,2,0,2,1,2.0,2,1,0,1.0,1,0,1,1,1,2,0.0,1,2.0,0,2,1,2,2.0,2,1.0,2.0,2,1,1,1,2,0.0,2,0,2,1,1,1,1,2,2.0,1,2.0,0.6,94,1.0572916666666667,-0.3845222720738852
95,95,95,1,2.0,0,1.0,1,0,1,2,2,2,1,1,1,1,1,1,1,2,1,0,0,1,0,1.0,1,1,1,1,1,1,1,2,1,1.0,1,1,0.0,1,1,1,1,0,2,1,1,1,1,1,1,1,1,1,2,1.0,2,1,1,1.0,1,1,2,1,0,1,1.0,1,1.0,1,1,2,1,2.0,1,1.0,2.0,1,1,1,1,1,1.0,1,1,1,1,2,2,0,1,2.0,1,2.0,0.6,95,1.035190615835777,-0.3747420096159913
96,96,96,2,2.0,0,3.0,1,1,0,1,2,1,1,2,1,1,1,1,2,2,2,1,1,1,2,1.0,2,2,1,1,1,1,1,2,2,2.0,2,2,2.0,1,0,2,1,1,2,2,2,1,1,1,1,2,1,1,2,2.0,0,1,1,2.0,2,1,1,0,0,1,2.0,1,0.0,1,1,1,2,2.0,2,0.0,2.0,1,2,2,2,2,1.0,1,1,2,0,1,1,1,2,3.0,0,3.0,0.4,96,1.1343963553530751,-0.3125704201942825
97,97,97,1,3.0,2,2.0,0,1,1,2,1,2,1,2,2,1,2,2,1,2,3,1,1,2,1,2.0,2,1,2,1,0,2,1,1,1,2.0,1,0,1.0,2,1,2,2,2,1,1,1,2,2,2,1,2,2,0,1,0.0,1,1,2,2.0,2,2,3,2,1,1,1.0,1,2.0,2,1,0,2,0.0,1,1.0,2.0,1,1,1,1,1,1.0,1,0,2,1,1,1,1,2,2.0,0,2.0,0.6,97,1.0575,-0.2082673945157685
98,98,98,2,2.0,1,2.0,1,1,1,1,1,2,1,2,1,1,1,1,1,2,1,1,1,2,2,1.0,1,2,2,1,1,1,2,2,2,1.0,1,1,1.0,1,0,1,1,1,0,1,1,2,1,1,1,1,2,1,0,1.0,1,2,2,2.0,1,1,2,1,1,0,2.0,0,2.0,1,0,2,1,0.0,2,1.0,2.0,1,1,1,1,1,1.0,1,1,2,2,1,2,1,2,0.0,0,0.0,0.6,98,1.050595238095238,-0.2859005731814272
99,99,99,1,0.0,2,2.0,1,1,1,2,1,2,2,1,2,1,2,1,1,1,2,1,1,2,1,2.0,1,2,2,1,1,1,2,2,1,2.0,2,0,1.0,2,1,1,0,2,1,1,1,1,2,2,1,2,2,2,0,1.0,1,2,2,0.0,2,2,1,2,2,2,1.0,1,2.0,1,0,0,1,1.0,1,0.0,2.0,2,2,1,1,2,2.0,1,0,2,2,1,1,1,2,2.0,1,2.0,0.5,99,1.079625292740047,-0.206639047405115
100,100,100,1,2.0,1,3.0,1,1,2,1,0,1,0,2,2,2,1,1,2,2,2,1,1,2,2,1.0,0,2,2,1,1,1,2,2,2,2.0,2,2,2.0,2,1,2,1,1,2,2,1,2,1,1,0,1,2,1,0,0.0,1,2,1,2.0,1,1,1,1,1,1,2.0,1,0.0,0,1,2,1,1.0,1,2.0,2.0,1,1,2,2,0,1.0,1,1,2,1,1,2,0,1,2.0,1,1.0,0.4,100,1.1095571095571095,-0.217373520422624
101,101,101,2,1.0,1,2.0,0,1,1,1,2,0,1,0,2,1,1,1,1,1,1,1,1,2,2,2.0,2,1,2,1,2,1,1,1,2,2.0,2,1,2.0,1,1,2,0,1,2,2,2,2,2,2,1,1,1,1,1,2.0,1,1,2,1.0,2,2,2,1,2,0,2.0,1,2.0,1,1,1,0,1.0,1,2.0,2.0,0,1,0,1,1,2.0,0,1,1,1,2,2,0,1,3.0,1,2.0,0.5,101,1.0781990521327014,-0.3179314054794682
102,102,102,0,2.0,2,,2,1,2,0,2,1,2,1,2,1,2,2,1,2,2,2,1,1,1,2.0,2,1,2,1,2,2,2,1,1,2.0,2,1,2.0,2,1,2,2,2,2,1,2,0,2,2,1,2,2,2,2,2.0,1,1,2,2.0,1,3,2,2,1,1,3.0,1,0.0,2,1,1,1,1.0,0,0.0,2.0,1,2,1,0,0,3.0,1,2,1,2,2,2,1,2,2.0,2,3.0,0.4,102,1.1341176470588237,-0.2726715923539572
103,103,103,2,2.0,2,2.0,1,1,1,0,1,1,1,1,2,1,2,1,2,1,1,0,2,0,1,0.0,1,1,1,1,0,1,1,1,1,2.0,1,1,3.0,2,1,1,1,1,1,1,1,1,1,1,1,1,2,2,2,3.0,2,0,2,0.0,1,1,1,1,2,2,1.0,1,2.0,2,2,2,0,2.0,1,0.0,2.0,2,2,1,1,1,1.0,1,1,1,2,2,1,1,1,2.0,2,0.0,0.5,103,1.0933660933660934,-0.2190129673494157
104,104,104,1,1.0,1,2.0,1,2,1,1,0,1,1,1,2,0,0,1,1,1,1,1,1,2,1,2.0,1,0,2,1,2,2,2,1,1,1.0,2,1,2.0,1,0,1,2,2,2,1,1,2,2,2,1,1,1,1,1,2.0,2,2,1,2.0,2,1,0,2,1,2,2.0,0,1.0,2,1,0,2,3.0,2,1.0,2.0,1,2,1,2,2,2.0,1,1,2,1,2,2,1,0,0.0,1,1.0,0.5,104,1.1191588785046729,-0.054260309050738
105,105,105,1,0.0,1,2.0,2,2,2,1,2,2,1,1,1,1,2,2,2,2,2,1,2,2,0,1.0,2,1,2,1,2,1,1,1,0,,2,1,0.0,2,1,2,1,2,2,2,2,0,2,2,0,2,1,2,1,2.0,2,2,1,2.0,3,2,2,2,2,1,0.0,1,3.0,2,2,1,2,,1,0.0,3.0,3,2,2,3,2,3.0,2,1,1,2,2,1,2,2,3.0,3,1.0,0.4,105,1.1524249422632795,-0.0900541013653932
106,106,106,2,2.0,0,1.0,1,1,1,1,1,2,1,1,2,1,1,1,1,2,2,0,0,1,1,1.0,2,0,1,1,1,1,1,2,1,1.0,1,1,2.0,1,1,0,1,1,1,1,1,1,1,2,1,1,1,1,0,1.0,1,1,1,1.0,1,2,2,1,1,0,1.0,1,2.0,1,1,2,2,2.0,1,2.0,0.0,2,1,2,1,1,2.0,1,1,0,2,2,2,1,1,2.0,0,2.0,0.6,106,1.0520547945205478,-0.3748565365105153
107,107,107,1,2.0,1,1.0,1,1,1,2,2,2,2,2,1,2,0,1,0,1,1,1,1,2,1,1.0,2,2,2,1,2,1,1,1,1,1.0,0,1,1.0,1,0,1,1,1,1,1,1,2,1,2,0,1,1,1,2,1.0,1,2,1,1.0,1,1,2,2,0,1,2.0,1,2.0,1,1,1,0,1.0,1,2.0,2.0,0,2,1,1,0,2.0,1,1,1,1,1,1,1,1,0.0,1,1.0,0.6,107,1.069408740359897,-0.2322331201476077
108,108,108,2,1.0,1,2.0,1,1,0,1,2,0,2,2,1,1,1,1,1,0,1,1,1,1,2,0.0,1,2,1,1,2,2,1,2,2,2.0,1,1,3.0,2,1,1,1,2,2,1,2,2,1,2,1,1,0,1,1,0.0,1,2,2,1.0,1,2,1,1,1,1,2.0,0,2.0,1,1,2,1,2.0,1,1.0,1.0,0,1,1,1,2,2.0,1,0,2,1,1,0,2,2,2.0,2,2.0,0.5,108,1.0849056603773586,-0.2729049902128567
109,109,109,2,2.0,1,2.0,0,1,0,2,2,2,1,2,1,0,1,0,1,2,1,1,1,1,2,2.0,2,2,1,1,1,1,1,2,2,0.0,1,1,2.0,2,1,1,1,1,0,1,1,2,1,2,1,2,1,0,1,1.0,1,1,1,0.0,1,1,1,1,1,0,2.0,1,2.0,1,1,2,2,1.0,2,1.0,2.0,0,2,1,2,1,2.0,2,1,2,2,1,1,1,2,2.0,1,1.0,0.6,109,1.056,-0.3428708758243259
110,110,110,0,2.0,2,3.0,2,1,1,1,0,2,2,2,1,2,2,0,2,2,1,1,1,1,1,2.0,1,2,2,1,2,1,1,2,1,2.0,2,2,2.0,2,2,1,1,2,1,1,1,2,1,0,2,2,2,3,2,3.0,1,2,2,1.0,2,1,1,0,1,1,2.0,1,3.0,1,2,3,0,2.0,2,1.0,3.0,2,1,1,1,2,0.0,1,2,3,2,2,2,2,1,0.0,2,2.0,0.4,110,1.1380090497737556,-0.2813753117739466
111,111,111,2,2.0,1,2.0,1,1,2,2,2,2,1,2,1,1,2,1,1,2,2,0,2,1,2,,1,2,2,1,1,2,2,1,1,2.0,2,2,2.0,1,2,1,0,0,1,1,1,1,2,1,2,2,1,2,2,2.0,1,1,2,1.0,2,2,2,1,1,2,2.0,1,0.0,1,2,2,1,0.0,2,2.0,,2,1,1,2,1,2.0,2,0,2,0,1,0,2,1,2.0,2,2.0,0.4,111,1.1264108352144468,-0.339059803640166
112,112,112,1,2.0,2,2.0,1,2,1,2,2,2,2,2,1,1,1,1,1,1,1,1,0,1,2,2.0,2,2,1,1,1,1,1,1,1,1.0,1,2,1.0,2,1,0,0,0,0,0,0,1,1,1,1,2,1,1,1,1.0,1,2,1,2.0,1,1,2,1,1,1,2.0,0,1.0,1,1,0,1,2.0,1,2.0,3.0,2,2,2,2,1,1.0,2,1,2,2,2,2,1,1,1.0,0,2.0,0.4,112,1.131336405529954,-0.320950604910421
113,113,113,1,2.0,0,1.0,2,1,1,0,1,1,2,1,2,1,2,1,1,2,1,1,1,1,0,0.0,2,1,1,1,2,1,1,1,2,1.0,0,2,2.0,0,2,2,1,2,2,1,1,1,2,0,1,1,2,1,2,2.0,2,1,2,2.0,1,0,2,1,1,2,2.0,1,2.0,2,1,1,2,2.0,2,1.0,0.0,2,2,2,2,1,1.0,1,1,1,1,2,1,1,2,1.0,0,2.0,0.5,113,1.092760180995475,-0.2322175358061471
114,114,114,2,1.0,1,2.0,1,1,1,1,1,0,1,2,1,1,0,1,1,2,2,0,1,1,2,1.0,2,1,2,1,1,0,1,2,2,1.0,1,0,1.0,1,0,1,1,2,2,2,1,2,1,2,2,1,1,2,1,2.0,2,2,0,1.0,1,1,1,2,1,1,1.0,1,2.0,2,1,2,2,2.0,2,1.0,0.0,1,2,1,2,1,2.0,2,0,2,1,1,1,1,1,2.0,2,2.0,0.6,114,1.0441176470588236,-0.2401783028573578
115,115,115,1,2.0,1,2.0,1,1,0,1,2,2,1,1,1,1,0,1,0,2,0,1,1,1,2,1.0,2,1,1,1,2,1,2,0,0,1.0,2,1,2.0,2,1,1,1,0,2,2,1,1,0,1,1,2,1,2,2,1.0,1,1,1,2.0,1,1,2,1,0,1,2.0,1,2.0,1,1,1,1,2.0,1,2.0,2.0,2,1,2,1,1,1.0,1,1,1,1,2,1,2,2,2.0,2,0.0,0.6,115,1.0477453580901857,-0.3701590745829092
116,116,116,1,0.0,0,1.0,2,1,2,1,1,1,1,2,1,1,2,1,1,2,2,1,1,2,1,1.0,0,1,2,1,1,1,1,0,1,2.0,1,2,2.0,1,2,1,1,1,0,1,1,2,0,1,1,0,2,1,1,0.0,2,1,2,2.0,1,0,2,1,1,1,2.0,1,2.0,1,1,2,1,2.0,1,1.0,1.0,0,2,2,2,1,2.0,2,1,1,1,1,2,2,2,2.0,1,2.0,0.5,116,1.066831683168317,-0.2292550739056903
117,117,117,2,2.0,1,2.0,1,1,1,1,1,2,1,0,2,2,1,1,1,2,2,0,1,1,1,1.0,1,1,0,0,1,1,1,1,2,2.0,1,1,1.0,1,1,1,1,0,1,1,1,1,1,1,1,1,1,2,2,2.0,1,2,1,1.0,1,2,2,1,1,1,2.0,1,0.0,1,1,2,1,1.0,1,1.0,2.0,1,1,1,1,1,0.0,0,1,1,1,2,1,0,1,2.0,1,2.0,0.6,117,1.0394736842105263,-0.3989743782956023
118,118,118,0,2.0,0,2.0,2,2,1,1,0,0,1,2,1,1,1,2,1,2,2,1,1,2,1,1.0,1,2,1,0,0,1,2,1,2,2.0,2,1,2.0,1,1,1,1,1,1,0,2,1,2,0,1,2,2,2,1,2.0,1,1,2,0.0,2,1,1,2,1,1,2.0,1,1.0,1,2,2,2,4.0,1,1.0,3.0,2,2,1,2,2,0.0,2,1,2,1,2,2,2,1,1.0,2,2.0,0.4,118,1.1182033096926711,-0.2885757231528998
119,119,119,1,2.0,1,1.0,1,1,0,1,1,2,1,1,1,1,1,1,1,1,2,1,1,1,2,2.0,2,2,0,1,1,1,1,1,1,1.0,0,1,0.0,1,1,0,1,1,2,1,0,2,1,1,2,1,1,1,1,2.0,0,1,1,2.0,1,2,2,1,1,2,2.0,1,0.0,1,1,2,2,2.0,1,2.0,2.0,2,2,1,2,1,2.0,2,1,2,1,2,1,2,1,0.0,2,2.0,0.6,119,1.029023746701847,-0.3239859151707103
120,120,120,0,2.0,1,2.0,1,2,2,1,1,2,0,1,1,2,1,1,1,2,1,1,1,1,2,0.0,2,2,2,1,1,1,0,2,2,2.0,1,1,2.0,1,1,0,1,2,2,2,0,1,1,0,1,0,2,1,2,2.0,1,1,0,2.0,1,1,2,2,1,1,2.0,1,1.0,1,2,3,1,2.0,2,1.0,2.0,1,1,1,2,2,2.0,2,1,2,0,2,2,1,1,3.0,2,3.0,0.4,120,1.125858123569794,-0.3305459615876926
121,121,121,2,1.0,1,1.0,1,1,1,1,0,2,1,2,2,1,2,1,1,2,1,1,1,2,1,2.0,1,1,2,1,1,2,1,1,1,2.0,0,1,1.0,2,1,1,1,1,1,1,1,2,0,1,1,1,1,1,0,2.0,1,1,2,1.0,1,1,0,1,1,1,1.0,0,0.0,1,1,2,1,2.0,1,1.0,2.0,1,1,1,1,1,2.0,2,2,0,1,0,2,1,2,1.0,2,2.0,0.6,121,1.0441988950276244,-0.3200144788162217
122,122,122,1,2.0,1,2.0,2,1,1,2,2,1,0,1,1,1,1,0,0,1,2,1,1,1,1,1.0,1,2,0,1,1,2,2,1,2,1.0,1,1,2.0,2,1,1,1,1,2,1,1,1,1,1,1,1,1,2,2,2.0,0,2,1,1.0,1,0,2,1,0,1,2.0,1,2.0,1,1,2,1,1.0,2,2.0,2.0,2,0,1,1,0,2.0,1,1,1,1,2,1,1,1,2.0,1,2.0,0.6,122,1.0678851174934725,-0.5157643563448733
123,123,123,2,2.0,2,2.0,2,2,1,1,1,1,2,2,2,2,2,1,1,0,2,2,2,1,1,2.0,1,0,1,2,2,1,1,1,0,2.0,1,1,2.0,1,1,1,2,2,1,2,2,1,0,0,1,2,1,2,2,3.0,1,1,2,0.0,1,1,1,2,1,1,2.0,1,0.0,1,1,1,1,2.0,1,0.0,2.0,1,2,1,1,1,2.0,2,1,0,1,1,0,1,2,2.0,2,2.0,0.6,123,1.056701030927835,-0.1318437358944532
124,124,124,2,2.0,2,,1,1,1,0,1,2,2,1,1,1,2,1,1,0,1,1,0,1,1,2.0,1,1,2,1,0,2,1,1,2,1.0,2,2,1.0,1,1,1,2,0,2,2,1,1,1,1,1,1,1,2,1,2.0,1,2,1,1.0,1,2,2,2,1,1,0.0,1,0.0,2,1,2,1,2.0,1,2.0,2.0,2,1,2,0,1,1.0,1,1,2,1,1,2,1,2,2.0,2,2.0,0.6,124,1.070048309178744,-0.2564897113535472
125,125,125,2,1.0,1,1.0,2,1,1,2,2,1,2,1,2,2,1,1,1,2,2,1,1,1,1,1.0,1,2,1,1,1,0,1,2,1,1.0,1,1,2.0,0,1,1,1,1,1,0,2,2,1,1,1,2,1,2,1,2.0,1,2,1,2.0,1,0,1,0,1,1,0.0,1,1.0,0,2,2,1,2.0,2,2.0,2.0,2,1,0,1,1,2.0,1,1,1,1,1,0,0,1,1.0,2,1.0,0.5,125,1.0433734939759036,-0.218113076741659
126,126,126,1,0.0,1,0.0,1,1,2,1,1,2,2,2,2,1,2,1,1,1,1,1,1,2,2,2.0,2,3,2,1,1,1,1,2,2,2.0,0,1,2.0,2,1,2,1,1,1,1,1,2,2,1,2,2,2,1,2,2.0,0,1,2,2.0,1,2,2,2,1,1,2.0,1,2.0,1,0,2,1,1.0,1,0.0,0.0,1,2,0,1,1,0.0,0,1,2,2,2,1,2,1,1.0,2,2.0,0.6,126,1.0687203791469195,-0.2183198830481485
127,127,127,1,1.0,1,2.0,1,1,1,1,1,0,1,2,1,1,1,1,2,1,1,1,2,2,2,0.0,1,2,1,0,1,0,1,2,2,2.0,1,1,0.0,1,1,0,1,1,1,1,2,2,1,1,1,1,1,2,2,2.0,1,0,1,1.0,1,1,0,1,1,1,3.0,1,2.0,0,2,1,2,2.0,1,0.0,3.0,2,2,2,2,1,1.0,2,2,2,1,2,1,1,2,2.0,2,2.0,0.5,127,1.0559610705596103,-0.2304137853735413
128,128,128,1,2.0,1,2.0,1,1,2,1,1,1,0,2,2,1,1,2,0,1,2,1,1,0,1,1.0,1,1,2,1,1,1,1,1,2,1.0,0,1,1.0,2,1,2,1,1,1,1,2,1,2,1,1,1,1,1,2,2.0,1,1,2,0.0,1,1,1,1,1,2,2.0,1,1.0,1,1,2,2,1.0,1,2.0,1.0,0,1,1,1,1,1.0,1,0,0,0,2,1,1,2,1.0,2,2.0,0.6,128,1.0530503978779842,-0.2966938054501021
129,129,129,1,2.0,2,1.0,1,2,1,2,1,3,2,1,2,0,2,1,1,2,2,1,1,1,2,1.0,3,2,2,1,1,2,1,1,1,0.0,1,1,2.0,2,1,1,0,2,1,2,1,1,1,1,1,1,2,2,1,2.0,0,1,2,2.0,2,2,2,2,0,2,0.0,2,2.0,1,1,2,1,2.0,2,0.0,3.0,2,1,1,2,1,1.0,2,1,2,2,0,0,2,2,,2,2.0,0.4,129,1.1293859649122806,-0.3130291700762652
130,130,130,2,2.0,2,2.0,2,1,2,1,1,1,0,1,2,1,2,1,0,1,2,1,1,2,1,1.0,1,0,2,1,2,0,1,1,2,2.0,1,2,2.0,2,1,1,1,2,1,1,2,0,1,2,1,1,1,2,2,2.0,2,1,2,1.0,0,1,0,1,1,2,2.0,1,2.0,1,1,2,1,1.0,1,2.0,1.0,0,1,1,1,1,2.0,0,1,1,2,2,2,1,2,2.0,1,2.0,0.5,130,1.0602409638554218,-0.39387444560994
131,131,131,1,0.0,1,2.0,1,1,1,1,1,2,1,1,2,2,2,1,1,1,2,1,1,1,1,2.0,0,0,1,1,1,0,1,0,0,2.0,1,2,2.0,1,1,2,1,1,0,1,1,1,1,2,1,1,1,2,1,2.0,1,0,2,1.0,1,2,1,1,1,2,1.0,2,2.0,1,2,1,2,2.0,1,1.0,2.0,2,0,1,1,2,1.0,2,0,1,1,1,1,2,2,2.0,2,2.0,0.6,131,1.0473684210526315,-0.247016013432933
132,132,132,2,2.0,1,1.0,1,2,2,1,2,1,1,2,2,2,2,1,1,1,0,1,1,0,2,2.0,1,2,2,1,1,2,1,2,2,2.0,0,1,2.0,1,2,1,2,1,0,1,1,1,2,2,1,2,0,1,1,0.0,1,2,3,2.0,0,1,1,1,1,2,2.0,1,3.0,1,1,2,1,2.0,3,2.0,2.0,1,1,1,1,1,1.0,0,1,2,1,1,2,1,0,1.0,0,2.0,0.5,132,1.09,-0.2177494299141901
133,133,133,1,0.0,1,1.0,1,1,1,1,0,2,1,1,2,1,1,1,1,1,1,1,1,2,2,2.0,2,2,2,2,1,1,1,2,3,0.0,0,1,1.0,2,1,2,1,2,1,1,1,2,2,1,1,1,2,1,0,1.0,0,1,0,2.0,1,2,1,1,1,0,1.0,1,2.0,1,1,2,0,2.0,2,1.0,2.0,1,2,1,2,1,2.0,1,1,2,2,0,1,2,2,1.0,2,2.0,0.5,133,1.061576354679803,-0.1881462770929587
134,134,134,1,2.0,2,2.0,1,0,1,1,1,1,1,1,1,1,1,0,1,2,1,1,1,1,0,2.0,1,1,1,1,1,1,1,1,1,2.0,1,0,1.0,2,0,1,1,1,1,1,1,2,2,1,1,1,0,2,1,2.0,1,0,1,1.0,1,1,2,1,1,1,1.0,2,1.0,1,1,1,2,2.0,1,1.0,2.0,1,1,1,2,1,0.0,2,1,2,0,2,1,2,1,2.0,2,2.0,0.6,134,1.0694444444444444,-0.3772416288015885
135,135,135,2,2.0,1,2.0,2,2,2,1,2,2,2,1,0,2,2,1,1,1,2,2,1,2,0,2.0,1,0,2,1,2,1,2,0,1,2.0,2,1,2.0,1,1,2,2,1,2,2,2,1,2,2,1,2,1,2,2,1.0,1,1,0,1.0,1,0,2,1,0,2,2.0,1,2.0,1,1,0,1,1.0,1,1.0,1.0,0,2,2,2,1,2.0,2,2,1,2,2,2,1,2,3.0,2,0.0,0.4,135,1.0988505747126436,-0.1501796833519119
136,136,136,1,1.0,1,2.0,1,0,2,1,1,1,0,1,1,2,1,1,1,2,2,1,1,2,1,1.0,2,2,2,1,1,1,2,0,2,2.0,1,1,2.0,2,1,1,2,2,0,2,2,1,1,1,1,2,2,1,1,2.0,0,1,2,1.0,1,1,2,2,0,0,2.0,1,2.0,2,1,1,2,2.0,1,0.0,0.0,1,1,1,1,1,2.0,1,1,1,2,0,1,1,2,,1,2.0,0.5,136,1.0858468677494195,-0.2990080558020408
137,137,137,1,0.0,1,2.0,1,1,1,1,2,2,2,1,2,1,1,1,1,2,1,0,1,1,0,0.0,2,1,1,1,1,1,1,1,1,2.0,1,2,1.0,2,0,1,1,1,1,1,1,1,1,1,1,1,1,2,1,2.0,0,0,2,2.0,1,2,2,2,1,1,1.0,1,2.0,1,2,1,1,2.0,1,1.0,1.0,0,1,0,0,1,2.0,1,1,1,2,2,1,1,1,3.0,2,2.0,0.6,137,1.0543478260869563,-0.3816713295291291
138,138,138,1,2.0,1,2.0,1,1,1,1,1,2,1,1,1,2,2,1,2,1,2,1,1,2,1,1.0,2,0,0,2,1,1,2,1,0,2.0,0,1,1.0,2,1,0,1,1,1,1,1,2,1,1,1,1,2,1,2,1.0,1,1,2,1.0,1,2,2,1,0,1,2.0,1,2.0,1,2,0,1,3.0,0,0.0,2.0,2,2,2,1,2,2.0,2,1,1,2,2,1,1,2,1.0,3,2.0,0.6,138,1.0503778337531486,-0.2816695386310062
139,139,139,1,0.0,1,3.0,0,1,1,2,2,2,1,1,0,1,2,1,1,1,1,1,0,2,2,2.0,2,2,2,2,2,1,0,2,1,2.0,1,1,2.0,3,2,2,1,2,2,2,1,1,1,1,1,2,1,1,2,2.0,2,2,2,1.0,1,2,2,2,1,1,1.0,0,1.0,1,1,0,1,2.0,2,2.0,1.0,2,1,1,1,0,0.0,1,2,3,1,2,2,2,2,2.0,2,2.0,0.4,139,1.1531531531531531,-0.2674537141870389
140,140,140,1,3.0,1,2.0,1,1,2,1,2,1,1,1,1,1,2,1,2,2,1,1,1,0,0,0.0,2,2,2,1,2,1,2,2,0,1.0,1,0,1.0,1,0,2,1,1,2,1,2,1,2,1,1,2,1,2,1,2.0,1,1,2,0.0,1,0,1,1,1,2,2.0,1,1.0,2,1,1,1,3.0,1,1.0,2.0,3,2,0,2,2,0.0,2,1,2,1,2,1,2,2,2.0,2,4.0,0.4,140,1.101851851851852,-0.2712014187264376
141,141,141,1,1.0,1,3.0,1,1,1,1,2,1,1,1,0,2,2,1,1,1,2,1,1,2,1,2.0,1,0,1,1,1,1,1,1,1,1.0,1,1,1.0,2,1,2,1,1,1,0,1,1,1,1,0,0,1,1,2,1.0,1,1,0,1.0,1,2,1,1,1,1,2.0,0,0.0,0,1,1,1,1.0,1,2.0,2.0,1,1,2,1,0,1.0,1,1,1,1,1,2,1,2,1.0,1,1.0,0.6,141,1.0596590909090908,-0.2374249709834843
142,142,142,2,2.0,1,1.0,2,1,1,2,1,2,1,1,0,0,2,1,1,2,2,1,1,0,2,1.0,2,1,0,0,1,1,1,1,1,2.0,0,1,2.0,2,1,2,1,2,2,1,1,0,2,1,1,0,1,2,1,2.0,1,1,1,2.0,1,2,2,1,1,2,1.0,1,1.0,1,1,0,2,2.0,1,2.0,3.0,2,2,2,1,1,0.0,2,1,2,2,1,1,1,2,2.0,1,2.0,0.5,142,1.0705882352941176,-0.409820747913485
143,143,143,2,2.0,1,1.0,1,1,2,1,2,1,1,1,2,1,2,1,1,0,1,1,1,1,1,2.0,1,0,2,1,1,2,1,2,2,0.0,0,1,2.0,2,2,1,1,1,1,1,1,1,1,0,1,1,1,2,2,3.0,1,1,2,1.0,0,1,2,1,1,1,2.0,1,2.0,1,1,2,1,0.0,1,2.0,1.0,1,1,1,0,1,1.0,1,0,2,1,1,1,1,2,1.0,0,2.0,0.6,143,1.0487106017191976,-0.3296998776342638
144,144,144,3,3.0,1,0.0,2,2,2,1,1,1,1,2,2,1,2,1,1,2,2,1,1,1,2,1.0,2,2,2,1,1,1,1,2,3,2.0,0,1,1.0,0,0,2,2,2,1,1,1,2,2,1,2,1,2,1,2,2.0,2,1,2,1.0,1,1,0,1,2,2,2.0,1,3.0,1,2,3,2,1.0,2,1.0,0.0,1,2,2,1,1,0.0,0,2,2,2,0,1,2,0,1.0,1,4.0,0.4,144,1.1041666666666667,-0.081322057889788
145,145,145,1,3.0,1,2.0,1,1,1,2,0,2,1,1,2,2,1,1,1,2,0,1,1,2,1,1.0,2,1,2,1,1,2,1,1,0,0.0,2,2,3.0,0,1,2,2,2,1,1,1,2,2,2,1,2,2,2,2,0.0,1,1,1,1.0,3,2,1,2,2,1,2.0,2,1.0,2,1,0,1,2.0,2,2.0,2.0,1,2,2,2,2,1.0,1,1,1,2,1,0,0,2,5.0,0,4.0,0.5,145,1.127906976744186,-0.0366159683343455
146,146,146,1,0.0,1,1.0,0,1,1,1,1,0,1,1,1,0,1,1,1,1,2,1,1,2,1,1.0,2,2,0,0,0,1,2,1,2,2.0,1,1,2.0,1,1,0,1,1,1,1,1,2,1,1,1,2,1,1,1,2.0,2,1,2,1.0,2,1,1,2,1,1,1.0,1,2.0,1,1,2,2,2.0,2,0.0,2.0,1,1,1,1,1,2.0,0,1,1,1,1,1,1,2,2.0,2,2.0,0.6,146,1.043103448275862,-0.3334587274069324
147,147,147,2,1.0,2,2.0,2,1,1,2,1,1,2,0,2,2,1,1,2,0,1,1,2,2,1,0.0,2,0,1,1,2,0,0,1,2,2.0,1,1,2.0,1,1,2,1,2,1,2,1,1,2,2,1,1,2,2,2,3.0,1,1,2,1.0,2,2,2,1,2,1,2.0,1,3.0,1,1,1,1,1.0,1,0.0,2.0,1,1,2,1,1,1.0,2,1,2,2,2,0,2,2,0.0,1,2.0,0.6,147,1.0522727272727272,-0.1259699384352474
148,148,148,1,2.0,1,1.0,1,1,1,1,2,1,1,2,1,1,2,1,1,2,2,0,1,1,1,1.0,1,1,1,1,1,1,1,2,1,1.0,0,1,1.0,2,0,1,1,1,1,1,1,1,2,2,1,1,2,0,1,1.0,2,2,2,2.0,1,1,2,1,1,1,1.0,1,1.0,1,1,0,1,1.0,1,0.0,2.0,1,1,1,0,1,2.0,0,1,0,0,1,1,1,1,1.0,2,2.0,0.6,148,1.043103448275862,-0.2102240257764469
149,149,149,1,0.0,1,2.0,1,1,1,1,1,1,2,2,1,1,0,1,1,2,1,1,1,2,1,0.0,1,1,2,1,0,1,1,2,1,1.0,1,1,0.0,2,1,1,0,2,2,0,1,1,2,1,1,0,2,1,1,1.0,1,1,2,2.0,2,1,2,2,2,1,2.0,0,2.0,1,1,0,1,2.0,2,1.0,2.0,1,2,1,1,2,1.0,1,1,2,2,1,1,1,1,2.0,2,2.0,0.5,149,1.0767326732673268,-0.250694861946217
150,150,150,3,1.0,2,2.0,2,2,1,2,1,1,1,1,2,1,0,1,2,2,1,1,1,1,1,0.0,1,0,2,0,0,0,1,2,2,2.0,1,2,2.0,1,2,1,2,1,1,1,2,2,2,2,1,0,0,2,1,3.0,1,1,1,1.0,0,1,2,1,1,2,2.0,1,1.0,2,2,1,2,3.0,2,1.0,2.0,2,2,1,2,1,3.0,2,2,3,2,2,2,2,2,2.0,2,3.0,0.4,150,1.1670235546038543,-0.2688675092478631
151,151,151,1,3.0,1,2.0,2,1,2,1,1,2,1,2,2,1,1,1,1,1,2,1,1,2,1,2.0,0,2,2,1,1,2,1,2,0,1.0,0,2,2.0,2,2,1,1,2,1,1,0,2,2,2,1,2,0,2,2,2.0,2,1,2,1.0,1,2,2,1,2,2,2.0,1,3.0,1,1,1,1,0.0,1,2.0,0.0,0,2,1,2,2,1.0,1,1,2,3,0,1,2,2,3.0,0,2.0,0.4,151,1.1374722838137472,-0.2685472361755925
152,152,152,0,1.0,1,2.0,2,2,2,1,2,1,2,0,2,2,2,2,2,2,2,2,1,2,1,2.0,0,0,2,2,2,2,1,1,2,2.0,1,1,2.0,2,1,2,1,1,2,2,1,2,2,2,1,0,1,2,2,,1,1,3,2.0,1,0,0,1,2,2,2.0,1,2.0,2,1,1,0,0.0,1,2.0,3.0,2,1,3,1,2,3.0,2,2,1,1,2,1,2,2,2.0,2,2.0,0.4,152,1.1401425178147269,-0.1573079821803285
153,153,153,0,3.0,1,2.0,2,1,0,0,1,1,2,1,2,1,2,2,1,1,2,1,1,2,1,1.0,2,1,1,1,0,2,1,1,1,2.0,1,0,2.0,1,1,1,1,2,2,1,1,2,2,2,2,1,2,2,1,2.0,1,1,2,2.0,2,2,2,2,1,2,2.0,1,3.0,2,1,1,0,0.0,0,2.0,0.0,1,1,1,1,1,2.0,2,2,1,3,1,1,1,1,0.0,2,2.0,0.4,153,1.0847457627118644,-0.2228236900153125
154,154,154,1,3.0,2,2.0,2,1,1,1,1,2,2,1,2,1,2,1,1,2,1,0,1,0,0,1.0,1,1,1,1,1,2,2,1,1,1.0,1,1,2.0,2,1,1,1,1,1,0,2,1,2,1,1,2,0,1,1,2.0,2,2,2,1.0,2,1,2,0,2,2,2.0,1,2.0,1,2,0,2,2.0,1,0.0,2.0,2,1,1,2,1,1.0,2,1,2,2,0,2,2,1,2.0,2,0.0,0.5,154,1.0849056603773586,-0.2732982007564953
155,155,155,3,3.0,1,0.0,2,1,2,1,1,1,2,1,2,1,1,2,1,1,1,1,1,2,2,0.0,1,2,1,2,2,2,2,2,2,1.0,1,1,2.0,1,1,1,1,1,1,1,0,2,2,2,1,1,2,2,0,2.0,1,2,2,1.0,0,1,1,1,1,1,1.0,0,1.0,2,1,0,2,2.0,1,2.0,2.0,1,2,1,2,2,3.0,1,1,2,1,1,0,1,2,1.0,2,3.0,0.4,155,1.1230068337129842,-0.2137977515815645
156,156,156,2,2.0,0,2.0,2,1,2,1,1,1,0,2,2,1,2,2,1,1,2,1,1,2,1,2.0,2,1,2,1,1,1,1,1,1,1.0,0,2,2.0,2,1,2,1,1,2,0,0,2,1,2,2,1,2,1,1,1.0,2,0,2,2.0,3,3,2,1,1,0,2.0,1,2.0,2,1,1,1,2.0,1,2.0,3.0,1,0,2,1,1,2.0,0,1,2,2,2,1,1,1,1.0,2,3.0,0.4,156,1.1330472103004292,-0.3598812238595891
157,157,157,2,2.0,1,2.0,1,2,1,2,2,2,1,0,1,2,1,1,1,2,2,1,0,1,1,2.0,2,1,2,2,2,2,2,0,2,0.0,1,1,2.0,1,2,2,0,2,2,1,1,1,2,1,1,0,1,0,1,2.0,2,1,2,2.0,2,2,2,1,2,1,0.0,1,0.0,2,2,1,1,3.0,2,2.0,3.0,2,1,1,2,2,2.0,2,1,1,3,0,2,2,2,3.0,3,4.0,0.4,157,1.1359447004608294,-0.2860458327508522
158,158,158,2,1.0,2,2.0,1,1,1,1,2,1,2,1,2,2,0,1,1,2,0,1,1,1,1,1.0,2,1,1,1,2,0,1,1,2,2.0,1,1,2.0,2,1,1,2,0,2,1,1,0,1,1,2,2,1,2,0,2.0,1,2,1,1.0,1,2,2,2,1,2,2.0,1,2.0,1,1,2,1,2.0,0,2.0,2.0,2,2,1,0,1,1.0,1,1,2,1,1,0,2,2,2.0,2,2.0,0.5,158,1.0794392523364489,-0.4008858477004559
159,159,159,1,2.0,1,3.0,2,2,1,2,2,2,1,0,0,1,2,1,1,2,2,2,0,2,2,2.0,1,1,2,2,2,1,1,2,1,1.0,2,1,1.0,2,1,1,0,1,1,2,1,1,1,2,1,1,1,2,1,2.0,1,2,1,1.0,1,2,2,1,1,2,1.0,1,2.0,0,2,2,1,2.0,1,3.0,3.0,2,2,0,1,2,0.0,2,1,2,2,2,0,1,1,2.0,1,0.0,0.4,159,1.1244444444444444,-0.2523602940218835
160,160,160,2,0.0,1,1.0,1,2,1,1,2,2,1,1,2,1,2,2,1,2,2,1,2,2,1,1.0,1,0,0,2,2,1,2,1,1,2.0,0,2,2.0,2,2,1,0,2,2,1,2,1,1,0,1,1,1,2,2,2.0,2,1,2,1.0,1,0,2,1,1,1,1.0,1,1.0,1,1,2,3,1.0,0,2.0,3.0,3,0,1,1,2,0.0,1,1,2,2,2,2,2,2,3.0,2,3.0,0.4,160,1.1393258426966293,-0.2422761719450126
161,161,161,1,1.0,1,2.0,1,1,1,1,1,1,0,0,2,1,1,1,0,2,1,1,1,2,1,1.0,1,1,1,1,1,0,1,0,2,1.0,1,1,2.0,1,1,1,1,1,1,0,1,1,1,1,1,1,1,0,1,1.0,1,1,2,1.0,1,1,1,1,1,1,2.0,0,2.0,0,1,2,1,2.0,1,2.0,2.0,2,1,1,0,1,1.0,1,1,1,1,1,2,1,1,2.0,1,1.0,0.6,161,1.04,-0.4844382444699708
162,162,162,2,1.0,1,2.0,2,1,1,1,2,1,1,1,1,1,1,1,1,1,2,1,1,1,2,2.0,1,2,2,2,2,1,1,1,1,2.0,1,1,2.0,1,1,1,1,1,1,1,1,0,1,1,1,2,1,2,2,2.0,1,2,2,2.0,1,0,1,0,0,0,2.0,1,2.0,1,2,2,1,1.0,2,2.0,1.0,0,1,1,1,1,1.0,0,0,2,1,1,0,1,2,2.0,2,2.0,0.6,162,1.0543478260869563,-0.4570866128491005
163,163,163,3,2.0,0,2.0,1,2,1,2,2,1,2,2,2,1,0,1,2,2,2,1,2,2,2,1.0,2,2,2,1,2,2,2,2,2,1.0,2,1,0.0,1,1,0,1,2,1,1,1,1,2,2,1,2,2,0,1,2.0,1,2,1,1.0,2,2,2,1,1,1,2.0,1,2.0,1,1,2,1,0.0,2,2.0,3.0,1,2,2,2,2,0.0,1,1,3,0,2,0,2,2,2.0,1,2.0,0.5,163,1.1045454545454545,-0.2010745279517182
164,164,164,2,2.0,0,2.0,1,1,1,2,1,1,1,2,1,1,2,1,2,1,0,1,1,2,1,1.0,0,2,2,0,2,2,1,2,2,1.0,1,2,2.0,2,2,2,1,2,1,2,1,1,2,2,2,1,1,0,0,2.0,2,2,2,1.0,1,1,1,1,1,2,1.0,1,3.0,1,1,3,1,2.0,2,0.0,3.0,2,0,2,1,1,2.0,0,1,2,2,1,2,1,2,3.0,2,0.0,0.4,164,1.1127098321342923,-0.2637097153541677
165,165,165,2,2.0,2,3.0,2,0,2,2,2,1,1,2,1,1,1,1,1,0,1,1,2,1,2,2.0,1,2,2,2,2,0,1,2,2,2.0,0,1,1.0,1,2,1,1,1,1,2,2,1,1,2,1,2,2,3,1,2.0,2,2,2,0.0,0,1,2,2,1,1,0.0,1,2.0,1,1,3,2,2.0,2,2.0,2.0,2,1,2,1,1,2.0,1,1,2,0,2,2,2,2,0.0,1,2.0,0.4,165,1.1143552311435525,-0.2388183116696288
166,166,166,2,2.0,2,2.0,1,0,2,2,1,1,0,1,2,1,1,1,2,1,2,1,2,2,1,2.0,1,2,2,2,2,1,1,1,2,0.0,2,1,2.0,2,1,2,1,1,2,1,1,1,1,2,1,1,2,2,2,3.0,2,2,3,0.0,1,1,2,1,1,0,1.0,1,2.0,1,0,2,1,1.0,2,2.0,1.0,1,0,1,1,1,2.0,0,2,2,0,2,1,1,2,2.0,1,2.0,0.5,166,1.0823529411764703,-0.2897443140785802
167,167,167,2,1.0,1,0.0,0,1,2,1,2,1,0,2,1,1,1,1,1,2,2,2,1,1,1,1.0,2,2,2,1,2,2,1,2,2,2.0,1,1,1.0,0,1,1,1,1,1,2,2,2,2,2,1,2,1,1,1,2.0,1,2,0,2.0,1,0,1,1,1,1,2.0,0,1.0,0,1,2,1,0.0,2,2.0,2.0,1,2,1,1,1,2.0,1,1,2,1,2,1,2,2,,2,0.0,0.5,167,1.0954653937947494,-0.1861598309026852
168,168,168,1,2.0,1,3.0,1,0,1,1,1,1,2,1,2,2,1,0,1,2,2,1,1,2,1,2.0,1,1,0,2,2,0,1,1,2,2.0,2,2,2.0,2,2,1,1,1,1,1,2,0,1,1,2,1,1,2,1,2.0,1,0,1,0.0,1,2,1,1,1,1,2.0,1,1.0,2,2,2,1,0.0,1,1.0,2.0,1,2,1,1,1,2.0,1,1,1,0,0,1,1,1,2.0,1,2.0,0.5,168,1.0845410628019323,-0.2322257947047629
169,169,169,2,3.0,1,0.0,1,2,1,2,1,2,1,1,2,1,1,1,0,1,1,1,1,2,1,1.0,1,2,2,1,1,2,1,1,2,0.0,1,0,2.0,1,1,2,2,1,1,1,0,1,2,2,2,0,1,1,1,0.0,2,2,2,1.0,0,2,1,1,1,2,2.0,1,2.0,2,0,2,1,2.0,2,0.0,3.0,2,2,2,1,1,2.0,1,1,3,2,2,1,1,1,3.0,1,3.0,0.5,169,1.1094890510948905,-0.2641318893291198
170,170,170,2,2.0,1,2.0,1,1,1,1,1,1,0,2,0,1,2,1,1,1,2,1,1,2,1,1.0,0,2,0,1,0,1,1,2,1,1.0,1,1,0.0,2,1,0,1,2,2,1,0,2,1,1,1,1,1,1,1,2.0,2,2,1,1.0,1,2,1,1,2,1,2.0,1,2.0,1,1,2,1,2.0,2,1.0,2.0,1,2,0,2,1,1.0,1,1,2,1,2,2,1,1,2.0,0,2.0,0.6,170,1.0568475452196382,-0.2659236694491867
171,171,171,1,2.0,1,2.0,1,2,1,1,2,0,1,1,0,1,1,1,1,1,2,1,1,1,0,1.0,1,1,1,1,2,0,1,1,2,2.0,0,1,2.0,1,1,1,1,1,1,1,1,1,2,1,0,1,1,1,2,2.0,1,1,2,1.0,1,1,1,0,1,1,2.0,0,1.0,1,1,1,1,2.0,1,2.0,2.0,1,1,1,2,1,0.0,2,1,1,1,2,0,2,2,1.0,2,2.0,0.5,171,1.0655270655270654,-0.4214574291973261
172,172,172,2,2.0,1,2.0,2,1,2,2,2,2,2,1,1,1,1,1,1,2,2,1,1,1,1,1.0,1,1,0,2,1,1,2,0,1,0.0,2,1,1.0,1,0,1,1,0,1,1,1,1,1,1,1,2,1,2,1,2.0,2,1,2,2.0,1,1,2,1,1,1,2.0,1,0.0,1,2,2,1,1.0,1,1.0,2.0,1,1,1,0,0,2.0,1,1,1,2,1,0,1,2,2.0,2,2.0,0.6,172,1.0532994923857868,-0.3203353080704129
173,173,173,2,1.0,1,2.0,1,1,1,1,1,1,1,2,1,0,2,1,1,1,2,0,1,2,2,2.0,1,2,2,1,0,1,1,2,2,2.0,0,1,1.0,1,1,1,1,1,1,1,1,2,2,2,1,1,2,0,1,2.0,1,2,2,0.0,2,1,1,1,2,1,2.0,0,1.0,1,1,2,1,1.0,2,2.0,1.0,0,1,1,2,1,2.0,1,1,2,2,1,0,1,2,0.0,1,1.0,0.5,173,1.0775401069518715,-0.2694167198713071
174,174,174,1,2.0,1,1.0,2,1,2,1,0,1,1,2,2,1,1,1,1,2,1,1,1,1,1,0.0,2,1,1,1,0,2,1,2,1,2.0,1,1,2.0,0,1,2,1,2,0,1,1,0,2,2,0,1,2,1,2,2.0,2,2,2,2.0,1,2,2,2,1,1,2.0,1,2.0,1,0,2,1,2.0,1,1.0,0.0,1,1,1,1,2,2.0,1,1,2,2,1,0,1,1,2.0,2,1.0,0.5,174,1.0577889447236182,-0.2606803660553997
175,175,175,1,0.0,1,2.0,1,0,1,0,1,1,2,2,1,1,1,1,1,2,1,0,0,1,1,2.0,1,2,2,1,0,1,1,2,1,2.0,1,1,1.0,2,1,1,0,2,2,1,1,1,2,1,1,2,1,2,2,3.0,1,1,2,1.0,1,1,2,1,2,1,2.0,1,2.0,0,2,0,1,3.0,1,2.0,2.0,2,1,2,1,1,2.0,2,1,3,0,2,2,1,2,2.0,2,2.0,0.4,175,1.1444201312910285,-0.5386763218726912
176,176,176,1,2.0,2,,2,1,2,2,2,2,2,0,1,1,1,0,1,2,1,2,2,1,2,2.0,0,2,3,2,3,2,1,2,2,2.0,2,2,0.0,1,1,1,1,1,1,2,1,2,1,1,1,2,1,2,1,3.0,2,2,1,2.0,1,1,1,0,2,1,0.0,2,2.0,1,0,2,2,2.0,1,2.0,2.0,3,1,2,2,1,2.0,1,1,3,1,2,2,1,3,3.0,2,0.0,0.4,176,1.1598272138228942,-0.1891472881240568
177,177,177,2,3.0,1,2.0,2,1,1,1,1,2,1,1,2,1,2,1,1,1,1,1,1,0,1,1.0,2,1,0,2,2,1,1,1,2,2.0,1,1,0.0,2,2,2,2,1,2,1,1,1,1,1,1,0,1,1,1,2.0,1,2,1,2.0,1,1,2,1,2,0,1.0,1,1.0,1,2,2,1,1.0,1,2.0,,1,0,1,0,1,2.0,0,1,2,2,1,2,1,2,2.0,2,0.0,0.5,177,1.06426735218509,-0.2377729713475864
178,178,178,1,2.0,0,0.0,2,1,1,1,1,0,1,1,2,1,0,0,1,2,2,0,1,1,1,2.0,1,1,2,0,1,1,2,2,2,1.0,1,1,1.0,1,1,1,1,1,1,1,1,1,0,2,1,1,1,1,1,1.0,0,1,1,1.0,2,1,1,2,1,1,2.0,1,2.0,1,2,2,2,3.0,2,1.0,3.0,2,2,1,2,1,2.0,2,1,2,1,1,1,1,1,2.0,2,2.0,0.6,178,1.0714285714285714,-0.3945258461413986
179,179,179,2,2.0,1,0.0,1,2,1,2,1,1,0,1,0,1,2,2,1,2,2,1,1,2,1,0.0,2,0,2,1,1,2,1,1,2,1.0,0,1,0.0,1,0,1,1,2,1,1,2,2,1,2,1,1,2,2,1,2.0,2,1,2,2.0,1,2,0,1,1,2,2.0,1,3.0,2,2,1,2,3.0,1,1.0,0.0,1,2,2,1,2,2.0,3,1,1,2,2,1,2,2,2.0,2,2.0,0.5,179,1.075609756097561,-0.1492637047979017
180,180,180,1,1.0,1,0.0,2,0,2,2,2,2,1,0,2,1,1,1,2,2,2,1,1,2,0,2.0,2,1,1,2,1,0,1,2,1,1.0,1,1,2.0,2,0,1,1,2,2,1,1,1,2,2,1,0,2,2,1,2.0,2,2,2,1.0,2,1,2,1,2,1,2.0,1,2.0,1,2,2,1,1.0,1,1.0,1.0,0,2,1,1,1,2.0,1,1,1,1,1,2,0,2,0.0,1,2.0,0.5,180,1.0841121495327102,-0.1595586625258232
181,181,181,1,0.0,1,2.0,1,1,2,1,2,1,2,0,2,1,2,1,2,2,1,1,2,1,2,2.0,1,1,2,2,1,1,1,1,2,3.0,0,1,2.0,1,2,2,2,1,1,1,1,2,1,2,2,1,2,2,2,2.0,1,0,2,0.0,0,1,2,1,1,2,2.0,1,2.0,1,1,2,2,1.0,1,3.0,1.0,1,2,1,0,1,2.0,1,2,1,1,2,1,2,2,0.0,0,3.0,0.5,181,1.0816326530612244,-0.1590975746230869
182,182,182,2,1.0,0,1.0,1,2,1,1,1,2,1,1,1,2,1,1,2,2,2,1,1,2,1,0.0,0,1,1,1,2,2,1,2,2,2.0,0,1,1.0,2,1,2,1,1,2,1,1,1,1,1,1,1,2,1,2,1.0,1,2,2,1.0,1,1,1,0,0,0,2.0,1,2.0,1,1,2,2,2.0,0,2.0,2.0,2,1,1,2,1,2.0,2,1,1,1,3,1,1,0,0.0,2,2.0,0.5,182,1.1033653846153846,-0.2898269698172345
183,183,183,1,0.0,1,2.0,1,0,1,2,1,1,2,1,0,2,1,1,1,2,2,1,1,2,2,0.0,2,2,2,1,1,1,1,2,1,1.0,1,0,1.0,0,1,1,1,1,1,1,0,1,1,2,1,2,0,1,1,2.0,2,2,1,2.0,2,1,2,1,2,0,2.0,1,1.0,1,2,2,2,2.0,2,1.0,2.0,2,1,1,1,1,2.0,1,2,1,2,2,1,0,2,1.0,1,2.0,0.5,183,1.0843091334894617,-0.2304827309974055
184,184,184,2,2.0,1,2.0,0,1,1,1,2,0,1,2,1,1,1,1,0,1,2,1,1,2,1,0.0,0,1,1,1,2,1,2,1,2,1.0,1,0,1.0,2,2,1,1,0,1,2,1,2,0,1,1,1,1,1,0,1.0,1,0,2,1.0,1,2,1,1,1,1,2.0,1,2.0,1,1,1,2,2.0,1,1.0,2.0,2,2,2,2,1,2.0,2,1,2,1,1,1,1,2,2.0,1,2.0,0.6,184,1.0556962025316456,-0.362047724908657
185,185,185,0,0.0,1,2.0,0,2,2,2,2,1,2,2,1,1,2,1,1,1,0,1,2,2,2,1.0,1,2,2,2,2,2,1,1,2,3.0,1,1,2.0,2,2,1,1,1,2,2,2,2,1,2,1,2,2,0,1,1.0,1,1,1,2.0,1,2,1,2,0,1,3.0,0,2.0,2,1,1,0,1.0,2,3.0,1.0,0,1,1,1,1,2.0,2,1,2,1,2,1,1,3,0.0,2,3.0,0.4,185,1.1361607142857142,-0.1081362173200734
186,186,186,0,1.0,1,1.0,1,1,1,0,2,0,1,1,2,0,1,2,1,1,2,1,1,2,1,2.0,2,2,2,1,2,1,0,2,1,2.0,1,2,3.0,2,1,0,1,1,2,1,1,0,1,2,1,2,2,2,1,2.0,1,1,2,2.0,2,2,1,2,1,1,1.0,1,3.0,2,1,2,2,2.0,2,2.0,3.0,1,1,0,1,1,2.0,1,1,2,2,1,0,1,2,2.0,0,2.0,0.5,186,1.1348837209302325,-0.4194906051678811
187,187,187,1,2.0,1,2.0,1,1,1,1,1,2,0,2,2,1,1,2,0,1,2,1,1,2,1,1.0,1,0,1,1,1,1,0,1,1,1.0,1,1,2.0,2,1,2,1,2,2,1,1,1,1,2,1,1,1,2,1,2.0,1,1,2,2.0,1,0,2,1,1,2,0.0,1,2.0,1,1,1,2,1.0,1,2.0,1.0,1,1,1,1,0,2.0,1,0,0,1,1,2,1,2,2.0,1,1.0,0.6,187,1.0493150684931507,-0.3761769770207369
188,188,188,0,1.0,0,2.0,1,1,1,1,2,1,1,1,1,1,1,1,0,1,0,1,1,1,2,1.0,1,2,1,1,0,2,2,1,2,1.0,1,1,1.0,2,1,1,1,1,1,1,1,2,1,1,1,2,1,1,2,2.0,1,0,0,1.0,0,1,1,2,1,2,2.0,0,2.0,1,1,1,1,1.0,2,1.0,1.0,0,1,1,1,1,2.0,1,1,2,1,1,2,1,2,2.0,2,2.0,0.6,188,1.0706521739130437,-0.2928376772441505
189,189,189,2,3.0,2,3.0,2,1,2,1,1,1,1,2,2,2,2,1,1,2,2,0,1,1,1,2.0,1,0,2,1,0,1,2,2,2,2.0,1,0,1.0,2,1,1,2,1,1,2,1,1,1,1,2,1,1,1,2,0.0,2,1,2,1.0,0,2,2,2,1,0,0.0,1,2.0,2,2,2,3,2.0,1,1.0,3.0,2,2,2,1,0,2.0,2,1,1,2,1,2,1,1,3.0,2,2.0,0.4,189,1.1438202247191012,-0.3178603945939802
190,190,190,2,2.0,1,0.0,1,1,0,1,1,1,1,1,0,1,1,1,1,2,1,1,0,1,2,1.0,2,1,1,1,1,2,1,1,2,2.0,1,1,1.0,0,2,2,1,2,1,0,1,1,2,2,1,2,2,2,1,2.0,2,1,1,2.0,1,2,2,1,1,1,1.0,1,2.0,1,1,2,2,0.0,2,2.0,2.0,1,1,1,0,1,2.0,1,1,2,2,2,1,0,0,1.0,1,2.0,0.6,190,1.038560411311054,-0.2910961193664308
191,191,191,1,0.0,1,0.0,2,1,1,1,2,2,1,2,2,1,0,1,1,1,1,2,1,2,2,1.0,0,1,2,2,2,1,1,2,1,2.0,2,1,2.0,2,2,2,1,1,2,1,1,2,2,2,1,0,1,1,0,2.0,1,1,1,1.0,2,2,1,2,1,1,3.0,1,2.0,1,0,0,0,2.0,2,2.0,2.0,1,1,1,2,1,2.0,1,1,2,2,1,2,2,2,2.0,2,0.0,0.5,191,1.092760180995475,-0.1542173236533663
192,192,192,2,2.0,1,2.0,1,1,1,1,1,1,1,1,1,1,2,1,1,2,1,1,0,1,1,2.0,0,2,1,1,2,1,1,1,1,1.0,1,1,2.0,1,1,1,0,1,2,1,1,1,2,1,1,0,2,2,1,2.0,0,1,2,0.0,1,1,1,1,0,1,2.0,1,2.0,1,1,1,1,0.0,0,2.0,2.0,2,1,1,1,1,1.0,1,1,1,1,1,1,2,2,0.0,2,2.0,0.6,192,1.0508982035928145,-0.4439423886450144
193,193,193,2,3.0,0,1.0,2,1,1,1,1,2,1,1,1,1,1,1,0,2,2,1,1,2,0,1.0,1,0,1,1,1,1,2,1,1,2.0,1,2,2.0,1,1,2,0,2,0,1,1,1,1,2,1,1,2,1,1,1.0,1,1,2,2.0,2,1,2,2,1,2,2.0,2,2.0,1,1,1,1,2.0,0,0.0,3.0,2,2,1,1,2,2.0,1,1,1,0,1,2,2,2,2.0,1,2.0,0.6,193,1.055137844611529,-0.3319102342119718
194,194,194,1,2.0,1,2.0,2,0,1,1,1,1,2,2,1,1,1,1,1,1,0,1,2,2,0,1.0,1,1,1,2,1,2,1,0,1,2.0,1,1,2.0,1,2,1,1,1,2,0,2,2,2,2,1,2,2,2,2,1.0,1,2,1,2.0,0,1,0,1,2,1,2.0,1,1.0,1,1,1,0,2.0,0,2.0,1.0,2,1,2,1,2,3.0,1,1,2,1,2,2,0,1,1.0,2,3.0,0.5,194,1.1126126126126126,-0.1998751159792843
195,195,195,1,2.0,1,2.0,1,2,2,2,1,2,2,1,1,1,2,1,1,2,0,1,1,0,1,1.0,2,0,2,2,2,2,1,1,2,2.0,2,0,1.0,2,1,2,1,1,2,2,1,1,1,1,0,2,1,2,2,2.0,2,2,2,,1,1,1,0,2,1,1.0,1,2.0,2,1,1,2,2.0,1,0.0,1.0,0,1,2,1,2,1.0,1,1,1,2,1,1,2,2,2.0,1,1.0,0.5,195,1.0979955456570156,-0.111341069086984
196,196,196,0,1.0,2,3.0,2,1,2,2,1,2,1,1,2,1,1,0,2,2,0,1,1,1,2,1.0,1,1,1,1,0,1,2,1,0,2.0,1,2,2.0,3,1,0,2,1,2,2,1,2,1,1,1,2,1,2,2,3.0,1,2,1,1.0,1,0,2,1,0,2,2.0,1,0.0,1,1,1,1,2.0,0,1.0,2.0,2,2,2,1,2,1.0,2,1,2,1,2,2,1,2,2.0,2,2.0,0.4,196,1.1043083900226758,-0.240734964066865
197,197,197,2,2.0,1,2.0,2,1,2,1,1,0,1,2,2,1,2,2,1,0,2,1,1,2,1,2.0,1,1,2,2,1,2,2,2,2,2.0,1,1,0.0,2,0,1,2,2,2,1,2,1,2,2,1,2,1,2,2,2.0,2,2,2,2.0,1,1,0,1,1,2,2.0,1,2.0,1,1,2,1,1.0,1,1.0,2.0,1,1,1,0,0,2.0,1,1,0,1,2,2,1,2,2.0,2,1.0,0.5,197,1.0623501199040768,-0.3054041983763429
198,198,198,1,2.0,1,2.0,1,1,0,2,1,2,1,1,1,1,1,1,1,2,1,1,1,1,1,2.0,2,1,2,1,1,2,1,2,2,1.0,1,1,1.0,1,1,1,1,2,2,1,0,2,1,2,1,1,2,2,1,2.0,1,0,0,1.0,0,1,1,1,1,2,2.0,2,2.0,2,1,1,2,0.0,1,2.0,0.0,1,2,2,1,2,,1,0,2,1,1,1,1,2,0.0,2,2.0,0.6,198,1.0505050505050506,-0.1895771977354018
199,199,199,1,3.0,1,1.0,1,2,1,1,1,2,2,1,2,0,1,2,2,2,0,1,1,1,2,2.0,2,2,1,1,1,3,1,1,0,2.0,2,1,0.0,2,1,1,1,1,2,1,2,2,2,2,2,1,2,2,2,2.0,1,1,1,1.0,0,2,1,2,1,2,2.0,1,0.0,2,1,2,1,0.0,0,1.0,1.0,2,1,2,2,2,3.0,1,0,1,2,0,2,2,2,3.0,2,1.0,0.4,199,1.1466666666666667,-0.0829510812874823
0,0,0,3,4.0,2,3.0,2,2,2,2,1,0,1,2,2,2,1,1,1,2,1,1,1,0,2,2.0,1,2,1,1,2,2,1,2,1,1.0,2,2,0.0,2,1,1,2,1,2,1,0,1,1,0,1,2,1,2,2,3.0,1,2,1,1.0,1,1,1,1,2,2,0.0,2,1.0,0,2,3,1,2.0,1,2.0,,1,1,1,1,2,1.0,1,1,0,1,2,2,0,1,3.0,2,2.0,0.4,0,1.155056179775281,-0.1612430229985404
1,1,1,2,0.0,1,2.0,2,0,1,1,1,0,1,1,0,1,1,1,0,1,2,1,1,2,1,1.0,2,2,1,1,2,2,1,1,2,2.0,1,1,2.0,0,2,2,1,1,2,1,1,1,2,2,1,2,1,2,1,2.0,2,2,1,1.0,2,1,2,2,1,2,0.0,1,2.0,1,1,1,1,2.0,0,2.0,1.0,0,2,1,1,0,2.0,1,2,1,2,1,2,1,2,1.0,1,1.0,0.5,1,1.0712589073634204,-0.2641081129528763
2,2,2,1,2.0,1,1.0,1,1,1,0,1,1,1,1,1,1,1,0,1,1,2,1,1,1,0,1.0,1,1,1,1,2,1,2,1,1,2.0,0,2,1.0,1,1,1,0,2,1,0,1,1,1,1,1,0,2,2,1,2.0,1,1,1,2.0,2,2,2,1,2,2,2.0,1,2.0,1,2,1,2,1.0,0,1.0,1.0,0,2,1,2,1,2.0,1,0,1,2,2,2,1,1,2.0,1,2.0,0.4,2,1.0866336633663367,-0.327438368348081
3,3,3,0,2.0,1,0.0,1,1,1,1,1,1,0,1,1,1,1,1,1,2,1,0,1,0,2,1.0,0,1,1,1,1,2,1,1,1,2.0,1,2,1.0,2,1,1,1,0,2,1,1,1,1,2,1,1,1,2,2,2.0,1,1,0,1.0,1,1,2,1,1,1,1.0,2,1.0,1,2,1,2,2.0,0,2.0,0.0,1,1,2,2,2,1.0,2,1,2,2,2,2,1,1,2.0,2,2.0,0.6,3,1.0439276485788114,-0.1712606549199622
4,4,4,1,0.0,2,3.0,1,1,1,1,1,0,2,1,2,2,1,1,2,2,1,1,2,1,1,1.0,1,1,1,2,2,1,1,1,1,3.0,2,2,2.0,3,2,1,1,1,2,1,2,1,0,1,1,1,0,2,2,2.0,1,0,2,1.0,0,1,1,1,1,1,2.0,1,1.0,1,1,0,1,2.0,0,2.0,1.0,2,1,1,2,1,2.0,1,2,1,2,2,2,0,2,2.0,1,2.0,0.6,4,1.0501392757660166,-0.2003307590562187
5,5,5,1,2.0,1,2.0,2,1,1,0,0,1,1,1,1,1,1,1,0,1,2,2,2,1,1,1.0,1,1,2,0,1,2,0,1,1,2.0,2,1,2.0,1,2,2,1,1,1,1,1,1,1,1,2,2,1,2,1,1.0,1,2,1,2.0,1,2,1,0,0,1,2.0,1,2.0,1,1,1,1,1.0,1,0.0,1.0,1,1,1,0,1,0.0,1,1,1,1,1,2,1,1,3.0,1,2.0,0.6,5,1.0666666666666669,-0.2536983190576186
6,6,6,1,0.0,1,2.0,2,1,2,1,1,1,0,1,1,2,1,1,2,1,2,1,1,2,1,2.0,1,0,2,1,1,1,1,1,2,2.0,1,2,2.0,2,1,1,1,1,1,2,2,1,1,1,1,1,1,2,2,2.0,1,2,1,2.0,1,1,2,2,0,1,2.0,1,1.0,1,1,2,1,1.0,1,0.0,2.0,0,2,0,1,0,0.0,1,1,1,0,2,2,1,1,2.0,2,1.0,0.6,6,1.0460358056265984,-0.2092832486118934
7,7,7,2,2.0,1,2.0,2,1,2,1,2,1,2,2,2,1,0,1,1,2,1,1,1,2,1,0.0,1,0,1,2,2,1,1,1,1,2.0,2,1,3.0,1,2,1,2,1,1,2,2,1,1,0,1,2,2,2,3,2.0,1,1,1,0.0,2,1,2,1,2,2,2.0,1,1.0,0,0,1,1,1.0,0,2.0,3.0,1,1,2,1,2,1.0,1,2,0,1,2,2,1,2,2.0,2,2.0,0.4,7,1.1020408163265305,-0.217893033003472
8,8,8,1,2.0,1,3.0,1,0,1,1,0,2,2,1,1,2,1,1,2,2,2,1,2,2,2,2.0,1,1,2,1,2,1,1,1,2,2.0,2,2,3.0,2,2,1,2,1,1,2,1,2,2,2,0,2,2,1,2,2.0,2,2,2,1.0,1,2,0,2,1,0,3.0,1,2.0,0,1,2,2,2.0,1,1.0,2.0,1,2,1,2,1,1.0,1,2,0,0,0,1,1,1,3.0,0,1.0,0.4,8,1.1391304347826088,-0.220300114733587
9,9,9,1,1.0,1,3.0,1,1,1,1,2,1,1,2,1,1,1,1,1,1,1,2,1,1,0,2.0,1,1,2,1,2,1,2,1,1,0.0,1,1,2.0,2,1,1,0,1,1,1,1,1,2,1,1,1,1,1,0,2.0,0,1,0,1.0,1,0,1,2,1,1,1.0,0,1.0,1,2,1,1,3.0,1,1.0,2.0,2,2,1,2,1,1.0,1,1,1,1,1,2,1,2,2.0,2,0.0,0.6,9,1.062330623306233,-0.238365884007412
10,10,10,0,1.0,1,2.0,2,1,2,1,0,0,1,2,1,1,2,0,2,2,2,1,1,1,1,2.0,1,2,2,1,0,0,1,1,1,2.0,1,1,2.0,1,2,1,0,2,1,1,1,1,1,2,1,1,1,2,1,2.0,1,1,2,1.0,1,2,1,2,2,1,0.0,1,2.0,1,1,2,1,2.0,2,0.0,2.0,2,1,2,2,2,1.0,2,1,2,1,1,2,2,2,0.0,2,2.0,0.5,10,1.0652680652680653,-0.239355064363521
11,11,11,1,2.0,1,2.0,1,1,1,1,2,2,1,1,2,0,2,1,1,1,2,1,1,1,1,2.0,2,0,2,1,2,1,1,1,2,0.0,1,1,3.0,2,1,2,2,1,2,1,1,1,1,1,1,1,2,1,2,2.0,1,0,2,2.0,2,2,2,2,2,0,1.0,1,2.0,1,1,1,1,0.0,1,2.0,2.0,1,0,2,1,1,0.0,0,2,1,2,2,2,1,2,2.0,1,0.0,0.5,11,1.055137844611529,-0.2547767954061743
12,12,12,1,2.0,0,0.0,1,1,0,1,1,2,1,1,1,1,1,2,1,1,2,1,1,2,0,1.0,2,2,1,0,1,1,1,1,1,2.0,1,1,2.0,1,2,2,1,1,2,1,1,2,1,1,0,0,2,1,1,1.0,2,1,2,1.0,1,2,2,1,1,1,1.0,1,2.0,0,1,1,2,1.0,1,1.0,1.0,0,0,1,1,1,1.0,1,1,1,1,1,1,1,1,2.0,2,1.0,0.6,12,1.0563002680965148,-0.2535275918281444
13,13,13,2,2.0,1,3.0,1,2,1,1,2,2,1,1,1,1,1,1,0,2,2,1,1,1,1,1.0,1,0,0,1,1,1,1,1,2,1.0,2,1,2.0,2,2,1,1,1,1,1,1,1,0,1,0,1,1,1,2,2.0,0,1,2,2.0,0,2,3,2,1,1,2.0,1,0.0,1,1,1,2,2.0,1,2.0,0.0,2,2,1,1,1,2.0,1,0,1,1,1,1,1,1,2.0,2,2.0,0.6,13,1.0555555555555556,-0.4099627445113829
14,14,14,1,2.0,2,3.0,2,2,1,1,2,2,0,1,0,1,2,1,1,2,2,1,1,3,0,1.0,1,0,0,1,0,2,1,2,2,2.0,1,2,2.0,1,1,2,2,2,2,1,1,1,1,1,1,1,2,2,2,3.0,2,1,2,3.0,3,2,2,0,2,2,2.0,1,2.0,2,2,1,2,0.0,1,1.0,3.0,2,1,1,1,2,0.0,1,2,1,1,1,2,2,0,2.0,2,3.0,0.4,14,1.1306209850107067,-0.1849805146381922
15,15,15,0,3.0,2,3.0,2,0,1,2,1,2,1,1,0,1,2,1,1,2,2,1,2,2,1,2.0,2,1,2,0,0,2,1,2,2,2.0,2,1,2.0,3,2,2,1,1,2,1,1,1,2,0,1,1,2,1,1,2.0,1,2,1,2.0,2,2,3,2,2,1,3.0,1,2.0,2,1,1,2,0.0,0,1.0,1.0,0,2,2,1,1,1.0,2,1,2,2,0,2,2,2,2.0,1,3.0,0.4,15,1.1543624161073829,-0.2966734461501873
16,16,16,1,2.0,2,2.0,0,1,1,1,1,1,2,1,1,1,2,1,0,1,1,2,1,2,1,2.0,1,1,2,1,2,2,0,0,1,2.0,1,1,2.0,2,1,1,1,0,2,1,1,1,1,1,1,2,2,1,1,2.0,1,1,2,1.0,0,1,1,1,1,1,2.0,0,2.0,1,0,0,2,1.0,1,,2.0,2,1,1,1,2,1.0,2,1,1,1,2,2,1,2,2.0,1,2.0,0.5,16,1.0956937799043065,-0.4417905290359746
17,17,17,1,2.0,1,2.0,2,1,0,1,1,1,1,1,1,1,1,0,2,1,1,1,1,1,0,2.0,1,1,1,2,2,1,1,0,1,2.0,2,1,2.0,1,1,0,1,1,1,1,2,0,1,1,1,2,1,1,2,2.0,2,1,1,0.0,1,1,1,1,1,1,2.0,1,1.0,2,0,1,1,1.0,2,1.0,2.0,2,1,2,2,1,2.0,1,1,1,0,2,1,1,1,2.0,1,2.0,0.5,17,1.0515970515970516,-0.2587569339030496
18,18,18,1,2.0,1,3.0,2,1,1,1,0,1,1,2,1,2,1,1,1,0,1,0,1,1,1,1.0,0,1,2,1,1,1,2,1,2,2.0,2,1,1.0,2,1,2,1,1,0,1,1,2,0,1,1,0,1,2,2,3.0,1,1,1,1.0,1,1,1,2,0,1,1.0,1,0.0,1,1,0,1,2.0,2,1.0,2.0,1,1,2,1,1,2.0,2,1,1,1,1,2,1,2,3.0,2,2.0,0.6,18,1.0829015544041452,-0.2934969207405348
19,19,19,1,2.0,1,2.0,1,0,1,1,1,2,1,1,1,1,2,1,1,2,1,0,1,1,0,1.0,1,1,1,1,1,1,1,0,1,2.0,0,1,1.0,2,1,1,0,1,1,1,1,1,2,2,2,1,1,1,0,2.0,2,1,0,2.0,2,2,2,1,1,2,1.0,1,0.0,2,1,1,1,2.0,1,1.0,0.0,1,1,1,2,1,2.0,1,1,2,2,1,1,1,2,2.0,1,2.0,0.5,19,1.0426666666666666,-0.2983432635048897
20,20,20,1,2.0,1,2.0,1,1,2,2,2,0,1,1,1,1,1,0,1,1,1,1,0,1,0,2.0,1,1,2,1,0,1,1,1,1,1.0,0,1,1.0,1,2,1,1,1,1,1,1,1,2,1,1,1,1,2,2,2.0,2,1,1,1.0,2,1,2,1,2,2,2.0,1,2.0,1,1,2,1,0.0,2,1.0,1.0,0,2,2,2,1,2.0,1,1,2,1,1,1,1,2,2.0,0,2.0,0.6,20,1.06426735218509,-0.2576372129445251
21,21,21,2,1.0,1,2.0,0,1,2,1,1,1,2,1,1,1,1,1,1,2,2,1,1,2,1,1.0,1,2,1,1,1,1,2,1,1,2.0,1,0,1.0,2,2,1,1,1,1,1,1,1,1,2,0,2,2,1,1,1.0,1,1,0,2.0,1,2,0,2,1,0,1.0,1,3.0,1,2,2,1,1.0,0,0.0,0.0,1,2,1,2,0,2.0,2,1,1,2,1,1,1,2,2.0,1,1.0,0.5,21,1.0632911392405062,-0.1862501657216602
22,22,22,2,2.0,2,2.0,0,1,1,1,0,1,1,2,2,1,0,1,1,1,0,1,1,1,2,1.0,2,2,2,1,2,1,2,2,2,1.0,2,2,2.0,2,1,0,1,2,2,1,0,0,1,1,1,1,1,1,1,1.0,1,1,2,2.0,1,2,1,1,1,2,0.0,1,2.0,1,1,2,1,2.0,1,2.0,2.0,2,2,2,2,1,2.0,2,2,1,0,2,2,2,0,2.0,2,2.0,0.5,22,1.0717488789237668,-0.3015135277861475
23,23,23,1,2.0,1,2.0,1,1,1,1,1,2,2,1,1,1,2,1,1,2,2,1,1,1,1,2.0,2,0,1,1,2,1,1,0,1,2.0,2,1,2.0,2,1,0,0,1,2,1,2,1,1,1,1,2,2,1,2,2.0,0,1,2,2.0,2,2,3,1,1,1,1.0,1,2.0,1,1,1,1,1.0,1,0.0,2.0,1,0,1,1,1,1.0,1,1,0,2,2,1,1,2,2.0,0,0.0,0.6,23,1.0444444444444445,-0.3527074415886042
24,24,24,1,0.0,1,0.0,0,1,1,2,2,2,2,2,2,1,2,1,1,0,2,1,1,1,2,2.0,2,2,2,1,1,1,1,2,2,2.0,0,1,2.0,1,2,1,1,2,2,1,1,2,1,2,1,1,1,1,1,1.0,2,1,1,2.0,2,2,2,1,1,1,0.0,1,1.0,1,1,2,1,1.0,2,2.0,2.0,1,1,2,1,0,2.0,1,0,1,1,2,1,0,2,1.0,1,2.0,0.6,24,1.035,-0.181050860367209
25,25,25,2,2.0,1,2.0,0,1,1,1,0,1,2,1,2,1,1,0,1,2,1,1,1,1,1,0.0,1,2,1,1,0,1,1,1,1,1.0,2,1,2.0,2,1,1,1,1,1,1,0,2,2,1,1,1,0,1,2,1.0,1,2,2,1.0,2,1,2,0,0,2,2.0,1,2.0,1,2,2,2,2.0,1,1.0,2.0,2,1,2,1,2,1.0,1,1,1,2,2,2,1,1,1.0,0,2.0,0.4,25,1.1011764705882352,-0.3769585675642312
26,26,26,1,2.0,1,3.0,1,1,0,1,1,1,2,1,1,2,1,1,1,1,1,1,1,2,1,1.0,2,1,1,2,2,2,1,2,0,2.0,1,1,2.0,3,1,1,1,1,2,1,1,2,1,1,0,2,1,1,1,0.0,1,1,2,1.0,1,1,1,1,0,1,2.0,0,2.0,1,0,1,1,2.0,2,2.0,3.0,2,1,0,1,1,2.0,1,1,0,1,2,1,1,1,3.0,0,1.0,0.5,26,1.1136363636363635,-0.3792977884573267
27,27,27,2,3.0,0,1.0,2,2,1,1,2,1,1,1,1,0,1,2,1,2,3,0,1,3,1,1.0,0,0,1,1,1,2,2,0,1,1.0,1,1,2.0,0,1,2,1,1,1,1,2,2,1,2,1,2,2,2,2,2.0,1,1,0,2.0,2,1,2,2,1,2,1.0,2,4.0,2,1,1,2,2.0,0,2.0,4.0,3,1,2,1,2,2.0,2,1,1,2,1,2,1,1,1.0,1,2.0,0.4,27,1.1489841986455982,-0.2231991766453271
28,28,28,1,0.0,1,0.0,1,0,2,1,2,2,1,1,0,1,1,1,1,2,2,1,1,2,0,0.0,2,1,2,1,2,1,1,1,0,2.0,1,1,1.0,2,2,1,1,2,2,2,2,1,2,2,1,1,2,0,2,2.0,2,2,1,2.0,2,2,3,2,2,1,0.0,1,2.0,1,2,1,2,2.0,1,2.0,2.0,1,1,2,1,1,2.0,1,2,1,2,2,1,0,2,3.0,2,2.0,0.5,28,1.0825471698113207,-0.1732008287093215
29,29,29,1,2.0,1,1.0,1,2,1,1,1,2,2,2,1,1,1,2,2,1,1,1,0,1,2,2.0,0,1,2,0,1,1,1,1,1,1.0,0,1,1.0,2,1,2,0,1,1,1,1,2,2,2,1,1,2,1,1,2.0,1,2,1,1.0,2,1,1,1,1,2,2.0,1,2.0,2,2,0,1,1.0,1,1.0,1.0,0,2,1,2,1,2.0,1,1,0,2,0,1,1,2,2.0,2,2.0,0.5,29,1.0722610722610724,-0.139059318470948
30,30,30,3,2.0,0,1.0,2,1,1,1,1,2,2,2,0,2,2,1,1,0,2,1,1,2,2,0.0,2,2,2,1,2,1,1,2,2,2.0,2,1,2.0,0,2,1,2,2,2,1,1,0,0,1,1,1,1,1,2,0.0,2,2,2,2.0,2,2,3,2,1,1,2.0,2,3.0,2,2,2,1,2.0,2,2.0,2.0,2,1,2,1,1,2.0,2,1,2,3,2,1,2,2,3.0,2,2.0,0.5,30,1.1224489795918366,-0.3518671969632885
31,31,31,1,2.0,1,2.0,1,1,0,1,1,2,1,2,1,1,1,1,0,1,1,1,1,1,2,0.0,1,1,1,1,0,1,1,2,2,2.0,1,1,2.0,1,2,1,1,2,0,1,1,2,0,2,1,1,1,2,1,2.0,1,1,1,2.0,0,1,1,1,1,1,2.0,1,1.0,1,1,2,2,2.0,1,1.0,2.0,2,1,2,1,1,2.0,1,0,1,1,1,1,0,2,2.0,1,2.0,0.6,31,1.0398936170212767,-0.410361084888526
32,32,32,1,2.0,1,0.0,1,0,2,1,2,1,2,1,1,2,2,1,1,2,2,0,1,2,2,2.0,2,1,1,2,1,2,1,2,2,2.0,1,1,1.0,1,2,1,1,2,2,0,1,1,2,1,1,1,1,2,1,2.0,0,1,2,1.0,2,2,3,2,0,2,1.0,1,2.0,1,1,2,1,0.0,1,1.0,2.0,2,1,1,1,1,2.0,1,1,2,1,2,1,0,0,0.0,1,2.0,0.5,32,1.1208053691275168,-0.2779259293766313
33,33,33,2,2.0,2,2.0,1,2,1,0,2,1,1,1,2,2,2,1,1,3,0,1,0,1,2,1.0,1,1,1,1,2,1,2,2,1,2.0,1,1,2.0,1,1,2,1,1,1,1,1,1,1,1,1,2,2,2,2,2.0,1,2,2,0.0,1,2,1,0,1,2,1.0,1,0.0,0,2,2,2,2.0,1,0.0,3.0,3,1,2,1,1,2.0,2,1,0,1,2,1,2,0,2.0,3,2.0,0.4,33,1.1151241534988714,-0.2743199871331125
34,34,34,1,1.0,1,2.0,2,2,2,1,2,2,2,0,2,1,2,1,1,1,0,1,2,2,2,1.0,2,1,2,2,2,0,1,1,2,0.0,1,0,1.0,2,2,2,1,2,2,1,2,2,1,2,1,1,2,1,1,2.0,1,2,2,1.0,2,2,2,1,1,2,2.0,1,2.0,1,0,0,1,1.0,1,1.0,,2,1,2,0,1,2.0,1,1,2,2,0,2,2,2,2.0,1,2.0,0.5,34,1.0931263858093123,-0.1474525339740406
35,35,35,1,1.0,1,2.0,1,1,1,1,2,2,2,0,2,1,1,0,1,2,1,1,1,1,1,1.0,2,1,2,2,2,1,2,1,1,0.0,1,2,2.0,1,1,1,2,1,1,2,1,2,1,2,1,1,2,2,2,2.0,1,0,0,1.0,2,1,2,1,1,0,0.0,1,2.0,2,2,1,2,2.0,0,0.0,2.0,2,2,2,2,1,2.0,2,2,2,2,1,2,1,2,2.0,2,2.0,0.5,35,1.0704225352112675,-0.1953098359978859
36,36,36,2,2.0,2,1.0,1,0,0,1,1,0,1,1,2,1,1,1,1,1,2,2,1,2,1,2.0,1,1,1,1,1,1,0,2,1,0.0,2,2,2.0,0,1,1,0,2,2,1,0,1,1,2,1,1,2,2,2,2.0,1,0,2,2.0,1,1,2,1,2,2,2.0,1,2.0,1,1,1,1,1.0,1,1.0,1.0,1,2,1,1,1,1.0,1,1,2,1,2,1,1,1,1.0,0,2.0,0.5,36,1.065217391304348,-0.2136098231967766
37,37,37,2,1.0,2,3.0,1,1,2,1,2,1,1,2,2,2,2,0,1,3,1,2,1,2,0,2.0,2,2,2,2,1,2,2,1,1,2.0,2,0,1.0,2,1,1,2,1,0,1,1,2,1,1,1,1,2,1,1,0.0,1,1,1,2.0,1,2,2,1,1,0,1.0,1,2.0,0,1,2,2,2.0,2,1.0,4.0,3,0,1,1,1,1.0,2,1,2,2,0,2,1,0,2.0,2,1.0,0.4,37,1.1391304347826088,-0.2654988846982494
38,38,38,2,2.0,0,1.0,0,1,1,2,1,1,1,2,2,1,1,2,1,1,2,1,1,2,1,0.0,2,1,2,1,2,2,1,1,2,0.0,1,2,2.0,1,1,2,2,2,1,1,1,1,2,3,1,2,2,1,1,0.0,2,1,2,2.0,1,2,0,2,1,2,2.0,1,3.0,2,2,2,1,2.0,1,2.0,0.0,0,2,2,2,1,2.0,1,1,0,2,2,1,2,2,0.0,1,2.0,0.5,38,1.055023923444976,-0.079069207712522
39,39,39,1,2.0,1,2.0,0,1,2,2,2,0,2,2,1,1,1,1,2,1,1,1,0,1,1,2.0,1,1,1,1,1,1,1,0,2,3.0,1,2,1.0,1,1,2,2,0,2,2,1,1,2,1,0,2,1,1,2,1.0,1,2,1,1.0,1,0,2,1,1,1,0.0,1,2.0,1,2,1,0,2.0,1,3.0,1.0,0,1,1,1,1,1.0,2,1,1,1,1,1,2,1,2.0,2,1.0,0.5,39,1.136038186157518,-0.1470379299854593
40,40,40,2,1.0,1,2.0,1,1,2,0,1,1,1,2,0,1,1,1,1,2,1,0,1,1,1,1.0,1,2,2,1,1,2,1,1,1,2.0,2,1,1.0,0,1,1,1,1,1,2,1,1,2,1,1,2,0,2,2,3.0,1,1,0,1.0,1,1,2,1,1,1,2.0,0,1.0,1,1,1,0,0.0,1,2.0,2.0,1,1,1,1,1,1.0,1,2,1,2,2,1,2,1,1.0,2,0.0,0.6,40,1.0692307692307692,-0.2272597809816227
41,41,41,3,2.0,2,2.0,2,1,1,1,1,1,2,1,0,1,2,1,2,2,2,1,1,2,2,0.0,2,2,0,1,2,2,2,2,2,2.0,1,0,1.0,2,2,2,1,1,1,1,2,2,2,1,1,1,2,1,1,4.0,2,1,0,2.0,1,2,1,1,2,1,0.0,0,3.0,1,1,2,2,2.0,1,2.0,2.0,2,1,2,2,1,0.0,2,2,1,1,0,1,1,2,0.0,1,2.0,0.4,41,1.1362637362637362,-0.1720542724839481
42,42,42,2,2.0,1,2.0,1,1,1,2,1,2,1,2,1,1,0,1,1,2,2,1,0,1,2,1.0,2,2,1,1,1,2,1,2,2,1.0,1,1,2.0,2,1,1,1,2,1,1,2,1,2,2,1,1,2,0,1,1.0,2,2,1,1.0,1,1,0,2,1,1,2.0,1,1.0,1,1,2,1,0.0,2,2.0,0.0,1,1,2,1,1,2.0,1,0,1,2,1,0,0,2,,2,2.0,0.6,42,1.0510752688172045,-0.2312957208158219
43,43,43,1,2.0,1,2.0,1,2,1,1,1,1,1,1,1,1,2,1,0,0,1,1,1,0,2,1.0,2,3,2,2,1,2,1,2,2,1.0,2,1,2.0,2,1,2,1,1,1,2,1,2,2,1,1,0,1,0,1,1.0,1,1,2,1.0,0,0,1,2,1,1,0.0,1,1.0,1,0,2,2,2.0,2,2.0,1.0,1,2,2,1,2,2.0,1,1,2,1,1,2,2,2,2.0,1,0.0,0.4,43,1.087058823529412,-0.1127756177784279
44,44,44,1,2.0,1,0.0,1,2,1,1,2,1,2,2,2,1,1,1,1,2,2,1,0,2,0,0.0,1,1,1,2,2,2,1,1,2,2.0,1,0,1.0,1,2,2,1,2,1,1,2,0,1,2,1,1,1,2,1,2.0,2,0,1,1.0,1,0,2,1,1,2,2.0,1,2.0,1,2,1,2,3.0,1,1.0,2.0,2,2,2,2,1,2.0,2,1,1,0,2,1,2,3,2.0,2,2.0,0.4,44,1.0892857142857142,-0.2914797419035829
45,45,45,1,2.0,2,0.0,1,1,1,1,1,1,2,2,1,1,1,0,1,1,1,1,1,1,2,2.0,1,2,2,2,2,2,0,1,0,2.0,1,0,1.0,2,1,2,1,1,1,2,1,2,2,1,1,1,1,1,1,2.0,1,2,1,1.0,2,1,2,0,1,1,1.0,0,1.0,1,0,2,1,1.0,2,1.0,1.0,0,1,1,2,1,2.0,1,1,1,2,0,1,1,1,2.0,2,2.0,0.6,45,1.0804878048780489,-0.2242593644138903
46,46,46,1,2.0,1,2.0,1,1,1,2,1,2,2,1,1,1,1,1,1,1,0,0,1,1,2,1.0,1,1,2,0,1,2,2,1,1,2.0,2,1,1.0,1,1,1,0,2,1,1,1,1,2,1,1,1,2,2,2,2.0,2,1,1,2.0,0,2,0,0,1,2,1.0,1,2.0,1,1,0,1,1.0,1,2.0,1.0,0,2,1,1,1,0.0,2,1,2,1,2,2,1,2,2.0,1,2.0,0.5,46,1.0880195599022005,-0.2299678419697482
47,47,47,2,2.0,1,2.0,2,1,0,0,0,1,2,1,1,1,1,1,1,2,1,1,1,1,1,0.0,1,1,1,2,1,1,1,1,2,2.0,2,2,2.0,1,2,1,1,1,1,2,1,2,1,1,1,1,1,0,1,1.0,1,1,2,1.0,1,0,1,1,1,1,2.0,1,2.0,1,1,1,2,0.0,0,2.0,2.0,1,1,2,1,2,0.0,1,1,1,1,1,2,2,1,2.0,1,2.0,0.6,47,1.043227665706052,-0.1922783520644914
48,48,48,0,3.0,1,3.0,2,1,2,2,1,2,1,2,3,1,1,2,1,1,1,1,2,2,1,2.0,2,1,1,2,2,1,1,1,1,2.0,0,1,1.0,3,2,2,2,2,2,2,1,2,2,2,0,1,2,0,2,3.0,2,1,2,2.0,2,2,2,2,2,1,0.0,1,2.0,1,0,1,0,2.0,2,2.0,2.0,1,1,2,2,1,2.0,0,1,1,2,1,1,1,2,3.0,1,0.0,0.4,48,1.136150234741784,-0.1630776189839859
49,49,49,1,2.0,1,3.0,1,0,1,2,1,2,2,1,0,1,2,1,2,2,0,1,1,1,2,1.0,1,1,2,1,1,2,1,2,1,2.0,2,1,0.0,1,1,1,0,1,0,1,1,0,2,1,1,0,1,2,2,2.0,0,1,1,2.0,1,2,2,2,1,2,2.0,1,2.0,1,1,0,1,2.0,1,1.0,1.0,2,2,1,2,1,2.0,1,1,1,2,1,1,2,2,2.0,1,2.0,0.6,49,1.069377990430622,-0.3156579360070125
50,50,50,1,3.0,0,3.0,0,0,1,1,1,2,1,0,2,1,2,1,1,2,1,1,2,2,0,1.0,2,1,1,2,2,2,1,1,1,0.0,1,2,2.0,1,1,2,1,1,2,1,1,1,2,2,0,1,2,1,3,2.0,2,1,2,2.0,3,2,2,2,2,1,2.0,1,3.0,2,1,1,0,0.0,2,1.0,3.0,2,1,2,2,2,3.0,1,1,2,2,2,1,1,1,2.0,2,2.0,0.4,50,1.148648648648649,-0.296317910084388
51,51,51,1,2.0,1,1.0,1,2,1,1,1,1,1,1,2,1,1,1,0,2,1,1,1,0,1,1.0,1,1,2,1,0,2,2,1,1,1.0,2,1,2.0,0,1,2,1,1,1,1,1,1,2,2,2,1,1,2,0,1.0,1,1,2,0.0,1,1,0,1,1,2,1.0,1,1.0,1,2,0,2,2.0,1,0.0,2.0,2,2,2,2,2,1.0,1,1,2,2,1,1,2,2,2.0,2,2.0,0.6,51,1.0337078651685394,-0.1156164349613014
52,52,52,1,2.0,1,1.0,2,2,1,1,2,2,2,0,2,0,2,2,1,3,2,1,1,2,1,0.0,3,1,1,1,0,2,2,1,0,2.0,1,1,3.0,1,1,2,1,2,1,2,1,2,2,3,1,1,2,2,1,3.0,1,2,2,2.0,2,2,3,1,2,2,1.0,1,2.0,2,2,0,2,2.0,1,1.0,3.0,2,2,2,1,1,2.0,2,1,2,2,1,0,2,2,2.0,1,0.0,0.5,52,1.0833333333333333,-0.2135092438712568
53,53,53,2,2.0,1,2.0,2,2,1,1,2,2,1,1,0,2,2,1,1,2,1,1,1,2,0,2.0,1,0,1,2,2,0,1,1,1,2.0,2,2,1.0,0,2,1,1,2,2,2,1,2,1,1,0,2,1,1,2,2.0,1,1,2,1.0,0,2,2,0,1,0,2.0,1,2.0,1,2,1,2,2.0,2,2.0,1.0,2,1,2,1,1,1.0,2,2,1,1,1,2,2,0,1.0,2,1.0,0.5,53,1.092378752886836,-0.1409818623563097
54,54,54,2,2.0,0,2.0,2,1,0,0,1,0,1,1,2,1,1,0,1,0,2,1,1,1,1,0.0,1,1,1,1,2,1,2,1,1,2.0,1,1,2.0,1,1,1,1,2,1,1,1,2,1,1,1,2,2,2,2,2.0,1,1,0,1.0,1,1,1,2,1,1,0.0,1,2.0,1,1,0,2,2.0,1,1.0,2.0,1,1,1,2,2,2.0,2,1,1,2,2,1,1,1,2.0,2,2.0,0.5,54,1.063613231552163,-0.3325653366443422
55,55,55,2,1.0,1,2.0,2,1,1,1,2,2,2,1,2,2,2,1,1,3,3,1,1,1,1,1.0,2,2,0,2,2,0,1,1,1,0.0,1,2,2.0,0,1,0,1,1,1,2,1,2,1,1,1,1,1,2,2,2.0,1,0,2,1.0,1,2,1,0,1,1,2.0,2,2.0,1,2,1,2,3.0,0,2.0,2.0,2,1,0,2,1,1.0,2,2,1,1,3,1,2,1,1.0,2,0.0,0.5,55,1.1020881670533642,-0.1939503439057942
56,56,56,1,3.0,1,2.0,2,1,1,1,1,1,1,1,1,1,0,0,1,2,2,1,1,1,0,2.0,2,1,1,1,1,1,1,2,2,2.0,0,1,1.0,2,2,2,1,1,1,1,1,2,1,1,2,1,2,1,1,2.0,2,0,1,0.0,1,1,1,1,2,1,0.0,2,2.0,2,1,2,1,2.0,2,2.0,2.0,1,1,1,2,1,2.0,1,1,1,1,0,1,0,2,1.0,0,2.0,0.5,56,1.0930787589498807,-0.2363534756426886
57,57,57,2,2.0,1,1.0,1,0,1,1,1,1,1,2,1,2,2,1,1,1,2,2,1,2,0,1.0,1,1,1,1,2,1,1,1,1,2.0,1,2,1.0,0,1,1,0,2,1,2,1,1,1,2,1,1,1,2,2,2.0,1,1,0,1.0,2,2,2,2,1,2,,2,2.0,1,1,1,1,1.0,0,1.0,1.0,1,1,1,1,0,2.0,0,1,1,2,1,0,1,2,1.0,1,1.0,0.6,57,1.05,-0.1381873968519326
58,58,58,1,2.0,1,2.0,1,1,1,2,2,1,2,2,2,1,0,1,1,2,1,1,2,0,1,0.0,2,0,2,1,2,2,1,1,0,0.0,2,0,2.0,1,1,2,2,2,2,2,1,2,2,1,2,1,2,2,2,2.0,2,1,2,2.0,1,2,2,1,1,2,1.0,1,1.0,2,2,2,2,2.0,1,1.0,2.0,1,2,2,2,1,1.0,2,2,2,2,2,1,1,2,,0,,0.4,58,1.0973451327433628,-0.0925888153842387
59,59,59,0,2.0,1,2.0,1,1,2,1,1,1,1,1,2,1,1,1,1,2,2,1,1,2,1,0.0,1,2,1,2,1,1,2,1,1,2.0,1,1,2.0,1,1,2,1,1,2,2,0,2,1,1,1,0,1,2,1,0.0,1,2,1,0.0,1,2,2,1,2,1,0.0,1,2.0,0,1,2,1,2.0,1,1.0,2.0,2,1,0,1,0,1.0,1,2,2,1,1,2,1,2,2.0,1,1.0,0.5,59,1.085308056872038,-0.2456561567387492
60,60,60,2,1.0,1,3.0,2,1,2,2,1,2,0,1,1,1,1,0,1,0,1,1,1,1,1,1.0,1,2,1,2,1,2,1,2,1,0.0,0,2,1.0,2,1,1,1,1,1,1,2,1,1,1,2,1,1,1,2,3.0,1,2,1,1.0,2,1,2,1,2,1,3.0,0,1.0,1,1,2,0,2.0,0,2.0,2.0,1,1,0,1,1,2.0,1,1,1,2,2,1,0,2,2.0,2,2.0,0.5,60,1.108294930875576,-0.2797736802886207
61,61,61,1,2.0,1,2.0,1,1,1,1,2,1,1,1,1,1,2,1,0,1,0,1,1,1,2,1.0,2,1,2,1,1,1,1,1,2,1.0,0,1,2.0,1,2,1,1,1,0,2,1,0,2,0,1,2,1,0,1,1.0,1,1,2,1.0,1,1,1,1,1,1,2.0,0,1.0,1,1,0,1,2.0,1,1.0,,2,1,1,1,1,1.0,1,2,2,1,1,1,1,2,1.0,2,2.0,0.6,61,1.058171745152355,-0.3000141016584196
62,62,62,1,2.0,1,2.0,1,1,2,1,2,0,2,0,2,2,1,1,1,0,0,2,2,1,1,1.0,0,1,2,2,2,2,0,1,2,2.0,2,2,3.0,1,2,1,1,2,2,1,2,0,1,2,1,2,1,1,1,0.0,1,2,2,1.0,0,1,2,1,1,2,2.0,1,2.0,1,1,1,1,1.0,1,2.0,1.0,1,1,1,1,1,2.0,0,2,1,1,2,2,2,2,2.0,1,2.0,0.6,62,1.0467980295566504,-0.0892965034092914
63,63,63,0,2.0,2,3.0,1,1,1,1,1,2,1,0,2,1,1,1,1,0,1,1,1,2,2,2.0,2,1,2,1,1,2,2,1,0,2.0,2,2,2.0,2,1,2,1,2,2,1,0,2,2,2,1,1,2,2,1,2.0,2,2,1,2.0,2,2,3,1,2,3,2.0,1,2.0,2,1,1,0,2.0,1,2.0,2.0,1,1,2,0,1,2.0,1,0,2,1,2,1,0,2,1.0,1,0.0,0.4,63,1.113744075829384,-0.2403698416715432
64,64,64,1,2.0,1,2.0,2,1,2,1,0,1,0,1,2,1,1,2,2,1,1,1,1,1,1,2.0,2,2,2,1,1,1,1,0,1,1.0,0,1,2.0,2,0,1,1,1,1,1,1,2,1,2,0,1,2,0,2,1.0,0,1,2,2.0,1,1,2,2,2,2,2.0,1,2.0,1,0,1,2,1.0,1,2.0,3.0,2,1,2,1,1,3.0,1,1,1,2,0,1,1,2,1.0,2,2.0,0.4,64,1.1049107142857142,-0.3826017502169695
65,65,65,1,0.0,2,3.0,1,1,0,1,1,0,1,2,1,1,1,1,1,2,2,1,1,2,2,2.0,1,1,2,1,2,1,2,1,2,2.0,1,1,1.0,1,1,1,0,1,2,1,1,1,0,1,1,1,1,1,1,2.0,1,2,0,1.0,2,1,1,1,1,0,2.0,1,2.0,1,1,2,1,0.0,2,2.0,3.0,2,1,1,1,0,2.0,1,1,2,2,0,1,1,2,2.0,1,1.0,0.6,65,1.0617977528089888,-0.3654793126524989
66,66,66,2,3.0,1,2.0,1,1,1,2,2,1,2,2,1,1,1,1,2,3,2,2,0,0,2,2.0,1,2,3,2,2,1,1,2,2,3.0,2,1,1.0,2,2,1,2,1,1,1,2,1,2,2,1,1,1,0,1,1.0,2,2,2,1.0,1,1,0,2,1,2,1.0,2,3.0,2,2,2,2,1.0,2,2.0,0.0,1,2,0,2,0,1.0,1,1,2,2,2,2,2,1,2.0,0,2.0,0.4,66,1.15,-0.119142869356218
67,67,67,1,1.0,2,2.0,2,1,2,0,2,0,1,1,1,1,2,1,1,2,2,1,1,2,0,2.0,2,1,1,2,2,1,1,1,1,2.0,1,0,2.0,1,1,1,2,2,1,1,1,2,2,1,1,1,1,1,1,0.0,1,1,2,1.0,1,1,1,1,2,2,2.0,1,2.0,0,1,0,2,2.0,1,1.0,0.0,2,1,2,2,1,2.0,2,1,2,1,2,2,1,1,0.0,2,0.0,0.5,67,1.054245283018868,-0.149559589912174
68,68,68,2,1.0,1,2.0,2,1,1,2,2,1,1,2,0,1,1,1,1,1,1,1,1,2,2,0.0,0,2,2,1,0,1,2,1,2,2.0,1,1,0.0,2,1,0,1,1,1,2,2,1,1,1,1,1,1,1,2,2.0,2,2,1,1.0,1,1,1,1,1,0,2.0,1,2.0,1,1,2,1,1.0,1,1.0,0.0,1,2,1,2,0,2.0,2,2,2,0,1,2,2,2,2.0,1,1.0,0.6,68,1.040712468193384,-0.1333868430803272
69,69,69,1,2.0,1,2.0,1,1,1,1,1,0,1,1,1,1,1,1,1,1,1,1,0,2,0,2.0,1,1,1,1,1,1,1,1,2,1.0,1,2,1.0,1,1,2,1,2,1,1,1,2,1,2,1,0,2,2,1,2.0,0,0,0,1.0,1,1,1,2,1,1,1.0,1,3.0,1,2,1,1,2.0,1,0.0,2.0,0,2,1,2,1,1.0,1,1,1,2,1,1,1,2,2.0,0,2.0,0.6,69,1.0514285714285714,-0.2084688531480115
70,70,70,0,1.0,2,2.0,1,1,1,1,1,1,2,2,2,1,2,1,2,2,2,2,1,1,1,1.0,0,1,1,1,2,1,2,1,2,2.0,2,1,2.0,2,1,2,2,1,1,1,1,1,2,2,1,1,2,1,0,2.0,1,1,2,1.0,1,0,0,1,1,2,1.0,1,1.0,1,1,1,1,1.0,0,2.0,2.0,2,2,2,0,1,2.0,1,1,1,0,0,0,2,2,2.0,2,2.0,0.6,70,1.043778801843318,-0.1733583841389988
71,71,71,1,2.0,1,2.0,1,2,1,1,1,2,1,0,1,1,2,1,1,2,0,1,1,2,1,2.0,2,1,1,2,1,1,0,1,1,0.0,1,1,1.0,1,0,1,0,1,2,2,1,0,1,1,1,1,2,2,1,2.0,2,0,2,2.0,2,2,2,1,1,2,2.0,1,,2,1,2,1,2.0,1,1.0,1.0,1,1,1,1,1,0.0,2,1,1,2,2,2,2,2,2.0,1,2.0,0.5,71,1.0776942355889725,-0.2856487135054283
72,72,72,2,2.0,2,2.0,1,1,1,0,2,2,1,1,2,2,2,1,1,2,2,0,2,0,1,2.0,2,1,0,2,2,0,1,1,1,2.0,1,2,3.0,3,2,1,1,1,1,1,1,1,0,1,1,2,2,2,2,2.0,1,1,2,1.0,1,3,2,1,1,1,3.0,1,2.0,1,1,0,1,1.0,1,2.0,0.0,1,2,2,1,0,1.0,2,1,2,2,1,2,1,0,2.0,2,2.0,0.4,72,1.1307339449541285,-0.3603585771049717
73,73,73,1,1.0,1,3.0,2,1,1,1,0,1,0,2,1,1,1,1,0,1,0,1,2,2,0,1.0,1,2,1,1,1,1,1,1,1,1.0,1,1,2.0,2,0,1,1,2,1,1,1,1,0,1,1,1,1,1,2,2.0,1,1,2,1.0,1,1,1,1,1,1,2.0,0,2.0,0,1,1,1,0.0,1,1.0,2.0,2,1,1,1,1,1.0,1,1,1,1,1,2,1,2,2.0,2,1.0,0.6,73,1.067448680351906,-0.3788787329548216
74,74,74,2,2.0,1,2.0,0,1,1,1,1,0,1,0,1,1,1,2,2,2,2,1,1,2,1,1.0,1,1,2,1,0,1,0,1,2,2.0,1,1,2.0,0,1,2,1,1,1,1,1,1,1,1,1,1,2,1,1,1.0,1,2,2,1.0,1,1,2,2,0,1,2.0,1,2.0,1,1,2,1,2.0,1,0.0,1.0,1,2,2,1,1,2.0,2,1,2,2,1,2,1,2,2.0,1,0.0,0.6,74,1.058201058201058,-0.3471137134468464
75,75,75,3,3.0,1,2.0,2,1,1,2,0,2,1,2,2,2,2,2,1,1,1,0,1,2,2,1.0,2,1,0,1,1,1,1,2,2,2.0,0,1,1.0,2,2,1,1,2,1,1,2,2,2,2,2,1,2,1,2,2.0,2,0,2,1.0,2,2,1,2,1,2,0.0,1,3.0,2,1,3,0,0.0,1,2.0,2.0,1,1,1,2,1,2.0,0,2,1,3,1,2,2,1,1.0,2,3.0,0.4,75,1.1172566371681416,-0.1483415612064703
76,76,76,0,0.0,2,2.0,2,1,1,0,1,1,2,1,1,1,1,0,1,2,2,1,1,2,1,1.0,1,1,0,1,2,1,2,2,1,0.0,1,1,2.0,1,1,1,0,1,0,1,1,2,2,1,1,2,1,2,2,3.0,2,1,1,1.0,2,1,2,2,1,2,2.0,1,2.0,1,2,1,1,3.0,1,1.0,2.0,2,1,1,1,0,2.0,2,2,1,1,1,1,1,1,2.0,1,2.0,0.5,76,1.0859188544152745,-0.2862459494480785
77,77,77,1,2.0,1,1.0,1,1,2,2,1,1,2,1,1,1,1,1,1,2,2,0,1,2,2,1.0,0,2,1,1,1,1,1,0,1,1.0,2,2,,0,1,0,1,1,1,1,0,2,2,2,1,1,1,2,2,2.0,2,2,2,0.0,2,1,2,1,1,2,2.0,1,2.0,1,1,2,1,2.0,2,2.0,2.0,1,1,1,2,1,2.0,2,2,1,0,2,1,0,1,1.0,2,2.0,0.4,77,1.108108108108108,-0.294843023722437
78,78,78,2,2.0,1,0.0,1,1,1,2,2,2,1,1,1,1,1,1,1,2,1,1,0,1,2,0.0,2,1,2,2,1,0,1,1,1,2.0,1,1,2.0,1,1,1,0,1,1,1,1,1,1,2,1,1,2,2,2,2.0,0,1,0,1.0,1,2,2,2,1,1,2.0,1,2.0,1,1,0,1,1.0,1,1.0,2.0,2,2,1,0,1,1.0,1,1,2,1,1,0,2,2,2.0,2,2.0,0.5,78,1.0562659846547315,-0.3396643968305918
79,79,79,2,0.0,1,2.0,2,1,1,1,2,1,2,1,2,1,1,1,1,1,1,1,0,1,2,0.0,1,2,1,1,1,1,1,1,1,2.0,1,1,1.0,1,1,2,2,1,2,1,2,2,2,1,1,1,2,2,1,2.0,1,2,1,2.0,1,1,1,0,1,2,2.0,1,1.0,0,1,2,1,1.0,1,2.0,0.0,1,1,1,1,1,2.0,0,0,1,2,1,1,0,0,2.0,1,1.0,0.5,79,1.0771144278606966,-0.1934468594185794
80,80,80,2,2.0,1,0.0,2,2,2,1,1,1,0,2,2,1,2,0,1,2,2,2,1,2,1,0.0,2,1,3,1,2,2,2,1,2,2.0,1,2,3.0,1,0,1,1,1,1,2,1,1,1,0,1,1,0,2,2,2.0,1,2,2,2.0,2,1,0,1,1,2,2.0,1,2.0,1,2,2,1,3.0,1,2.0,3.0,2,1,1,2,2,1.0,2,1,0,1,1,0,2,3,2.0,2,2.0,0.4,80,1.1295896328293735,-0.379741856128184
81,81,81,2,1.0,2,,2,1,1,1,2,1,2,2,1,1,1,1,1,2,2,2,1,2,1,2.0,1,1,2,1,1,2,1,2,2,0.0,1,1,1.0,2,2,1,2,1,0,1,1,2,0,1,2,0,1,2,1,2.0,1,2,0,1.0,1,1,1,1,1,1,2.0,0,2.0,0,1,2,2,2.0,2,1.0,1.0,0,1,2,1,1,2.0,1,1,2,2,2,2,1,2,2.0,2,2.0,0.5,81,1.094890510948905,-0.2857200480211976
82,82,82,2,2.0,1,0.0,1,1,2,1,1,2,1,2,1,1,1,1,1,2,2,1,1,2,1,1.0,2,2,1,0,1,1,2,0,2,2.0,1,1,2.0,1,2,2,1,1,0,1,1,1,2,1,1,2,1,2,2,2.0,1,1,1,2.0,2,2,2,1,1,2,2.0,1,0.0,1,2,1,1,2.0,2,1.0,,2,1,0,0,1,0.0,1,1,2,1,1,0,1,1,2.0,2,2.0,0.6,82,1.0562659846547315,-0.3531355019364488
83,83,83,0,2.0,1,0.0,1,1,1,2,0,2,1,2,1,1,1,1,1,1,2,1,1,2,2,0.0,1,2,1,1,1,1,2,1,1,2.0,1,1,0.0,1,1,0,0,2,1,1,1,1,1,2,1,1,1,2,1,2.0,1,1,1,2.0,1,1,0,1,1,2,2.0,1,2.0,2,1,1,2,2.0,1,1.0,,2,2,2,1,2,2.0,2,0,2,1,1,1,2,2,2.0,2,2.0,0.6,83,1.048913043478261,-0.2501983511086702
84,84,84,2,2.0,1,2.0,2,1,2,2,1,2,2,2,1,1,1,1,1,1,1,1,1,2,3,1.0,2,1,2,1,2,2,1,2,2,0.0,1,1,2.0,1,1,2,1,2,0,1,1,1,2,2,2,2,2,1,1,2.0,1,2,0,2.0,1,2,2,2,1,2,0.0,1,2.0,1,0,2,1,1.0,2,1.0,0.0,1,1,0,0,1,2.0,1,1,2,2,0,1,1,1,0.0,1,2.0,0.6,84,1.0326086956521738,-0.1217104076063454
85,85,85,1,2.0,1,2.0,1,1,2,2,1,1,1,2,2,0,1,2,1,2,1,2,1,1,1,2.0,2,1,1,1,2,1,1,2,0,2.0,1,1,2.0,0,1,1,2,1,2,1,1,1,1,2,1,1,2,0,0,1.0,1,2,2,1.0,0,2,1,1,1,2,1.0,1,2.0,1,0,1,1,2.0,1,2.0,1.0,2,1,1,1,0,2.0,2,1,0,1,1,1,1,2,2.0,1,1.0,0.6,85,1.066193853427896,-0.2280121103015728
86,86,86,2,3.0,2,2.0,1,1,2,1,1,0,1,1,1,1,1,1,1,1,2,1,0,1,2,2.0,1,2,2,0,0,1,0,1,1,1.0,1,2,2.0,1,2,2,0,1,1,1,0,0,2,1,1,1,1,2,1,2.0,1,2,1,0.0,2,2,1,1,1,2,1.0,1,2.0,1,1,2,1,2.0,2,2.0,1.0,1,0,1,2,1,2.0,1,1,2,1,2,1,2,2,2.0,1,2.0,0.4,86,1.0902777777777777,-0.3936494271922303
87,87,87,2,2.0,1,2.0,1,1,0,1,1,0,1,1,1,1,1,0,1,2,2,1,1,2,1,1.0,2,2,2,1,1,2,1,1,2,2.0,1,2,2.0,1,1,1,1,1,0,1,2,2,2,1,1,2,1,0,2,1.0,1,2,2,1.0,1,0,0,0,1,1,,1,2.0,1,2,2,1,2.0,2,1.0,2.0,2,1,0,1,1,2.0,1,1,2,1,1,1,2,1,2.0,2,2.0,0.6,87,1.0690537084398977,-0.4335168167730645
88,88,88,1,2.0,1,2.0,1,1,2,1,2,2,1,1,2,2,1,2,2,1,2,1,0,1,1,2.0,2,1,1,1,1,1,2,1,0,1.0,0,1,1.0,1,1,2,1,1,1,1,1,1,1,2,0,0,2,1,2,2.0,2,2,1,2.0,2,1,2,2,0,1,1.0,1,2.0,2,2,0,1,1.0,1,2.0,2.0,0,2,2,2,0,1.0,1,1,1,2,1,1,1,0,1.0,1,1.0,0.4,88,1.0968468468468469,-0.0598519645475564
89,89,89,2,2.0,1,2.0,0,1,1,2,0,1,1,1,2,1,2,1,1,2,1,0,2,2,0,2.0,1,1,0,1,1,1,0,1,2,0.0,1,1,1.0,2,1,2,1,1,1,0,1,1,2,2,1,1,1,1,1,1.0,2,1,2,1.0,0,1,2,2,1,2,2.0,1,2.0,1,2,2,1,1.0,1,1.0,1.0,1,1,1,1,2,2.0,1,0,1,1,1,1,2,2,1.0,2,2.0,0.6,89,1.0861244019138756,-0.2824745586816198
90,90,90,2,1.0,1,1.0,2,1,1,1,2,2,2,1,1,2,1,1,2,1,0,2,1,2,1,2.0,1,2,1,1,2,0,1,0,2,2.0,1,2,2.0,0,2,0,1,1,1,1,1,2,1,1,1,2,1,1,2,2.0,2,1,2,1.0,0,1,1,2,1,2,2.0,1,2.0,0,0,2,2,1.0,1,2.0,0.0,1,1,2,1,1,1.0,2,2,2,1,2,2,1,2,2.0,1,0.0,0.5,90,1.0804597701149423,-0.1528499266348798
91,91,91,2,1.0,0,,2,1,1,2,1,1,2,2,1,1,0,1,1,2,2,1,1,1,2,1.0,1,2,2,1,0,0,2,2,2,1.0,1,2,0.0,1,1,1,2,1,0,1,1,1,0,1,1,1,0,1,1,2.0,1,1,1,1.0,2,2,2,2,1,1,2.0,2,1.0,1,2,2,2,2.0,2,1.0,2.0,1,2,1,1,1,2.0,2,0,2,1,1,1,2,2,2.0,2,2.0,0.6,91,1.0635696821515892,-0.2531315771678664
92,92,92,2,1.0,2,2.0,2,1,2,2,1,1,1,0,1,1,2,0,1,1,0,1,1,1,2,1.0,1,1,1,1,0,1,1,1,2,2.0,1,2,2.0,2,1,1,1,1,0,1,1,1,1,1,1,1,1,2,2,2.0,1,2,2,1.0,0,1,2,1,1,1,2.0,1,2.0,0,1,2,0,1.0,1,1.0,2.0,2,1,1,0,2,1.0,1,1,2,1,1,1,1,1,2.0,2,1.0,0.6,92,1.0469613259668509,-0.3288833710610012
93,93,93,1,2.0,2,3.0,0,1,2,1,2,2,2,1,1,1,2,1,2,3,2,1,2,2,1,1.0,0,2,1,1,2,1,2,1,1,3.0,2,2,2.0,0,2,2,1,1,1,1,1,1,2,1,0,1,2,1,0,1.0,1,2,2,1.0,2,2,2,2,1,1,1.0,1,2.0,1,2,2,2,2.0,1,2.0,2.0,2,2,0,1,0,3.0,1,1,1,2,0,2,2,1,2.0,2,0.0,0.5,93,1.1386363636363637,-0.2428492487665076
94,94,94,1,1.0,1,3.0,1,1,1,2,1,1,1,2,1,1,1,1,1,2,1,0,1,1,0,2.0,1,1,2,1,1,1,1,2,2,2.0,1,1,1.0,2,0,1,1,1,2,1,1,1,1,1,1,1,0,2,1,2.0,1,2,0,1.0,1,0,2,1,1,2,0.0,1,1.0,0,2,1,2,2.0,2,1.0,2.0,2,1,1,2,2,0.0,2,0,1,1,2,1,1,2,2.0,1,1.0,0.6,94,1.0574412532637076,-0.3312521245568594
95,95,95,1,2.0,0,2.0,1,0,1,1,1,2,1,1,1,1,1,1,1,2,1,0,0,1,0,1.0,1,1,1,1,1,2,1,1,1,1.0,1,1,0.0,1,1,1,1,0,1,1,2,1,1,1,1,1,1,1,2,1.0,1,2,1,1.0,1,1,2,1,0,1,1.0,1,2.0,1,1,1,1,2.0,1,1.0,2.0,2,1,1,1,1,2.0,1,1,1,1,2,2,0,1,2.0,1,2.0,0.6,95,1.0382352941176471,-0.4691222962481614
96,96,96,2,2.0,0,3.0,1,2,0,2,1,2,1,2,1,1,1,1,2,2,2,1,1,1,1,1.0,1,2,2,2,1,1,2,2,1,1.0,1,2,2.0,2,0,1,1,1,2,1,1,2,2,1,2,1,1,1,1,1.0,0,1,1,2.0,2,1,1,0,0,1,2.0,1,0.0,1,1,1,2,3.0,2,0.0,3.0,2,2,1,2,2,2.0,1,1,2,0,2,1,2,2,2.0,0,4.0,0.4,96,1.1267281105990783,-0.2859254045045705
97,97,97,1,2.0,1,2.0,0,2,1,1,1,2,1,2,1,1,2,1,1,2,2,1,1,1,2,2.0,2,2,2,1,0,2,2,1,1,2.0,1,0,2.0,2,1,1,1,2,1,1,1,2,2,2,1,1,2,0,1,0.0,2,2,2,2.0,2,2,2,2,1,1,1.0,1,2.0,2,1,0,2,0.0,1,1.0,3.0,1,1,2,2,1,2.0,1,0,2,1,1,2,1,2,2.0,0,3.0,0.6,97,1.0559796437659033,-0.2879749414550444
98,98,98,2,1.0,1,2.0,1,1,2,1,2,1,1,2,2,1,2,2,1,2,1,1,1,2,2,2.0,1,2,2,1,1,1,1,2,2,1.0,1,1,2.0,1,0,1,1,1,0,1,1,2,1,1,1,2,2,1,0,1.0,1,2,2,1.0,2,1,2,1,1,0,2.0,0,2.0,1,0,2,1,0.0,2,1.0,2.0,1,1,1,1,1,1.0,1,2,2,2,2,1,1,2,0.0,0,0.0,0.6,98,1.0583756345177664,-0.2043729764718315
99,99,99,1,0.0,1,2.0,1,1,1,1,2,1,2,2,2,1,1,1,2,2,2,1,1,2,1,2.0,2,1,2,1,1,1,2,1,1,2.0,2,0,1.0,2,1,1,0,1,1,1,1,2,2,2,1,2,2,2,0,1.0,1,2,2,0.0,2,1,3,2,1,2,1.0,1,4.0,1,0,0,1,3.0,2,0.0,4.0,2,1,1,1,2,2.0,1,0,2,2,1,1,2,2,2.0,2,2.0,0.5,99,1.1196388261851016,-0.3775348811103998
