,0,1,2,3,4,5,6,7,8,9,10,11,12,13,14,15,16,17,18,19,20,21,22,23,24,25,26,27,28,29,30,31,32,33,34,35,36,37,38,39,40,41,42,43,44,45,46,47,48,49,50,51,52,53,54,55,56,57,58,59,60,61,62,63,64,65,66,67,68,69,70,71,72,73,74,75,76,77,78,79,80,81,82,83,84,85,86,87,88,89,90,91,betha,seed
0,,,,,,,,,,0.0,,,,,,,,,,,,0.0,,,,,,,,,,,,,,,0.0,,,,,,,,0.0,,,0.0,,,,,,,,,,,,,,,,,0.0,,,0.0,,,,,,,,,,,,,,,,0.0,,,,0.0,,,,,0.4,0
1,,0.0,,,,0.0,1.0,,,0.0,,,0.0,,3.0,,0.0,,,,,,,1.0,,,,,,,,,,,,,2.0,0.0,,,,,,,,,,,,,,,,,,,,,,,,,,,0.0,,,,,,,,0.0,,,0.0,,,,0.0,,,,,,,,2.0,,,,,0.5,1
2,,,,,,,,0.0,,,,,,,,0.0,,,,,,,0.0,,,,,,,,,,,,0.0,,,,,,0.0,,,0.0,,,,,,0.0,,,,,,,,,,,,,,,,,,,,,,,0.0,,,0.0,,,,,,,0.0,,,,,,,,,,0.4,2
3,0.0,,,0.0,,,,,,,0.0,6.0,6.0,,,,,,,0.0,3.0,0.0,6.0,,0.0,4.0,6.0,,,,,5.0,,,,2.0,5.0,,2.0,,,0.0,,,,,,2.0,1.0,,,,,,,,0.0,,,,,4.0,6.0,,,,,4.0,,,,,0.0,,0.0,,,,,,,,,,1.0,,,,,,,,0.6,3
4,,0.0,,,,,,,,0.0,,,,,,,,,,,,,,,,,,,,,,,,,,,,,,,,,,,,,0.0,,,,0.0,,,,,0.0,,,0.0,,,,,,,,,,,0.0,,,0.0,,,,,,,,,,,,,,,0.0,,,,,0.6,4
5,,,,,3.0,,9.0,0.0,0.0,,,,,,3.0,8.0,0.0,,5.0,3.0,1.0,,10.0,10.0,,7.0,10.0,0.0,7.0,,0.0,11.0,6.0,2.0,,6.0,,,8.0,,5.0,8.0,12.0,,9.0,,10.0,,5.0,,4.0,,,,,12.0,3.0,12.0,,,,0.0,0.0,,,7.0,,2.0,2.0,,5.0,11.0,10.0,0.0,,,7.0,,0.0,9.0,0.0,1.0,9.0,1.0,,,12.0,,,,,,0.6,5
6,,0.0,3.0,,,,,,,,0.0,,,,,,,,,,,,,,,0.0,,,,,,,,,,,,,1.0,,,,,,,,,,3.0,,,,,2.0,,,,,,,,,0.0,,,2.0,1.0,,,,,,,0.0,,0.0,,0.0,,0.0,0.0,,,,0.0,,,,,,3.0,,0.6,6
7,,,,,,,,,,,,,,,0.0,,,,,,,,,0.0,,0.0,,,,,,,,,,,,,,,,,,,,,,0.0,,,,,,,,,,0.0,,,,,,,,,,0.0,0.0,,,,0.0,,,,,,,,,,,0.0,,,,,,,,,0.4,7
8,,,,,,0.0,,,0.0,,,,,,,,,,,,,,,,3.0,1.0,,,,,,,2.0,,,,,,,,,,,,,,,,0.0,,,,,,,,,,,,0.0,,,0.0,,,,0.0,,,,,,,,,,,,,,,,0.0,0.0,0.0,,,,,0.0,,0.4,8
9,,,,,,,,,,,,,,,,,,,,,,,0.0,,,,,,,,,,,0.0,,,,,,,0.0,,,,,,,,,,,,0.0,,0.0,,0.0,,,0.0,,,,,,0.0,,,,,,,,,,,,,,,,,,,,,,,,,,0.0,0.6,9
10,0.0,,1.0,,,,,,0.0,0.0,2.0,,,,,0.0,,,,,,,,,,,,,0.0,0.0,,,,,,,,,,,0.0,,,,,,,,,,,,,,,,,,,,,,,,0.0,,,,,,3.0,,,0.0,,,,,,,,,,,,,,,,0.0,,,0.5,10
11,,,,2.0,,,,,,,,,,0.0,4.0,,,,,,,,,,,0.0,,,,,3.0,,,0.0,,,,,,,,1.0,,,,,,,3.0,,,,,,,0.0,,,,,,,,0.0,,,,,,4.0,,0.0,,,,,0.0,,,,0.0,0.0,,,,,,,,,,0.0,0.5,11
12,7.0,,0.0,0.0,,10.0,0.0,9.0,,,,6.0,,,,3.0,,,,8.0,,,0.0,,,1.0,7.0,0.0,2.0,,8.0,2.0,4.0,,5.0,,,,5.0,,1.0,9.0,,3.0,1.0,,,,0.0,0.0,,,,,,6.0,2.0,,,,,,,,,,,0.0,,10.0,,,4.0,,,0.0,0.0,,,,,,,6.0,,,3.0,,,,10.0,,0.6,12
13,7.0,,15.0,,10.0,,14.0,14.0,20.0,,20.0,,23.0,22.0,6.0,15.0,0.0,3.0,21.0,2.0,1.0,5.0,6.0,,,0.0,0.0,17.0,,,15.0,7.0,8.0,9.0,20.0,7.0,9.0,17.0,17.0,,16.0,4.0,8.0,18.0,12.0,,0.0,7.0,0.0,13.0,10.0,21.0,,,0.0,13.0,19.0,,0.0,,,12.0,21.0,9.0,,5.0,0.0,11.0,19.0,21.0,12.0,18.0,10.0,,0.0,14.0,6.0,8.0,16.0,10.0,,16.0,0.0,5.0,,,16.0,,,,22.0,,0.6,13
14,,,,,,,,,,,0.0,,0.0,,,,,,,,,,0.0,,,0.0,0.0,,0.0,,,,,,,,,,,,,,,,,,,,,,,,,,,,,,,,,0.0,,,,,,,,,,0.0,,,,,,,,,0.0,,,,,,,,0.0,,,,0.4,14
15,0.0,,,,,0.0,,,,,,,0.0,,,,,,,,,,,,,,,0.0,0.0,,,,,,,,,,,,,,,,,,,0.0,,,,,,,,,,,,,,,,,,,,,,,,0.0,0.0,,,0.0,,,,,,,,,,0.0,,,,,,,0.4,15
16,3.0,,17.0,,0.0,9.0,15.0,11.0,,17.0,19.0,,10.0,4.0,1.0,15.0,0.0,14.0,5.0,5.0,2.0,,1.0,,,9.0,13.0,16.0,,,0.0,0.0,10.0,14.0,,4.0,,,10.0,,11.0,0.0,,,8.0,,,,7.0,6.0,,19.0,,,,2.0,14.0,16.0,0.0,3.0,,,2.0,4.0,,0.0,,2.0,0.0,0.0,7.0,,14.0,,,,,11.0,6.0,12.0,,7.0,18.0,8.0,,,,13.0,,,13.0,,0.5,16
17,,,,,,,0.0,,,,,,,,,0.0,,,,,,,0.0,,,,,,,,,0.0,,,,,,,,0.0,,,,,,0.0,,,,,,,,,,,,0.0,,,,,,,,,,,0.0,,,,,,,,,,,,,,,,0.0,,,,,,,,0.5,17
18,,,,,,,,,0.0,,,,,,,,,0.0,,0.0,,,,,0.0,,,,,,,,,,,,,,,,,,0.0,,,,0.0,,,0.0,,,,,,,,,,,,,0.0,,,,0.0,,,0.0,,,,,,,,,,,,,,,,,,,,,,,0.6,18
19,3.0,,3.0,,,0.0,,,,,,,,,,,,,,0.0,,,0.0,,,,,,,,,0.0,3.0,,0.0,,,,3.0,,0.0,,,,4.0,,,,5.0,,,3.0,0.0,,,,0.0,,,,,,,,,,0.0,,,,2.0,,,,0.0,,,,,3.0,,,1.0,,,,,,,,,,0.5,19
20,,,,,,,,,,0.0,,,,,,0.0,,,,1.0,0.0,,0.0,,,,,1.0,0.0,,,1.0,,,0.0,,,,,,,,,,,,,,,,,,,,,,,,,,,,,,,,,,,,,0.0,,,,0.0,,,,,,,1.0,,,1.0,,,,,0.0,,0.6,20
21,9.0,,,,0.0,1.0,10.0,1.0,,2.0,,,,16.0,,,,13.0,,12.0,17.0,17.0,4.0,,,5.0,8.0,5.0,8.0,,12.0,3.0,11.0,,,0.0,7.0,,17.0,,11.0,9.0,,10.0,,1.0,,,0.0,,,2.0,,3.0,15.0,14.0,0.0,10.0,,,0.0,,,0.0,,6.0,,,,12.0,,,0.0,0.0,0.0,,,,,0.0,,5.0,,2.0,,,16.0,4.0,,,,,0.5,21
22,,,,,0.0,,,,0.0,,,,,,0.0,,4.0,,0.0,,3.0,,,,,,,,2.0,4.0,,,,1.0,,,,,,0.0,,,,6.0,0.0,0.0,5.0,,,,,,,,,,,,,,,,,,0.0,,1.0,4.0,,,,,,,,,,,,2.0,,,,,0.0,,,,0.0,,,,0.5,22
23,,,,,,,,,,,,,,,,,,,,,,,1.0,,,0.0,,,,,,0.0,,,,,,,,0.0,0.0,,,,,,,,,,,,,,0.0,,,,,,,,,,,,,,,,,,,0.0,,,0.0,,,,,,,0.0,,,,,,,0.0,0.0,0.6,23
24,,0.0,,0.0,0.0,,,,,,,,,,,,,0.0,,,,,,,,,,,,,,,,,0.0,,,,,,,,,,,,,,,,,,,,,,,,,,,,,,0.0,,,,,,,,,,,,,,,0.0,,,0.0,,,,,0.0,,,,,0.6,24
25,,,,,0.0,,,,0.0,,,,,,,0.0,,,,,,,,0.0,,,,,0.0,,,,,,,,,,,,,,,,0.0,,,,,,0.0,,,,,,,,,,,0.0,0.0,,,,,,,,,,,,,,,,,,,,,,,,,,,,0.0,,0.4,25
26,,,,,,,0.0,,,,,,,,1.0,,,,,,,,1.0,,,1.0,,,,,,2.0,0.0,,,,,,,,,,,,,,,,0.0,,,,,0.0,,,,,,,,,0.0,,,0.0,,,0.0,,,,,,,,,0.0,,,,,,0.0,,,,,2.0,,0.0,,0.5,26
27,,,0.0,,,,,,,,,,,0.0,,,,,,0.0,,,1.0,,0.0,0.0,,,,,,0.0,,,,,,0.0,1.0,,,,,,,,,,,,,,,,,,0.0,,,,,,,,,,,,,1.0,,,0.0,,,,,,,,,,,,,,,,,,,,0.4,27
28,3.0,0.0,,0.0,,0.0,,,,,,,0.0,,,,,,,,,,0.0,0.0,,,,,,,,1.0,0.0,,,,,,,,,,,,,,,,2.0,,,0.0,1.0,,,,,,,,,,,,0.0,,,,,,,,,,,,,,,,,,,,,,,0.0,,,,,0.5,28
29,,,,,,,,,,,,,,,,,,,,,0.0,,,,0.0,,,0.0,,,,,,,0.0,,,1.0,,,0.0,,,,,,,,3.0,,,,,,,,5.0,,,,,,,,,,6.0,,,0.0,,,,,,0.0,,,,4.0,,,,0.0,2.0,0.0,6.0,,,,,,0.5,29
30,,,0.0,,,,,,,,,,0.0,,,,,0.0,,,,,,0.0,,,,,,,,,,,,,,0.0,,,,,,,,0.0,0.0,,,,,,,0.0,,,,,,,,,,,,,,,,,,,,,,,,,,,,,,,,,,,,,,,0.5,30
31,,,,,,,0.0,,,,,,,,,,0.0,,,,,,,0.0,,,,,0.0,,,,,,,,,,,,,,0.0,,,,0.0,,,,,,,,,,,,0.0,,,,,,,,,,,,,,,,,,,,,,,,0.0,,,,,0.0,,,,,0.6,31
32,,,,0.0,,0.0,,,,,,,,,,,,,,0.0,,,,,,,,,,,,,,,,,,,,,,,,0.0,,,,,,,,,,,0.0,,,,,,,,0.0,,,,,,,,,0.0,,,,,,,,,,,,,,,,0.0,0.0,0.0,,,0.5,32
33,,,,,,,,0.0,,,,,,,,,,,0.0,,0.0,,,,,,,,,,,,,,,,,,,,,,,,,,,,,,,,,,,,,0.0,,,,0.0,,,,,0.0,0.0,,,,,,0.0,,,,,,,,,,0.0,,,,,0.0,,,,0.4,33
34,,,,,,,,,,,,0.0,,,,,,,0.0,,,,,,,,,,,0.0,1.0,,,0.0,,0.0,,,,,,,,,,,,,,,,,,,,,,,,,,,,,,,,,0.0,0.0,,,,,,,,,0.0,,,,,,,0.0,,,,,,,0.5,34
35,,,,,,,,3.0,,,,0.0,,,,0.0,,,,,,,,,,,,2.0,,,,,1.0,0.0,,,,,,,,,,,,,,,,,,,,,,0.0,0.0,,,,,,,0.0,0.0,,,,,,,,0.0,0.0,,,,,,,,,,,,,,,,,,,0.5,35
36,,,1.0,,,0.0,0.0,,,0.0,,,,,,,,,,,,,,,,,,,,,0.0,,,0.0,,,,0.0,,,0.0,,,,0.0,,,,,,,,,,,0.0,,,,,,,,,,,,,,,,,,,,,,,,,,,,,,,,,,,0.0,,0.5,36
37,,,,,,,,,,,,,,,,0.0,,,,1.0,,,0.0,,,,,,,,,,,,,0.0,,,,,,,0.0,,,,2.0,,,,,,,0.0,,,,,,,,,,0.0,,,,0.0,,,,,,,,,0.0,,,,,,,,,0.0,,,0.0,,,,0.4,37
38,,,0.0,,0.0,,,,,,,,,,,,,,,,,,,0.0,,,,,,,,,,0.0,,,,,,,,,,,1.0,,,,,,,,,0.0,,,,,,,0.0,,,,,,,,,,,,,,0.0,0.0,,,,,,,,0.0,,,,,,0.0,,,0.5,38
39,,,,,0.0,,,,,0.0,,,,,,,,,,,0.0,,1.0,,,,4.0,,,,,0.0,,,,3.0,,,,,,0.0,,1.0,,2.0,,,0.0,,,,,,,,,,,0.0,,,,,0.0,,,,,,0.0,,,,,0.0,3.0,,,,,,,,,,,,,,,,0.5,39
40,16.0,,17.0,,,2.0,3.0,0.0,7.0,,15.0,,0.0,,9.0,12.0,7.0,6.0,9.0,0.0,8.0,,14.0,,,16.0,18.0,11.0,20.0,,1.0,9.0,20.0,18.0,21.0,1.0,12.0,0.0,7.0,,20.0,12.0,,6.0,3.0,,,5.0,18.0,,0.0,21.0,20.0,,17.0,10.0,0.0,,,10.0,,1.0,,3.0,,0.0,,6.0,5.0,,0.0,0.0,4.0,,,,19.0,13.0,1.0,7.0,,12.0,9.0,15.0,,,8.0,13.0,,,11.0,0.0,0.6,40
41,,,,,,,,,,,,,0.0,,2.0,2.0,,,,,,,3.0,0.0,5.0,,0.0,3.0,,,,4.0,5.0,,,0.0,4.0,,,,,,,,,,,,,,,,,,,2.0,0.0,,7.0,,,,,,0.0,0.0,6.0,,,,,,,,,,,,,,0.0,,,,,0.0,1.0,,,0.0,,,0.4,41
42,,16.0,14.0,,7.0,,8.0,,,,9.0,,12.0,5.0,0.0,11.0,1.0,15.0,,13.0,0.0,,,,,,,5.0,15.0,15.0,,,,2.0,11.0,11.0,16.0,,7.0,,,,13.0,,3.0,,,,,,,0.0,,2.0,11.0,,12.0,,,,0.0,12.0,10.0,,,4.0,11.0,,6.0,,12.0,0.0,15.0,,0.0,,,16.0,9.0,,,,0.0,,16.0,16.0,0.0,0.0,,,,,0.6,42
43,,,,,,7.0,,,,,,,,,5.0,,0.0,0.0,,,1.0,0.0,,,,,,2.0,,,3.0,,,5.0,,,,,,,,,,,4.0,,,,,0.0,,0.0,,,,,5.0,5.0,0.0,0.0,,5.0,7.0,,0.0,6.0,,,0.0,,6.0,,,,,,,,2.0,6.0,,,,,,,,,,,,0.0,0.4,43
44,,,,0.0,,,,,,,,,,,,,1.0,,,,0.0,,0.0,0.0,1.0,2.0,,,,,,,,,,0.0,,,,,,,,,,0.0,,,,,,,,,,0.0,,,,0.0,,,,,,,,,,,,,,,,,,,,,,,,,0.0,,,,,,,,0.4,44
45,5.0,,,0.0,,5.0,4.0,8.0,,,,,,,,0.0,,,,3.0,7.0,,3.0,,,,6.0,,,,0.0,2.0,0.0,,6.0,0.0,,,6.0,,,2.0,,,5.0,,6.0,,7.0,,,,,,,8.0,,,,,,0.0,7.0,,,0.0,,4.0,0.0,8.0,6.0,,,,,0.0,4.0,,2.0,7.0,,3.0,,7.0,,0.0,1.0,3.0,,,,,0.6,45
46,,,3.0,,,,,,,,,,2.0,,,,,,0.0,0.0,3.0,,2.0,,,,,0.0,,,,1.0,,4.0,,,3.0,,2.0,,0.0,,4.0,,,,,,,,,,,4.0,,,3.0,2.0,0.0,,0.0,0.0,,,,,,,,0.0,,,,,,0.0,,,,,0.0,,,,,,,,,,,,0.5,46
47,4.0,,6.0,,,,0.0,0.0,0.0,,10.0,,8.0,14.0,9.0,2.0,7.0,,,5.0,10.0,,3.0,0.0,,11.0,10.0,,,,,2.0,3.0,,,3.0,9.0,,10.0,,1.0,10.0,,6.0,10.0,,,,7.0,,,0.0,1.0,,,14.0,,7.0,,0.0,,6.0,,,,2.0,5.0,,13.0,,8.0,0.0,0.0,,,,10.0,,11.0,,0.0,12.0,7.0,9.0,,,,,,,,,0.6,47
48,0.0,,,,,,,7.0,,,,8.0,,,,,,,,,,,3.0,,,2.0,,,,,1.0,5.0,4.0,,0.0,,,,,,,,,,,,,,0.0,,,0.0,,,,,,,,,,,,,0.0,8.0,,,0.0,,0.0,,1.0,,,,,4.0,6.0,1.0,,0.0,,6.0,,,,5.0,,,,0.0,0.4,48
49,,,,,,0.0,,,,,,,0.0,,,,,,0.0,1.0,,,,,,,,,,,,,,,,,0.0,,,,0.0,,0.0,,,0.0,,,,0.0,,,,,0.0,,,,,,,,,,,,,,,0.0,,,,,,,,,,,,,,,,,,,,,,,0.6,49
50,8.0,,0.0,,0.0,0.0,15.0,5.0,,,13.0,0.0,11.0,,15.0,,10.0,8.0,,12.0,7.0,,0.0,,,6.0,16.0,11.0,22.0,9.0,19.0,2.0,9.0,0.0,,13.0,21.0,,10.0,17.0,11.0,17.0,20.0,20.0,,,,22.0,0.0,,,5.0,6.0,,1.0,5.0,18.0,,,16.0,,21.0,,6.0,,1.0,17.0,,14.0,,0.0,0.0,2.0,,,5.0,,,21.0,3.0,,11.0,,8.0,,,19.0,8.0,,,4.0,,0.4,50
51,,,,,,,,,,,,,,,,,0.0,,,,,0.0,,,,,,,0.0,,,,,,,,,0.0,,,,,,,,,,,,,,,0.0,,,,,0.0,,,0.0,,,,,,,,,0.0,,,,0.0,,,,,,,,,,,,,,,,,,,0.6,51
52,17.0,,11.0,,16.0,,8.0,14.0,10.0,,9.0,0.0,6.0,0.0,19.0,,15.0,,,7.0,15.0,,4.0,0.0,,14.0,,1.0,0.0,,,3.0,0.0,17.0,12.0,4.0,16.0,,2.0,,,8.0,3.0,,18.0,14.0,16.0,10.0,13.0,13.0,,7.0,1.0,,,18.0,10.0,,,,14.0,10.0,,,,15.0,13.0,11.0,,0.0,,,19.0,,,,,,,19.0,,,5.0,7.0,,,0.0,,,,,0.0,0.5,52
53,,,,,,,,,,,,,0.0,,,,,,,5.0,,,0.0,4.0,,0.0,,,,0.0,,1.0,,,,,,0.0,,,,2.0,,,,,3.0,,0.0,,,,,,,4.0,,4.0,0.0,,,0.0,3.0,0.0,,2.0,,5.0,,3.0,5.0,,,,,,,,4.0,3.0,,,,,,,,,0.0,,,,0.5,53
54,,,0.0,,,,0.0,0.0,,0.0,,,,,,0.0,,0.0,,,,,,0.0,,,,,,,,,,,,,,,,,,,,,,,,,,,,,,,,,0.0,,,,,,,,0.0,,,,,0.0,,,,,,,,,,,,,,,,,,,,,,,0.5,54
55,16.0,,2.0,,,,12.0,3.0,,,12.0,16.0,,,15.0,17.0,13.0,18.0,18.0,16.0,12.0,,15.0,19.0,5.0,12.0,0.0,,19.0,0.0,17.0,14.0,12.0,0.0,,,,0.0,,0.0,8.0,1.0,,,,6.0,,,5.0,,,,,,2.0,0.0,,8.0,,15.0,,0.0,2.0,17.0,20.0,1.0,,18.0,13.0,,14.0,,0.0,,,,10.0,0.0,7.0,,,,,9.0,4.0,,,,11.0,,,0.0,0.5,55
56,1.0,,,,,,,,,,,,,,0.0,0.0,,,,,,,0.0,,,,,,,,,1.0,1.0,1.0,0.0,,,,,,,,,,,,,,,,,,,,,0.0,,0.0,,,,,,,0.0,,,,,,,,,,,,,,,,,,,,,0.0,,0.0,,,0.0,,0.5,56
57,2.0,,,,,0.0,,2.0,,,,,,,,2.0,,,,,,,0.0,,,3.0,1.0,,,,,1.0,3.0,,,,,0.0,,,0.0,,,,,,,,,,,,,,,,0.0,,,,,,,,,,,2.0,,,,,0.0,,,2.0,,,,0.0,,0.0,,,,,0.0,,,,,,0.6,57
58,,,,,,,,,,,,,,,0.0,,3.0,,,1.0,4.0,0.0,,0.0,,0.0,,,,,,,0.0,0.0,,0.0,,,,,,5.0,,,,,,,2.0,,,,,,,,,,,,,,,,,,,,,,,,,,,,,,,,,,,,,,,,,,0.0,,0.4,58
59,0.0,,,,,,,,,,,,,,,,,,,,,,,0.0,,,,,,,,,,,,,,,,,,,,,0.0,,,,,0.0,,,,0.0,,,,0.0,,,,,,,0.0,,,0.0,,,,,,,,,,0.0,,0.0,,,,,,,,,,,,,0.5,59
60,,,,,,,,,,,0.0,,,,,0.0,,0.0,,,,,,,,,,,,,,,,0.0,0.0,,,,,,,,,,,,,,,,,,,,,,,,,,,,,,,0.0,,,,,0.0,,0.0,,,,,0.0,,,,,,,,,,0.0,,,,,0.5,60
61,,,,,6.0,,,,7.0,,,,,,1.0,,0.0,,0.0,,,,,3.0,,,,2.0,3.0,,,,,4.0,0.0,,,,,,,5.0,0.0,,1.0,0.0,,0.0,,4.0,,0.0,5.0,,,2.0,3.0,1.0,,,,3.0,,,,0.0,,,,0.0,,,,,,,,,,,,,,,,,4.0,,,,,,0.6,61
62,,,,,,3.0,,11.0,,0.0,11.0,0.0,,,,,,0.0,0.0,6.0,10.0,,,,0.0,9.0,,,,,0.0,,,,,,,,,10.0,,,,,,0.0,,,,,,,,0.0,8.0,,,,0.0,,,,,,,,4.0,3.0,,,,5.0,,,,,,1.0,,7.0,,0.0,,,2.0,,,,,,9.0,,0.6,62
63,0.0,,,,,,,,3.0,,,0.0,,,,,,0.0,,,,,5.0,,,,,4.0,,,,,0.0,,,,,,,,,,,,0.0,,,,1.0,,,,,,5.0,,,,,,,,,,,6.0,,,,,0.0,,,,,,1.0,,0.0,,,,0.0,2.0,,,,0.0,,,,0.0,0.4,63
64,6.0,,,,,,,9.0,0.0,,0.0,,,,,,6.0,,,4.0,8.0,,2.0,,,3.0,,,7.0,,,0.0,6.0,,0.0,,,,0.0,,,8.0,4.0,,,,,,0.0,,,0.0,3.0,,0.0,,,,,,,,,,,,,,0.0,7.0,,,1.0,,,,,,5.0,,,,,4.0,,0.0,1.0,,,,,,0.4,64
65,,0.0,,,,,0.0,,,0.0,,,,,,,,,,,1.0,,,,,,,,,,,,,,,,,,,,0.0,,,,,,0.0,,,,,,,,,,0.0,,,,,,,0.0,,1.0,,,,,,0.0,,,,,,,,0.0,,,,,,0.0,,,,,,,0.6,65
66,24.0,,13.0,,18.0,19.0,7.0,8.0,,,19.0,18.0,15.0,10.0,5.0,16.0,1.0,,,18.0,0.0,0.0,24.0,11.0,,7.0,,4.0,15.0,,24.0,16.0,11.0,7.0,,1.0,22.0,,23.0,22.0,8.0,15.0,,21.0,12.0,2.0,,20.0,9.0,19.0,24.0,0.0,14.0,3.0,14.0,8.0,25.0,,,26.0,0.0,17.0,22.0,,20.0,22.0,,,21.0,,21.0,,22.0,,0.0,,21.0,0.0,23.0,0.0,,23.0,6.0,3.0,,,,4.0,,,0.0,,0.4,66
67,2.0,,,,,,11.0,0.0,,0.0,,2.0,3.0,,,,,,,12.0,,,0.0,,11.0,5.0,9.0,,,,6.0,2.0,1.0,,,0.0,6.0,,,,,8.0,,,,7.0,,,4.0,,,9.0,,0.0,,2.0,,,,,,,,,,9.0,10.0,0.0,9.0,0.0,10.0,,,,0.0,,,,12.0,,,,,3.0,4.0,,,,,0.0,,0.0,0.5,67
68,,,,,,,,,,,,,0.0,,3.0,,1.0,,,1.0,,,,0.0,0.0,,,,0.0,,,,,,2.0,,0.0,,,0.0,,,,,,,,,,,,,,,,,,,,,,,,0.0,,,,,,,,,,,0.0,,,3.0,,0.0,,,,,0.0,,3.0,,,,,,0.6,68
69,1.0,,21.0,,,4.0,13.0,21.0,,0.0,,15.0,22.0,6.0,22.0,8.0,6.0,10.0,10.0,2.0,0.0,,0.0,,6.0,19.0,3.0,3.0,7.0,20.0,9.0,1.0,21.0,14.0,20.0,10.0,16.0,,4.0,,14.0,10.0,12.0,4.0,20.0,,18.0,,16.0,0.0,,,,,0.0,0.0,0.0,13.0,,2.0,8.0,,11.0,23.0,,11.0,,17.0,9.0,2.0,5.0,,,0.0,13.0,0.0,23.0,,6.0,10.0,,2.0,12.0,20.0,1.0,,16.0,19.0,,,0.0,,0.6,69
70,0.0,,,,,,,,,,,,,,,,,,,,,,,,0.0,,,,,,,,2.0,,,,,,,,,,,2.0,,,,,,,,2.0,0.0,,,,,2.0,,0.0,0.0,,,,,,1.0,,,,,,0.0,,,,,,0.0,,,,,,0.0,0.0,0.0,,,,,,0.6,70
71,,,,,,,,,,,,0.0,,,,,,,0.0,,,,,,,,,,,,0.0,,,0.0,,,,,0.0,,0.0,,,,,0.0,,,,,,,,,,0.0,,,,,,,,,,,,,,,,,,,,,,,,,0.0,,,,,,,,,,,,0.5,71
72,4.0,,,,,,,0.0,,,,,,,,,1.0,,,0.0,3.0,0.0,,,,,0.0,,,0.0,,,1.0,,,3.0,,,,,,,,,,,0.0,,3.0,,,,,,,5.0,,,,,,,,,,,,,,0.0,,,,,0.0,,,,,0.0,,,2.0,3.0,,,,,0.0,,2.0,,0.4,72
73,4.0,,,,,,2.0,,0.0,,0.0,,,,3.0,,0.0,,0.0,,,,0.0,,,,,5.0,,,2.0,1.0,5.0,,,,,,0.0,,5.0,4.0,,,2.0,,0.0,,,,,,,,,,,,,,,,,,,0.0,,0.0,2.0,,5.0,0.0,,,,,,,3.0,,,4.0,,,,,,,,,,,0.6,73
74,,,,,0.0,,,,,0.0,,0.0,,,,,,,,,,,,,,,,,0.0,,0.0,,,,,,,0.0,,,,,,,,,,,,,,,,,,,,,,,,,0.0,,,,,1.0,1.0,,,,,0.0,,,,,,,,,,,,,,,,,,0.0,0.6,74
75,,,,,,,,1.0,0.0,,,,,,,,,,,0.0,,,,,,,0.0,,,,,,,,0.0,,,,,,,,,,,,,,,,,,,,,0.0,,,,,,,,,0.0,,,,,,0.0,0.0,,,,,,,,,,0.0,,,,,,,,,,,0.4,75
76,0.0,0.0,,,,,,0.0,,,,,,,,0.0,,,,,,,,,,,0.0,,,,,,,0.0,,,,,,,0.0,,0.0,,,,,,,,,,,,,,,,,,,,,,,,,,,,,,,,,,,,,0.0,,,,,,,,,,,,,0.5,76
77,,,,,,,,,,,,,,,,,,,,0.0,,,,,0.0,,,,,,,0.0,,,,,,0.0,,0.0,,,,,0.0,,,,,,,,,,,,,0.0,,,,,,,,,,,,,,,,,,,,,,,,,,,0.0,,,0.0,,,,,0.4,77
78,,,2.0,0.0,,,,,,,,,,4.0,2.0,,3.0,,,,0.0,,4.0,0.0,,,,,,0.0,,,,1.0,,,,,,,0.0,,,,,,,,,,,,,,0.0,1.0,0.0,,,,,,,,,1.0,,3.0,,0.0,4.0,,1.0,,,,,,0.0,,,,,,,,0.0,,,,,,0.5,78
79,,0.0,7.0,,,,,,6.0,,,,,,,,,,,5.0,0.0,,,0.0,,,,,,,2.0,,4.0,,,4.0,,,,,6.0,,,,1.0,,,,,,,,,,,,,,,,,0.0,,,,4.0,,0.0,,,,3.0,,,0.0,,,,,,,0.0,0.0,,,,,0.0,0.0,,,,0.5,79
80,,,,0.0,,,,,,,0.0,,,,,0.0,,,,,,,,0.0,,,,,,,,,,,,,,,0.0,,,,,,,,,0.0,,,0.0,,,,,,,,,,0.0,,,,,,,,,,,,,,,,,,,,,,,0.0,,,0.0,,,,,,0.4,80
81,,,,,,,,,,,,,,,,,,,,,,,,,,,,,,,,,,0.0,,,,,,,,,0.0,,,,0.0,,,0.0,,,,,,,0.0,,,,,,,,,0.0,,0.0,,,,,,,,0.0,,,,,,,,,,,,1.0,,,,,0.5,81
82,1.0,,14.0,0.0,,10.0,5.0,6.0,,,,,,,11.0,14.0,8.0,,,5.0,9.0,,2.0,,3.0,7.0,,0.0,,,,0.0,11.0,13.0,4.0,8.0,,,,,13.0,,0.0,,13.0,6.0,,7.0,2.0,8.0,11.0,,,,,14.0,5.0,,,,,,1.0,,,15.0,0.0,3.0,4.0,,11.0,12.0,9.0,12.0,,,11.0,0.0,0.0,2.0,0.0,,15.0,,2.0,,0.0,,,,5.0,15.0,0.6,82
83,0.0,,,0.0,,,,,0.0,,,,,,,,,,,,,,,0.0,,,,,,,,,,,,,0.0,,,0.0,0.0,,,,,,,,,,,,,,,,,,,,0.0,,,,,,,,,,,,,,,,,,,,,,0.0,,,,,,,,,,0.6,83
84,,,,,,,,,,,,,,,,,,,,,,,,,,,,,,,,,,0.0,,,,,,,,,0.0,,,,,,,,,,,,,,0.0,,,,,,,,0.0,,,,0.0,,,,,,0.0,,,0.0,0.0,,,,,,,0.0,,,,0.0,,,0.6,84
85,,,,,,,,,,,,,,0.0,,,,,,,,,,,,,,,,,,,0.0,,,,,0.0,,,,,,,,,,,,,,0.0,0.0,,,,,,0.0,,,,,,,,,,0.0,,,,,,,,,,,0.0,,,,0.0,,,,,,,,,0.6,85
86,,,7.0,,,,2.0,,1.0,0.0,3.0,,,,4.0,,1.0,,,3.0,0.0,,,6.0,,,,0.0,0.0,,0.0,,,,4.0,1.0,,,5.0,,0.0,,2.0,5.0,0.0,0.0,4.0,,,,,,,,,,4.0,0.0,,,,,,,,,,,,,,,,,,,0.0,,,,,,,,,,3.0,,,,,,0.4,86
87,,,,,,,0.0,,,0.0,,,,,,0.0,,,,1.0,,,,,,,,,,,,,,,,,,,,,,,0.0,,,,,,,,2.0,0.0,,,,,,,,0.0,0.0,0.0,,,,,,,,,,,,,,,,0.0,,,,,,,,,,,,,,,0.6,87
88,,,,,,,,,,,,,,,,,,,,,0.0,,,,,,,,,,,,0.0,,0.0,,,,,,,,,,,,,,0.0,0.0,,,,,,,,,,,,,0.0,,,,,,,0.0,,,1.0,,,0.0,,,,0.0,,,,,,,,,0.0,,,,0.4,88
89,2.0,8.0,12.0,,0.0,18.0,18.0,8.0,0.0,,21.0,10.0,6.0,6.0,12.0,22.0,11.0,1.0,7.0,0.0,3.0,,0.0,14.0,21.0,11.0,0.0,13.0,8.0,14.0,0.0,1.0,2.0,0.0,9.0,2.0,19.0,13.0,12.0,,20.0,2.0,4.0,0.0,9.0,7.0,24.0,,6.0,,,7.0,8.0,1.0,20.0,3.0,21.0,,0.0,,,23.0,18.0,,15.0,9.0,16.0,21.0,9.0,21.0,8.0,,5.0,,,,12.0,,14.0,,,17.0,0.0,24.0,20.0,,12.0,18.0,,,,,0.6,89
90,,,,,,,,1.0,,,,,,,,,,,0.0,,,,,,,,,,,0.0,,0.0,,,,,,0.0,,0.0,,,,,,,,,,,,,,,,,,,0.0,,,,,,,,,0.0,0.0,,,,,,0.0,,,,,,,,,,,,,,,,,0.0,0.5,90
91,,,0.0,,,,,,,,,,,,0.0,,,,,,,,,,,,,1.0,0.0,0.0,,,,,,,0.0,,,,1.0,,0.0,,,,0.0,2.0,,,0.0,,,,,,,,,,,,,,,,,,,,,,,,,,,,,,,,0.0,,,,,,,,,,0.6,91
92,,,,,,,,,,,,0.0,,,,0.0,,,0.0,,,,,,,,,,0.0,,,,,,,,,,,,,,0.0,,,,,,,,,,,,,,,,0.0,,,,,,,,,0.0,,,0.0,,,,,,,,0.0,,,,,,,,,,,,,,0.6,92
93,,,,,0.0,,,,,,,,,,,,,,,,,,,,0.0,6.0,,,,,,,,,,,,0.0,,,,,,,,,,,0.0,,,4.0,0.0,,,7.0,,,,,,2.0,,3.0,,1.0,,,,,,,,,,,,0.0,,0.0,,,,5.0,2.0,0.0,,,,,,0.0,0.5,93
94,,,,,,,,,,,,,,5.0,4.0,,1.0,,,0.0,,,0.0,,,,2.0,3.0,,,,1.0,,,,3.0,,,0.0,,,,,,5.0,,,,,,0.0,,,,,,0.0,,,0.0,,,4.0,,0.0,,,0.0,,4.0,,,,,,,,,,,0.0,,0.0,,,,,,,,,,0.6,94
95,2.0,23.0,0.0,,,0.0,2.0,12.0,15.0,,5.0,14.0,19.0,11.0,21.0,13.0,20.0,15.0,20.0,0.0,0.0,,0.0,,,10.0,7.0,21.0,,7.0,19.0,1.0,1.0,22.0,,2.0,0.0,,17.0,,15.0,0.0,23.0,4.0,17.0,20.0,1.0,18.0,8.0,,,16.0,20.0,,22.0,6.0,21.0,2.0,3.0,,4.0,,0.0,13.0,,24.0,,2.0,1.0,17.0,16.0,14.0,9.0,,,,3.0,,3.0,2.0,,6.0,3.0,13.0,,,,0.0,,,4.0,,0.6,95
96,,,0.0,,,,0.0,,,,,,,,,,,,,,,,,,,,,,,,,,,,,,,,0.0,,1.0,,,,,,,,,,,,,,0.0,,,,,,,0.0,0.0,,,,0.0,,,,,,,0.0,,,,,,,,,,,0.0,,,,,,0.0,,0.4,96
97,,,,,0.0,,,,8.0,,,,2.0,3.0,8.0,,6.0,,,1.0,4.0,,,,,,,7.0,0.0,,,,,,,0.0,,,6.0,,,6.0,,3.0,7.0,,,,,,,0.0,,0.0,,,7.0,,,,,,,,,,,,,0.0,,0.0,,,,,,,,,,5.0,0.0,,,6.0,,,,,0.0,,0.6,97
98,,,,,,,,,,,,,,1.0,,,,,,,,,,,,,,,,1.0,,,,,,,,,0.0,,,,0.0,,,,,,,,,,0.0,,,,,,,,,,,0.0,,0.0,,,0.0,,,0.0,,,,,,,,,,,,,,,,,,0.0,0.0,0.0,0.6,98
99,10.0,0.0,5.0,,11.0,10.0,,7.0,,,13.0,,3.0,14.0,,5.0,10.0,,,6.0,7.0,,7.0,12.0,,11.0,10.0,2.0,,,,6.0,14.0,,,0.0,1.0,13.0,13.0,,0.0,14.0,,,9.0,,,,8.0,10.0,,12.0,0.0,,11.0,12.0,5.0,0.0,,14.0,,,,,,4.0,,,0.0,0.0,13.0,,4.0,0.0,,,,,1.0,,,,0.0,,,,,,,,,,0.5,99
100,,,,,,,,,0.0,,0.0,,,,,,,,,,,,,,0.0,,,,,,,,,,,,,,,,,,,,,,,,0.0,,,,0.0,0.0,,,,,,,,,,,,,0.0,0.0,,,,,,,,,,,,0.0,,,,,,,,0.0,,,,,0.4,100
101,,,2.0,,0.0,1.0,,5.0,,0.0,,0.0,,,1.0,,6.0,,,,1.0,,,,,6.0,1.0,,,,2.0,,,,,,,,,,0.0,,,,1.0,,,,,,,,,,2.0,,,,,,,,6.0,0.0,,,,,4.0,,0.0,,3.0,,,0.0,,0.0,,,,0.0,,,,,,0.0,,,,,0.5,101
102,0.0,,,,,,,0.0,,,,,,,,,,,,,,,3.0,,,,3.0,,,,,1.0,,,,,,,,,,,,,,0.0,,,,,,,,,1.0,,,,,,,,,,,,0.0,,2.0,,,,0.0,0.0,,,,,0.0,0.0,,,,,,,,,,,1.0,,0.4,102
103,5.0,,8.0,,,6.0,13.0,0.0,13.0,,,10.0,,,,,15.0,,,0.0,,0.0,3.0,0.0,,9.0,9.0,,0.0,,,2.0,6.0,,,,,,,8.0,13.0,7.0,,,,16.0,12.0,3.0,3.0,,4.0,,,,4.0,0.0,,0.0,3.0,,,7.0,13.0,,,13.0,6.0,4.0,,7.0,0.0,,1.0,0.0,15.0,14.0,,12.0,17.0,4.0,18.0,,,3.0,,,,,11.0,,5.0,0.0,0.5,103
104,6.0,,6.0,,,,7.0,1.0,0.0,7.0,,,,0.0,0.0,,13.0,8.0,,2.0,14.0,,10.0,3.0,15.0,0.0,,,,,,8.0,5.0,,,7.0,,,0.0,,,2.0,,13.0,6.0,15.0,,,2.0,7.0,,12.0,5.0,,,4.0,,,,,0.0,,15.0,7.0,,0.0,,6.0,4.0,0.0,3.0,,,,,,,,9.0,,,,4.0,3.0,11.0,,,,0.0,0.0,,,0.5,104
105,,0.0,,,,,,,,,,,,,,,,,,,,,0.0,,,,,,,,,,0.0,,,,0.0,,,,,,,,,0.0,,,0.0,,,,,,,,,,,,,,,,0.0,,,,,,,,1.0,0.0,,,,,,,,,,,,,,,,,,,0.4,105
106,4.0,7.0,0.0,,,12.0,,7.0,11.0,,9.0,10.0,7.0,,,9.0,14.0,,,0.0,0.0,,5.0,,,0.0,8.0,14.0,12.0,8.0,2.0,3.0,8.0,9.0,9.0,5.0,,,,0.0,,5.0,5.0,,,10.0,,,3.0,1.0,,1.0,0.0,,15.0,11.0,16.0,,,15.0,,,6.0,0.0,,2.0,,15.0,13.0,,6.0,8.0,5.0,,0.0,,,7.0,9.0,6.0,,1.0,,0.0,,,8.0,14.0,,,0.0,,0.6,106
107,,,,,,,,,,,,,,,0.0,,0.0,,,,,,,,,,,,,,,,,,0.0,,,,0.0,,,,,,,,,,0.0,,,,,,,,,,,,,,0.0,,,2.0,,,,,0.0,,,,,0.0,,,2.0,0.0,,,,1.0,,,2.0,,,0.0,,,0.6,107
108,,,,,,,0.0,,,0.0,,,,,,,,0.0,,,,,,0.0,,,,,,,,,,,,,,,,,,,,,,,,,,,0.0,,,0.0,,,,,,,,,,,,0.0,,,,,,,,,,0.0,,,,,,,0.0,,,,0.0,,,,,,0.5,108
109,,,,,0.0,,0.0,,,,,,,0.0,,0.0,,,,,,,,,,,,,,,,,,0.0,,1.0,,,,,,,0.0,,,,,,,,,0.0,,,,,,0.0,,,,,1.0,0.0,,,,,,,,,,,,0.0,,,,,,,,,,,,,,,,,0.6,109
110,0.0,,,,,,,,0.0,,,,,,,0.0,,,,,,,,,,,,,,,,,,,,,,,,,,,,,,,,0.0,,,,,,,,,,,,,,0.0,,,,,,,,,0.0,,,,,,,,,,0.0,,,,,,,,,0.0,,,0.4,110
111,,,,,,,,,,2.0,,,,,,,,,,0.0,,,,,,,,,,,,,,,,,,,1.0,,0.0,0.0,,,3.0,,,,,,,,,,,,,,,,,,,,,,0.0,,,,,0.0,,,,,3.0,,,,,,0.0,,0.0,,0.0,,,,,,0.4,111
112,,,8.0,,,3.0,,,,,10.0,,10.0,8.0,8.0,1.0,7.0,,,5.0,0.0,,,,,,,2.0,,2.0,4.0,,,6.0,11.0,8.0,,,,0.0,0.0,0.0,0.0,0.0,0.0,1.0,,2.0,12.0,12.0,,8.0,5.0,,3.0,,4.0,,,,,12.0,9.0,,,0.0,,,,0.0,11.0,,,,,,,,12.0,4.0,,12.0,12.0,,,,6.0,,,,0.0,,0.4,112
113,,,0.0,,,,,0.0,,,,,,,,,,,,,,,0.0,0.0,,,,,,,,1.0,,,0.0,,,0.0,,,,,,,,,,0.0,,,,,,,,,,,,0.0,,,,,,,,,,,,,1.0,,0.0,,,,,,,,,,,,,,,,0.0,,0.5,113
114,,,,,,,,,,0.0,,,,5.0,0.0,,3.0,,,0.0,5.0,,,6.0,,,,6.0,,0.0,4.0,,,8.0,,0.0,,,0.0,,,8.0,,,2.0,,2.0,,,,,,7.0,,,,0.0,,,,,,9.0,,,,,,1.0,,,,,,0.0,,,,4.0,8.0,,8.0,0.0,,,,,,,,,,0.6,114
115,4.0,,6.0,,,10.0,0.0,11.0,,,,,,,0.0,,0.0,,0.0,,,,1.0,3.0,,8.0,7.0,,,12.0,,0.0,0.0,,,,,,,,,0.0,,,,9.0,0.0,,7.0,,,,,,6.0,,,,,,,,0.0,,,10.0,,,5.0,,4.0,,3.0,,,,,8.0,2.0,3.0,9.0,,,3.0,,,,,,,,0.0,0.6,115
116,,0.0,0.0,,,,,,6.0,,2.0,4.0,,,,,,,,,,,1.0,,0.0,6.0,,,,7.0,5.0,0.0,4.0,,,,,,4.0,,3.0,,0.0,,,,0.0,,4.0,0.0,,,,0.0,,,,,,0.0,,,,1.0,,,4.0,8.0,,,,,,,,0.0,,,6.0,,,,,5.0,2.0,,,,,,,,0.5,116
117,,,7.0,,,15.0,9.0,15.0,,5.0,1.0,0.0,9.0,,6.0,10.0,5.0,,,0.0,4.0,16.0,14.0,7.0,4.0,7.0,0.0,0.0,,12.0,3.0,15.0,13.0,10.0,,5.0,,,11.0,10.0,10.0,0.0,,,3.0,13.0,,,8.0,9.0,,,,,2.0,,8.0,,,,,17.0,,4.0,17.0,8.0,0.0,12.0,5.0,,2.0,8.0,15.0,13.0,,,5.0,16.0,8.0,3.0,0.0,0.0,11.0,17.0,3.0,10.0,,0.0,,,10.0,,0.6,117
118,0.0,,0.0,,,,,,0.0,0.0,,,,,,,,,,,,,,,,,,0.0,0.0,,,,,,,,,,,,,,,0.0,,,,0.0,,,,,,,,,,0.0,,,,,,,,,,,,,,,,,,,,,,,0.0,,,,,,,,,,,,0.4,118
119,,,,,,,0.0,,,,,,,,,,,,,,,,,,,,0.0,,,,,,,,0.0,,0.0,,,0.0,,,,,0.0,,,,,,,,,,0.0,,,,,,,,,,,,0.0,,,,,,1.0,,,,,,,,,,,,,,,,,0.0,,,0.6,119
120,0.0,,,,,,,,,,0.0,,,,,,,,,,,,,0.0,,,,,,,0.0,,,,,,,,,0.0,,,,,0.0,,,0.0,,0.0,,,,,,,0.0,,,,,,,,,,,,,,,,,,,,,,,,,,,,0.0,,,,,,,,0.4,120
121,,,,,,,,1.0,0.0,,,,,,,,,,,,,,,,,,,,,,,,,,0.0,,,,,,,,,,,,0.0,,,,,,0.0,,,,,,,,0.0,,,,,0.0,0.0,,,,,,,,,,,,,,,,,0.0,,0.0,,,,,,,0.6,121
122,,,,,,,,,,,0.0,,,,,0.0,0.0,,,,,,,,,,0.0,,,,,,,,,,,,,,,,,,,,,,,,,,,,0.0,,,,,0.0,,,0.0,,,,,,,,,,,,,,0.0,,,0.0,,,,,,,,,,,,,0.6,122
123,2.0,,,,17.0,9.0,,14.0,18.0,,,1.0,,,,,,0.0,,9.0,,6.0,3.0,,9.0,0.0,10.0,,,10.0,5.0,6.0,0.0,,9.0,16.0,,,,,,5.0,15.0,,,4.0,0.0,0.0,1.0,10.0,2.0,,,,11.0,8.0,,0.0,,4.0,5.0,12.0,9.0,15.0,,11.0,0.0,7.0,11.0,,,12.0,13.0,0.0,,18.0,13.0,,17.0,8.0,,10.0,,0.0,8.0,,0.0,15.0,,,9.0,,0.6,123
124,,,,,,,,0.0,,,,,,,,,,0.0,,1.0,0.0,1.0,,,,,,,0.0,,4.0,,,,,3.0,,,2.0,,,0.0,,,,,,,,,,,,,,,,,,,,,,,0.0,,0.0,,3.0,,,,,,,,,,0.0,,,,,,,,,,,,,,0.6,124
125,,,,,,,,,,,,,,,,,,,,,,,,,,,,,,0.0,,,,,,,,0.0,,1.0,,1.0,,0.0,,,,,,,,,,,,,,,,0.0,,0.0,,,0.0,,,0.0,,,,,,,,,1.0,0.0,,,,,,,,,0.0,0.0,,,,,0.5,125
126,,0.0,,0.0,,,,,,,1.0,4.0,,,,,,,,,3.0,,,,,,,2.0,,,,,,,0.0,,,,,,,,,,,,,,,,,,,,0.0,,,,,,,,,,,,,,0.0,,,,,0.0,0.0,,,0.0,,,0.0,0.0,,,,,1.0,,,,,,0.6,126
127,,,,,,,,,,0.0,,,,,,,,,,,,,,0.0,,,,0.0,,0.0,,,,,,,0.0,,,0.0,,,,,,,,,,,,,,,,0.0,,,,,0.0,,,,,,,0.0,,,,,,0.0,,,,,,,,,,,,,,,,,,,0.5,127
128,,,,,,,,,,,0.0,,,,,,0.0,,,,,0.0,,,,,,,,,,,,,0.0,,,,,,,,,,,,,,,,,,,,,,,0.0,,,,,,,,,,,,,,,,,,0.0,,,,,,,0.0,0.0,0.0,,,,,,,,0.6,128
129,,,,,,,,,,,,,,0.0,,,,,,,,,,,,,,,,,,,,0.0,,,,,,,0.0,,,,,,,,,,,,,,0.0,,,,,,,,0.0,,0.0,,,,,,,,,0.0,,,,,,,,,,,,0.0,0.0,,,,,,0.4,129
130,,,,,,,,,,2.0,0.0,,,,1.0,,0.0,,3.0,,,,,,,0.0,,,,0.0,,,,,,,,,,,,,4.0,,,0.0,,,1.0,,,,,,,,,,0.0,,0.0,,,,,,,,,,,,,,,0.0,,,,4.0,,0.0,,2.0,,,,,,,3.0,,0.5,130
131,,0.0,,,,,,,,,,,3.0,,,,,,,1.0,,,2.0,,0.0,0.0,,,,0.0,,0.0,0.0,,,,,,,,,2.0,0.0,,3.0,,,,,,,,,,,0.0,,4.0,,,,,,4.0,,1.0,,,,,,,,,,,0.0,,,,,,0.0,5.0,1.0,,,4.0,,,,,0.6,131
132,,,,,,,,,,,,,,,,,,,0.0,2.0,,0.0,,,,,,,,,4.0,,,,0.0,,,,3.0,,,1.0,0.0,,,,,,,,0.0,,,0.0,,,,,0.0,,,,,,,,,,,,,,,,,,,,,,,0.0,,,,,,,0.0,,0.0,,0.5,132
133,,0.0,,,,,,,0.0,,,,,,,,,,,,,,,,,,,,1.0,,,,,0.0,0.0,,,,,,,,,,,,,,,,,,0.0,,0.0,,0.0,,,,,,,0.0,,,,,,,0.0,,,,,,,,,,,,,,,0.0,,,,,,,0.5,133
134,4.0,12.0,4.0,,9.0,0.0,10.0,10.0,,2.0,8.0,12.0,6.0,10.0,12.0,0.0,11.0,,11.0,1.0,3.0,,0.0,,7.0,7.0,1.0,,,10.0,12.0,1.0,8.0,12.0,,0.0,,,0.0,13.0,8.0,7.0,,,14.0,,11.0,,6.0,,0.0,,,,7.0,0.0,,,,1.0,,14.0,5.0,,,7.0,8.0,10.0,,5.0,,,9.0,,,,,,,,0.0,,2.0,5.0,0.0,,,,,,,,0.6,134
135,1.0,,,,,,,,,,,,0.0,,,,1.0,,,,,,0.0,,,0.0,,1.0,,,,0.0,,,,,,,,,,,,,,,,,,,,,,,,,0.0,,,0.0,,,0.0,,,,,,,0.0,,,,,,0.0,,,,,,,,,,,,,,,,0.0,0.4,135
136,,,,,,0.0,,,,,0.0,,,,,,,,,,,,,,,,,,,,,0.0,,,,,,,,,,,0.0,,,,,,,,,,,,0.0,,,,,,,,0.0,0.0,,,,,,,,,,0.0,0.0,,,,,,,,,,,0.0,,,,,,,0.5,136
137,5.0,0.0,,,,,,,,,,2.0,9.0,,10.0,,5.0,,,0.0,1.0,,0.0,0.0,,4.0,,,,,8.0,1.0,8.0,,,2.0,,,0.0,,,1.0,,,,,,,6.0,,7.0,,,,0.0,0.0,,,10.0,,,,3.0,,,,,,4.0,10.0,7.0,,,,,0.0,,0.0,0.0,5.0,,,,,,,,,,,,,0.6,137
138,,,,,,,,,,,,,,,,,,,,,,,,,,0.0,0.0,,,,,,0.0,,0.0,,,,,0.0,,,,,,,,,,,,,,,,,,,,,,,0.0,,,,,,,0.0,,,0.0,0.0,,,,,,,,,,,,,,,,,,,0.6,138
139,,0.0,,,0.0,,,,,2.0,,,0.0,,5.0,,4.0,,,,0.0,,,,4.0,,,4.0,,,0.0,,,6.0,,,,,,,,,,,,,,,,,,,,,,,,1.0,2.0,,,,,6.0,,0.0,2.0,,,0.0,,,,,,,,1.0,,0.0,0.0,,,,3.0,,,,,,,,0.4,139
140,1.0,,,,,,,,,,,,,,,,,,,,,0.0,0.0,0.0,,,,,,,2.0,1.0,0.0,,,0.0,,,0.0,,,,,,1.0,,,,,,,,,,,,,0.0,,0.0,2.0,,,,,,,,,,,,,,,,,0.0,,,0.0,,,,,,,,,,,,0.4,140
141,,,,,,,,,,,,,0.0,,,,,,,,,,,,,0.0,,,,,,,,,,,,,,,,,,0.0,,,,,0.0,0.0,,,,,,,0.0,,,,,,,,,0.0,0.0,0.0,,,,,,,,,,,,0.0,,,,,,,,,,,,,0.6,141
142,10.0,,,,,,,5.0,10.0,,,,0.0,0.0,9.0,11.0,6.0,10.0,,4.0,2.0,0.0,13.0,13.0,,12.0,0.0,0.0,1.0,,,11.0,13.0,3.0,0.0,13.0,,8.0,8.0,,,5.0,,,7.0,0.0,,3.0,8.0,0.0,,,3.0,,,,8.0,,,,,4.0,14.0,,,8.0,,,,0.0,,,4.0,,,,,,,,0.0,,,12.0,,,5.0,,,,,,0.5,142
143,,,,,,,,,,,,,,,,,,0.0,,,,,,,,0.0,,,,,2.0,,,0.0,0.0,,,,,,,3.0,,,,,,0.0,,,,,,,,,,,0.0,,,,2.0,,,,,,3.0,,1.0,0.0,,,,,,,0.0,,,,0.0,,,,,,,,0.0,,0.6,143
144,,,,0.0,,,,,,,,,,,,,,,,,,,,,,,,,,,,,,,0.0,,,0.0,0.0,,,,,,,,,,,,,,,,,,,,,,0.0,,,,,,,,,,,,,,0.0,,,,,,0.0,0.0,,,,0.0,,,0.0,,,,0.4,144
145,,,,,,,,,0.0,,,,,,,,,,0.0,,,,,,,,,,,,,,0.0,0.0,,,,0.0,,,,,,,,,,,,,,,,0.0,,,,,,,,,,,,,,,,0.0,,,,,,,,,,,,,,,,,0.0,0.0,,,0.0,,0.5,145
146,,0.0,,,0.0,,,,,0.0,,,,0.0,,,,,,,,,,,,,0.0,0.0,0.0,,,,,,,,,,,0.0,,,,,,,,,,,,,,,,,,,,,,,,,,,,,,,,,,0.0,,,,,,,,0.0,,,,,,,,,,,0.6,146
147,3.0,,,,,9.0,,7.0,,,,0.0,,5.0,13.0,,12.0,0.0,15.0,,,,4.0,0.0,,0.0,,,,0.0,0.0,5.0,8.0,16.0,16.0,16.0,,,15.0,,,,,10.0,,,,,2.0,,,,17.0,,13.0,10.0,,,,19.0,,,7.0,,,18.0,,,4.0,12.0,8.0,,8.0,0.0,,,,12.0,2.0,18.0,,6.0,1.0,14.0,,,0.0,,,0.0,11.0,,0.6,147
148,,,14.0,,,15.0,,11.0,15.0,,1.0,,18.0,12.0,16.0,,14.0,,,0.0,3.0,6.0,13.0,,1.0,13.0,,7.0,5.0,,8.0,12.0,13.0,,0.0,4.0,,,0.0,11.0,9.0,2.0,3.0,14.0,16.0,16.0,,15.0,13.0,3.0,,0.0,2.0,,12.0,16.0,11.0,15.0,,,,,6.0,,19.0,8.0,8.0,14.0,2.0,0.0,3.0,13.0,12.0,0.0,,,6.0,9.0,0.0,18.0,,0.0,17.0,0.0,0.0,,,10.0,,20.0,19.0,,0.6,148
149,,0.0,,,,,,,,,,,,,0.0,,,,,,,,,0.0,,,,,0.0,,,,,,,,0.0,,,,0.0,,,0.0,,,,,,0.0,,,,,,,,,,,,,,,,0.0,,,,0.0,,,,,,,,,,,,,,,,,,,,,,,0.5,149
150,,,,,,,,,,,,,,,0.0,,,,,5.0,4.0,,2.0,0.0,,0.0,,0.0,0.0,0.0,,3.0,6.0,,,,,,,,,,,,,,,,1.0,0.0,0.0,,,,,,,3.0,0.0,,,,,,,,,,,,,,,,,,,,,,,,,4.0,,,,,,,,,0.4,150
151,,,,,,,,,,,,,,,,,,,,,,,,,0.0,,,,,,,,0.0,,0.0,,,,,,,,,,0.0,,,,,,0.0,,,,,,,,,,,,,,,,,,,,,0.0,,,0.0,0.0,,,,,,,,,,0.0,,,,,0.0,,0.4,151
152,0.0,,,,,,,,,,,0.0,,,,,,,,,,,,,0.0,0.0,,,,,,,,,,,,,,,,,,,,,,,,0.0,,,,,,,,,,0.0,0.0,,,,,,,,,,0.0,0.0,,,,,,,,,,,,,,,,,,,,,0.4,152
153,0.0,,,,,,0.0,0.0,,,,,,,,,,,,,,,1.0,,,,,,0.0,,,3.0,,,,0.0,2.0,,,,,,,,,,,,,,,,,,,,,,,,,,,,,,,,,,0.0,0.0,0.0,,0.0,,,,,,,,,,,3.0,3.0,,,0.0,,,0.4,153
154,5.0,,12.0,,,,18.0,5.0,1.0,,13.0,,13.0,,14.0,16.0,10.0,,,0.0,3.0,0.0,0.0,,,2.0,16.0,19.0,,,,3.0,5.0,11.0,,7.0,14.0,,7.0,,9.0,1.0,,0.0,4.0,11.0,,,1.0,,0.0,18.0,13.0,15.0,13.0,18.0,,,,8.0,,0.0,17.0,,,16.0,,12.0,,0.0,13.0,,6.0,0.0,,,13.0,,,,11.0,,,16.0,,0.0,,,,,,0.0,0.5,154
155,,,,0.0,,,,,,,,,,,,,,,,,,,,0.0,,,,,,,,,,,,,,,,,,,,,0.0,,,,,,,,0.0,,,,,,0.0,,,,,,,0.0,,,,0.0,,,,,,,,,,,,,,,,,0.0,,,,,,0.4,155
156,,,0.0,,,,,,,,0.0,,,,,,,,,,,,,,,,,,,,,,,,0.0,,,,,,,,,0.0,0.0,,,,,,,,,,,0.0,,,,,,,,0.0,,,,,,,,,,,,,0.0,,,,,0.0,,,,,,,,,,,0.4,156
157,,,2.0,,,,2.0,,,,,0.0,,1.0,,,,,,3.0,0.0,,1.0,,,,,1.0,,,,0.0,,0.0,,,,,1.0,,0.0,,,,,,,,,0.0,,0.0,,,,,2.0,,,,,,,,0.0,,0.0,,,,,,,,,,,,,,,,,,,0.0,,,,,,,0.4,157
158,,,,,,,,2.0,,,,,,,0.0,4.0,4.0,,0.0,,6.0,,5.0,,,,,,,0.0,,6.0,,,,,,,,,,0.0,,,5.0,0.0,,5.0,,,,,0.0,,1.0,,,,,,,,3.0,,,,,4.0,2.0,,,,0.0,,,,3.0,,0.0,5.0,,,,,,,0.0,,,,,,0.5,158
159,,,,,,,,,,,,0.0,0.0,,,,,,,,0.0,,,,,,,,,,,,,,,,,,,,0.0,,,,,,,,,,,,,,,,,,,,,,,,,,,0.0,,,,,,,,,,0.0,,,0.0,,,,,,0.0,,,,,0.0,0.4,159
160,,0.0,,,,,,,,,,,,,,,,,,,,,,,,0.0,0.0,,,,,,,,0.0,,,,,,0.0,,,,,,,0.0,1.0,,,,,,,,,,,0.0,,,,,,,,,,,,,0.0,,,,0.0,,,,0.0,,,,,,,,,,,,0.4,160
161,7.0,,9.0,,11.0,,,12.0,,,0.0,0.0,,13.0,1.0,13.0,0.0,,,5.0,17.0,,4.0,8.0,,16.0,,,,0.0,2.0,0.0,13.0,,,7.0,,,10.0,,,3.0,,0.0,6.0,12.0,1.0,,11.0,,,0.0,10.0,15.0,5.0,16.0,,,,,,6.0,3.0,11.0,,0.0,,0.0,2.0,1.0,4.0,,18.0,,,,13.0,,0.0,14.0,,10.0,11.0,16.0,,,,8.0,,17.0,,,0.6,161
162,,,,,,,,,,,,,,,,,,,,,,,,,,,,,,,,,,,,,,,,,,,,,,0.0,,,,,,,,,,,,,,0.0,,0.0,0.0,0.0,,,,,,,,,,,,0.0,,,,,,0.0,0.0,,,,0.0,,,,,,0.6,162
163,,,0.0,,,,,,,,,,,,0.0,,,,,,,,,,,,,,,,,,,,,,0.0,,,0.0,,,,,,,,,,,,0.0,,,,,,,,,,,,,,,,,,,,0.0,,,,,,,,,0.0,,,,0.0,,0.0,,,,,,0.5,163
164,,,0.0,,,,,,,,,,,,,,,,0.0,,,,,,0.0,,,0.0,,,,,,,,,,,,,,1.0,,,,,,,,,,0.0,0.0,,,,,,,,,,,,,,,,,,,,,0.0,,,0.0,,,,,0.0,,,,,,,,,,0.0,0.4,164
165,,,,,,0.0,,,,,,,,,,,,0.0,,,,,,,,,,,,0.0,,,,,0.0,,,,,,,,,,,,,,,,,,,,,,,0.0,0.0,,,,,,0.0,,,,,,,,,,,,,,,,,,,,0.0,,,,,0.0,,,0.4,165
166,,,,,,0.0,,,,,0.0,,,,,,,,,,1.0,,,,1.0,,,,,,,,,0.0,,,,,,,,,,,,,,,,,,,,,,,,0.0,,,,,,0.0,,,,,0.0,,1.0,,,,,,0.0,,,,,0.0,,,0.0,,,,,,,,0.5,166
167,,,,0.0,0.0,,,,,,0.0,,,,,,,,,,1.0,,,,,,,,,,,,,,,,,0.0,,,,,,,,,,,,,,,,,,,0.0,,,0.0,,,,,,0.0,,0.0,,,,0.0,,,,,,,,,,,,,,,,,,,,0.0,0.5,167
168,,,,,,0.0,,,,,,,,,,0.0,,,,,,,,,,,0.0,,,0.0,,,,,,,,,,,,,,,,0.0,,,,,,,,,,0.0,,0.0,,,,1.0,,,,,,,,,,0.0,,,,,,,,,,1.0,,,0.0,0.0,,,,,,,0.5,168
169,,,,0.0,,,3.0,,,,,,1.0,,2.0,,0.0,,,,3.0,,,,,,,,,,,,,0.0,,0.0,3.0,,1.0,,,,,,0.0,,,,,0.0,,,,0.0,,,,,0.0,,,,,,,,,,0.0,,,,,0.0,,,,,,,,,,,,,,,,,,,0.5,169
170,,,,,,,,,,,0.0,1.0,0.0,,,,,,,,,,,,0.0,,0.0,,0.0,,,,,,,1.0,0.0,,,0.0,,,,,0.0,,,,,,,,,,,,,,,,,,,,,,,,,,,,,,,,,0.0,,,,,,,,,,,,,0.0,,0.6,170
171,,,,,,,,,,0.0,,,0.0,,,,,,,,,,0.0,,,,,,,0.0,,,,,0.0,,,,,,,,,,,,,,0.0,,,,,,,,,,,,,0.0,,,,0.0,,,,,,,,,,,,,,,0.0,,,,,,0.0,,,,,,0.5,171
172,3.0,,9.0,,,20.0,4.0,13.0,21.0,20.0,12.0,,,,11.0,10.0,13.0,,,15.0,18.0,10.0,2.0,14.0,16.0,8.0,0.0,,10.0,,18.0,0.0,1.0,0.0,16.0,13.0,,,0.0,,5.0,0.0,,,5.0,21.0,16.0,,7.0,,,,,,6.0,9.0,,,,21.0,,12.0,6.0,13.0,,5.0,0.0,19.0,6.0,11.0,1.0,17.0,3.0,,,,7.0,20.0,0.0,0.0,,11.0,,9.0,14.0,13.0,0.0,11.0,,,9.0,,0.6,172
173,,,7.0,,10.0,,17.0,9.0,,,,15.0,17.0,0.0,11.0,,8.0,9.0,3.0,0.0,5.0,,,,16.0,20.0,,3.0,0.0,,19.0,,,,0.0,1.0,18.0,,2.0,,8.0,1.0,,,7.0,12.0,,,,1.0,13.0,0.0,2.0,,10.0,,9.0,0.0,,,,,,4.0,1.0,0.0,11.0,10.0,21.0,,,,,9.0,,0.0,3.0,,,14.0,,,6.0,,13.0,,0.0,,,0.0,,2.0,0.5,173
174,,,3.0,,,,,,0.0,,1.0,,,,,,,,,1.0,,,,0.0,,2.0,,,0.0,,,,,,2.0,2.0,,0.0,2.0,,,,0.0,,4.0,0.0,,,0.0,,,,,,,,,,,,,,,,,,,,0.0,,,,,,0.0,,,,,,,,,,,,0.0,,,,,,0.5,174
175,,0.0,,,,0.0,,0.0,,,,,,,,,,,,0.0,0.0,,,,,,,,0.0,,,,,,,,,,,,0.0,,,,,,,,,,,,,,,,,,,,,,,,,,,0.0,,0.0,,,,,,,,,,,,,,,0.0,,,,,,,,0.4,175
176,,,,,,,,,,,,0.0,2.0,,,0.0,,,,,,,,,0.0,,,,,,,,,,,,0.0,,,,,,,,,,,,,,,,,,,,,,,,,0.0,,,0.0,,,,0.0,,,,,,,,,,3.0,,,,,,1.0,,,,,,,0.0,0.4,176
177,,,,,,,,,,,,,,,,,,,,,,0.0,,,,,0.0,,,,,,,,,,0.0,,,,,,,,,,,,,0.0,,,,,,,,,,,,,,0.0,,,,,,,,,,,,,0.0,,0.0,,,0.0,,,,,,,,,,0.0,0.5,177
178,,,0.0,0.0,10.0,25.0,18.0,11.0,11.0,0.0,1.0,5.0,10.0,3.0,0.0,0.0,1.0,21.0,13.0,0.0,3.0,28.0,,8.0,,16.0,10.0,0.0,15.0,,13.0,,,9.0,13.0,1.0,27.0,,,1.0,5.0,2.0,21.0,5.0,4.0,12.0,0.0,19.0,15.0,15.0,17.0,23.0,6.0,,0.0,22.0,1.0,,,17.0,21.0,14.0,21.0,,,7.0,,15.0,16.0,28.0,25.0,,8.0,,,,24.0,,26.0,15.0,23.0,,7.0,20.0,,9.0,15.0,27.0,,,16.0,,0.6,178
179,,,,0.0,,,,,,,0.0,,0.0,,,,,,,,,,,0.0,,0.0,,,,,,,,,0.0,,0.0,,0.0,,,,,,,,,,,,,,,,,,,,,,0.0,,,,,,,,,,,,,,0.0,,,,,,,,,,,,,,,,,,0.5,179
180,,,,0.0,,0.0,,,,,,0.0,,,,,,,,,,,0.0,,,,,,,0.0,,1.0,,,,,,,0.0,,,,,,,,,,,0.0,,,,,,,,,,,,,,,,,,,,,,,,,,0.0,,,,,,,,,,,,0.0,,0.0,,,0.5,180
181,,0.0,,,,,,,,,,0.0,,,,,,,,,,,,,,,1.0,,,,,,,,0.0,,,,,,,,,,,,,,,,,,,,,0.0,,0.0,0.0,,,,,,,,,,1.0,,,,,,,,,,0.0,,,,,,,,,,,0.0,0.0,,0.5,181
182,,,0.0,,,,,,,,,,,,,,,,,,,,,0.0,0.0,,,,,,,,,,0.0,,,,,,1.0,1.0,,,1.0,,,,,,,,,,,,,,,,,0.0,0.0,0.0,,,,,,,,,0.0,,,,,,,,,,,,1.0,,,,0.0,0.0,,,0.5,182
183,,0.0,,,,0.0,,,,,,,0.0,,,,,,,,,,,0.0,,,,,,,,,,,,0.0,,0.0,,,,,,,0.0,,,,,,0.0,,,,,,,,,,,,,0.0,,,,,,,,,,,,1.0,,,,,,1.0,,,,,,0.0,,,,,0.5,183
184,,,,,0.0,,,,,0.0,5.0,,,,2.0,,0.0,,,1.0,,,5.0,0.0,0.0,5.0,,,,2.0,,6.0,,,,0.0,,,2.0,,,0.0,,,5.0,,0.0,,3.0,,,3.0,0.0,,,0.0,,,,,,,5.0,,,,,,,5.0,,,,,,,,,,,,,6.0,5.0,1.0,,,,4.0,,,,0.6,184
185,0.0,0.0,,,0.0,,,,,,,,,,,,,,0.0,,,,1.0,,,,,,,2.0,,4.0,,,,,,,,,,,,,,,,,,,,0.0,,3.0,,,,,,,,,0.0,,,0.0,,,,,0.0,,,,,0.0,,,3.0,,,,,,,,,,,0.0,,,0.4,185
186,0.0,,,,,,,0.0,,0.0,,,,0.0,,,,,,,,,,,,,,,,,0.0,,,,,,,,,0.0,,,,,,0.0,,,,,,,,,,,,,,,,,,,,,,,,,,,,,,,,0.0,,,,1.0,,,,,0.0,,,,0.0,,0.5,186
187,8.0,,,,6.0,,2.0,,,,0.0,,11.0,6.0,3.0,8.0,0.0,,,6.0,4.0,8.0,6.0,12.0,,0.0,,10.0,,,0.0,9.0,8.0,4.0,,7.0,,,4.0,,3.0,11.0,,3.0,7.0,,,,2.0,8.0,,,,,9.0,,,,,0.0,,,,,0.0,8.0,,,10.0,,,5.0,10.0,,,12.0,,10.0,9.0,0.0,,4.0,0.0,0.0,1.0,,,,,,3.0,,0.6,187
188,0.0,2.0,0.0,,,,,1.0,,,6.0,,,,2.0,,0.0,,0.0,,,,,1.0,,,,3.0,0.0,,,,1.0,,,,,,,,,,,,,,,,5.0,,,,,,,0.0,0.0,,0.0,,,,,,,0.0,,,5.0,7.0,,,,,,0.0,,,4.0,,,,,,,,,,,,,,0.6,188
189,,,,,,,,,,,,,1.0,,,,,,,0.0,1.0,,,,,0.0,,,0.0,,,,,,,0.0,1.0,,,,,,,,,,,,1.0,,,,,0.0,,,,,0.0,,,,,0.0,0.0,,,,,,,,,,,,,,1.0,0.0,,,,,,,,,,,,,0.4,189
190,,,8.0,0.0,,,0.0,,,,6.0,,0.0,,7.0,,3.0,,,2.0,0.0,12.0,,,,,2.0,7.0,,,8.0,,,,,1.0,5.0,0.0,,,6.0,11.0,,0.0,5.0,,,,,8.0,,,,,,,10.0,,,,,,,,,,,,2.0,,,0.0,,,,,,9.0,0.0,,,10.0,1.0,,,,4.0,0.0,0.0,,,,0.6,190
191,,0.0,,0.0,,,,,,,,,,,0.0,,,,,,,,,,0.0,,,,,,,,,,,,,,,,,,,,,,,,,0.0,,,0.0,,,,,,,,,,,,,,,,0.0,0.0,0.0,,,,,,,,,,,,,,,,,,,,,0.0,0.5,191
192,4.0,,,,,,,11.0,,,,,,,4.0,,1.0,,7.0,2.0,0.0,,3.0,,0.0,,5.0,,,,10.0,5.0,8.0,8.0,,,,,5.0,3.0,0.0,4.0,,9.0,4.0,,,,9.0,0.0,,,,,0.0,,,0.0,8.0,,6.0,7.0,0.0,,,9.0,10.0,8.0,6.0,,8.0,0.0,0.0,,,,,,8.0,,,,11.0,,4.0,,,,,0.0,,,0.6,192
193,11.0,,0.0,,15.0,14.0,5.0,2.0,13.0,,,3.0,,1.0,3.0,,0.0,5.0,14.0,2.0,8.0,,0.0,10.0,7.0,0.0,11.0,10.0,13.0,,,1.0,5.0,5.0,10.0,6.0,,,9.0,15.0,0.0,11.0,0.0,,7.0,,,12.0,5.0,9.0,,,,,,,16.0,,,,,14.0,8.0,,,10.0,4.0,9.0,14.0,13.0,,,0.0,0.0,,,3.0,,,16.0,,,13.0,7.0,0.0,,9.0,,,,,,0.6,193
194,,,,,,0.0,,,,,,,,,,,,,0.0,,,,0.0,,,,,,,,,0.0,,,,,,,,,,,,0.0,,,,,,,,,,,,,,,0.0,,0.0,,,,,,,,,,0.0,,0.0,,,,,,,,,,,,,,,0.0,,,,,0.5,194
195,,,,,,,,,,,,,,,,,,,0.0,,,0.0,,,,0.0,,,,,,,,,,0.0,,,,,,,,,,,,,0.0,,,,,,,,,,,,,0.0,,,,,,,,,,,,0.0,,0.0,,,,,,,,,,,,,,,,,0.5,195
196,0.0,,,,,,,,,,,,,,,0.0,,,0.0,,,,,,,,,,0.0,,,,0.0,,,,,,,0.0,,,,,,,,,,,,,,,,,,,,0.0,,,0.0,,,,0.0,,,,,,0.0,,,,,,,,,,,,,,,,,,,,0.4,196
197,,,,,,,,,,0.0,,,,,,,,0.0,,,,,,,,1.0,,,,,,,,,,2.0,0.0,,0.0,4.0,,,,,,3.0,,5.0,2.0,,,,,,,,,5.0,,,0.0,,,,,,,,5.0,,,,,,,,,,0.0,0.0,,,,0.0,,,,,,,4.0,,0.5,197
198,,,,,7.0,,0.0,,6.0,,,,3.0,1.0,,,7.0,,,5.0,4.0,,,,,,1.0,3.0,4.0,,,,,,,,,,2.0,,,,7.0,5.0,0.0,,,,,,,,,,,0.0,0.0,,0.0,,,,,,,,,,,,,0.0,,,0.0,,,,,,,,0.0,,,5.0,7.0,,,0.0,,,0.6,198
199,,,,,,,,,,,,,,0.0,,,,,0.0,,,,,,2.0,,,,,,,,0.0,,,,0.0,,,,,,,,,,,,,,,,,,,,,,0.0,,,,,,,,0.0,,,,,0.0,0.0,,,,,,,,,,0.0,,1.0,0.0,,,,,,,0.4,199
200,,,,,,1.0,,,,,,,,,0.0,,0.0,,,,,,,,,,0.0,,,,,,,2.0,,,,,,,,,0.0,,,,,,,,,,,,,0.0,,,,,,,,,,,,,0.0,,,,,,,,0.0,,,0.0,,,,,,,,,,0.0,,0.0,0.6,200
201,0.0,,8.0,,,7.0,,4.0,,0.0,7.0,,2.0,16.0,11.0,0.0,12.0,,,1.0,6.0,,1.0,16.0,,8.0,,,15.0,,10.0,4.0,11.0,,,0.0,13.0,,4.0,,,0.0,,,13.0,,,,5.0,,,,,,,,,,15.0,,0.0,5.0,,,,3.0,,,11.0,,3.0,15.0,8.0,,,,8.0,,14.0,5.0,0.0,9.0,3.0,11.0,,,,0.0,,,0.0,,0.4,201
202,,0.0,,,,,,0.0,,,,,,,,,,,,0.0,,,,0.0,,,,,,,,,,,,,,,,,0.0,0.0,,,,,,,,,,,,,,,,0.0,,,0.0,,,,,,,,,,,,,,,,0.0,,,,,,,,,,0.0,,,,,,0.4,202
203,,,,,,0.0,,,0.0,,0.0,,,0.0,,,,,0.0,2.0,,,,,,,,,,,,,,,,,,,,,,0.0,,,,,,1.0,0.0,,,,,,,,,,,,,,,,,,,,,,,,,,,,,,,,,0.0,,1.0,,,,1.0,0.0,,,,0.4,203
204,5.0,0.0,0.0,,11.0,,,4.0,0.0,,1.0,,,0.0,,6.0,6.0,,,6.0,11.0,,7.0,,,9.0,0.0,,11.0,,,9.0,,,,7.0,,,1.0,,2.0,8.0,,,0.0,,,,2.0,,,,,,0.0,,,,,,,,,,,0.0,,,,,,0.0,6.0,,,0.0,,,,,,,3.0,10.0,,8.0,,,,8.0,,,0.5,204
205,,,,,,,,,,,,,6.0,,2.0,,0.0,,,1.0,0.0,,,,,3.0,3.0,4.0,0.0,5.0,,,0.0,3.0,,,0.0,,,,,,,5.0,,,,,2.0,1.0,,5.0,,6.0,,,0.0,,0.0,,,,,0.0,,,0.0,,,,,,,,,,,,,,,,3.0,0.0,,,,,,,,,0.6,205
206,,,11.0,,,,,3.0,12.0,,12.0,,0.0,5.0,14.0,,14.0,,0.0,10.0,,0.0,,,3.0,,,4.0,,10.0,,,11.0,,,6.0,0.0,,6.0,,14.0,9.0,,,10.0,,4.0,,,,,,,,3.0,,5.0,,,15.0,,,0.0,0.0,,13.0,11.0,1.0,7.0,,0.0,,0.0,,0.0,,14.0,,8.0,,,,0.0,,2.0,,,,,,,,0.5,206
207,7.0,0.0,,,,,0.0,7.0,,,,,,,,,,,,,,,6.0,,,,2.0,,,7.0,,5.0,0.0,,,,,,,,,,,,,,,,,,0.0,,,0.0,,0.0,,,4.0,,8.0,,2.0,6.0,,7.0,,,1.0,0.0,,,3.0,,,,,,0.0,,0.0,,,0.0,6.0,,,,,,,,0.6,207
208,,,1.0,,,,,,,,,,,,,,,1.0,1.0,,,,,,,,,,,,0.0,,,,,,,1.0,,,0.0,,,,,,,,,,,0.0,,,,,,,,0.0,,,0.0,,,,,,0.0,,0.0,,,,,,,,1.0,,,,,,,0.0,,,,0.0,0.0,,0.6,208
209,8.0,,,,,,5.0,4.0,11.0,,,,,2.0,3.0,,0.0,,,5.0,5.0,,1.0,,,,7.0,,9.0,3.0,,0.0,4.0,0.0,11.0,3.0,,,8.0,0.0,,7.0,8.0,0.0,6.0,,,,,0.0,0.0,,,,4.0,12.0,,11.0,0.0,4.0,,,,6.0,,10.0,,,,10.0,,0.0,3.0,0.0,,,7.0,,,,,,,,,,,,,,,,0.6,209
210,,,,,,0.0,0.0,,,,0.0,,,,,,,,,,,,,,,,,,,,0.0,,,,,,0.0,,0.0,0.0,,,,,,,,,,,,,,,1.0,,,,,,,,,,,0.0,,2.0,,,0.0,0.0,,,,,,,,,,,,,,,,,,,,,0.6,210
211,,,,,0.0,,0.0,,,,,,,,0.0,,0.0,,,,,,,,,,,,,,0.0,,,,,,,,,,,,0.0,,,,,0.0,,,,,,,,,,,,,,,,,,,,,1.0,,0.0,,,,,0.0,0.0,,2.0,,,,,,,,,,,,,,0.6,211
212,,,,,,,,,,,,,,,,,,,,,,,,,0.0,0.0,,,,,0.0,,,0.0,,,,,,,,,,,,,,,,,,,,,,,,,,,,0.0,0.0,0.0,,,,,,,,,,0.0,,,0.0,,,,,,,,,,,,,,,,0.4,212
213,,0.0,,,,,,,,,,,,,,,,,,,,,,,,0.0,,,,,,,,,,,,,,,,,,0.0,,,,,,,,,,,0.0,,,,,0.0,,,,,,,,0.0,,,0.0,,,0.0,,,,,1.0,,,,0.0,,,,,,,,,,0.4,213
214,,,,,,,,,,,,,,,,,,,,,0.0,,,,,,0.0,,,,0.0,,,,0.0,0.0,,,,,,,,,,,,0.0,,,,,,,0.0,,,,,,,,,,,0.0,,,0.0,,,,,,,,,,,,,,,,,,,0.0,,,,,0.5,214
215,5.0,,,,,3.0,16.0,13.0,12.0,,,,,,0.0,,4.0,12.0,,9.0,15.0,,1.0,0.0,,,0.0,8.0,12.0,,4.0,0.0,3.0,11.0,9.0,,,,14.0,,,12.0,,6.0,,0.0,,,,,,,,,,,10.0,,,,,,2.0,,,15.0,,,0.0,,0.0,,10.0,,,,,,1.0,0.0,,7.0,,,,,,8.0,15.0,,6.0,,0.6,215
216,,,,,,,,,,,,,,,,0.0,,,,,,,,0.0,,,,,,,,,,,,,,,,0.0,,,0.0,,,0.0,,,,,,,,0.0,,,,,,,,,,,,,,,,0.0,,,,,,0.0,,,,,,,0.0,,,,,,,,,,0.4,216
217,,,,,,,,,,0.0,,,,,,,,,0.0,,,0.0,,1.0,,,0.0,,,,,,,,,,,,,,,,,,,0.0,,,,,,,,0.0,,,,,,0.0,0.0,,,,,0.0,,2.0,,,,,,,,,2.0,,,,,,,,,,0.0,,,,,,0.6,217
218,,,7.0,,,,,6.0,,,,,,4.0,0.0,5.0,4.0,,,2.0,2.0,,,2.0,,,,1.0,3.0,,,,,,,,,5.0,0.0,,,0.0,,,,,,,,,,,5.0,,3.0,,0.0,,,,,0.0,8.0,,,,,0.0,,0.0,,,4.0,0.0,,,,0.0,,,,,3.0,,,,,,,,,0.0,0.5,218
219,6.0,,3.0,,,,,6.0,,,,0.0,,5.0,,,,,,,4.0,,0.0,,,,,,5.0,,,1.0,0.0,,,0.0,,,,6.0,,,,0.0,,,,,,,,0.0,2.0,,,,,,,,,,,,4.0,0.0,,,3.0,,0.0,,,,,0.0,0.0,,1.0,,,,,,,,,1.0,,,,,0.5,219
220,,,0.0,,,,5.0,,,0.0,5.0,,,,0.0,0.0,1.0,,,4.0,,,,3.0,,,,0.0,,0.0,,,,,,,,,5.0,,,,,,,,,0.0,,,,2.0,0.0,,0.0,,,,,,,,,,,,,,,,,,,,,,0.0,,,,,,1.0,,,,,,,,,,0.4,220
221,,,1.0,,,,,,0.0,0.0,,,,,,,,,0.0,,,,,,,,0.0,,,,,,,,0.0,,,,,,,,,,,,,,,0.0,,,0.0,,,,,,,,,,0.0,,,,,,,,1.0,,,,,,0.0,,,,,,,,,,,0.0,,,,,0.4,221
222,,,,,,,0.0,,0.0,,,,,,0.0,,0.0,,,,,,,,,,0.0,,,,,,,,,,,,,,,,,,,0.0,,,,,,,,,,,,,,,,,,,,,0.0,,,,,0.0,,,,,,,,,,,,,,,0.0,,0.0,,,,0.6,222
223,,,,,,,2.0,5.0,,,,,,,3.0,5.0,4.0,0.0,,,,,,5.0,,,0.0,4.0,,,0.0,,,,,,,,,0.0,,,,,0.0,,,0.0,,,,,,,,1.0,,,,,,4.0,0.0,5.0,,,0.0,,,4.0,,,2.0,,,,0.0,,,,,4.0,,,,,,,,,,,0.6,223
224,,,,0.0,,,,,,,,,,,,,,,,,,,,,,,,,0.0,,,,,,,,,0.0,,,,,,,,0.0,,0.0,,,,,,,,,,,0.0,,,0.0,,,,,,,,,,0.0,,,,,,0.0,,,,,,,0.0,,,,,,,,0.4,224
225,,,0.0,,,,,,,0.0,,,,,,,,,,,,,2.0,,0.0,,,,,,,1.0,0.0,,,0.0,,,,0.0,,,,,0.0,0.0,0.0,,,,,,,,,0.0,,,,,,,,,,,,,,,,,,,,,,,,,,,,,2.0,,,,,,,,0.4,225
226,,,,,,,,,0.0,,0.0,,,,,,,,,,0.0,,,,,,,,,,,,,,,,,,,,,,,,,,,,,,,,,,,,,,,,,,,,0.0,,,,,,,,,,,,0.0,0.0,,,,,,,0.0,0.0,,,0.0,,,,0.4,226
227,,,0.0,,,,0.0,,,0.0,,,,,,,,,,,,,,,,,,,,,,,0.0,,,,0.0,,,,,,,,,,,,,,,,,,,,0.0,,,,,,,0.0,,0.0,,,,,,,,,,,,,,0.0,,,,0.0,,,,,,,,,0.4,227
228,,,10.0,0.0,15.0,0.0,11.0,,10.0,,,,7.0,5.0,2.0,13.0,0.0,,,4.0,8.0,3.0,,0.0,0.0,,,8.0,9.0,,,,,11.0,,0.0,9.0,,4.0,,6.0,10.0,,,0.0,,,5.0,,,,12.0,0.0,,,,,13.0,,0.0,,1.0,12.0,,,13.0,1.0,,,,,,,,,17.0,13.0,,,16.0,,14.0,6.0,,0.0,,,,,,,,0.5,228
229,,,,,,,6.0,,,,,3.0,,,6.0,,0.0,,,6.0,2.0,,,,,0.0,,3.0,5.0,,,,,,,6.0,,,,,0.0,7.0,,5.0,,0.0,,,1.0,,0.0,,6.0,,,,,,,,,,,,,,,,,,,,,,,0.0,5.0,,,7.0,,0.0,,,,0.0,,0.0,,0.0,4.0,,0.5,229
230,0.0,,,,,,,,,0.0,,,,,,0.0,,,0.0,,,,,,,,,,,,3.0,,,,,,,,,,2.0,,,,,,,,0.0,,,,,,,,,,,,,,0.0,,,,,,0.0,,,,,,,,,,,1.0,,,,0.0,,,,0.0,,,,,0.4,230
231,,,0.0,,,,,,,,,0.0,,,,,,,0.0,,0.0,,,,,,,,,,,,,,0.0,,,,,,,,,,,,,,0.0,,,,,,,,,,,,,,,,,,,,,,0.0,,,0.0,,,,,,,,,,,0.0,,,0.0,,,,,0.4,231
232,,,,,,0.0,,,,,0.0,,,,,,,,,,,,,,,,,0.0,,0.0,0.0,,,,,,0.0,,,,,,,,,,,,,,,,,,,0.0,,,,,,,,,,0.0,0.0,,,,,,,,,,,,,,,,,,,0.0,,,,,,,0.5,232
233,,,,0.0,,,,,,,,,1.0,,,,,,,,,,,,,,,,,,,,,,,0.0,0.0,,,0.0,,,,0.0,,,,0.0,,,,,1.0,,,,,,,,,,,,,0.0,,,,,,,,,,,,,,,,,,,,0.0,,,,,,,0.5,233
234,,,,0.0,,,,,,,1.0,,,,,,,,,,1.0,,3.0,,,,,,,,,0.0,,0.0,0.0,,,,,,,3.0,,,,,,,,,,,,,0.0,,,0.0,,,,,,0.0,,2.0,,0.0,0.0,,,,0.0,,,,,,3.0,,,,,,,,1.0,,,,,,0.4,234
235,,,,0.0,,,,,,,,,0.0,,,,,0.0,,,,0.0,,,0.0,,,,,0.0,,,,,,,,,,,,,,,0.0,,,,,,,,,,,,,,,0.0,,,,,,,,,,,,,,,,,,,,,,,,,,,,,,,,,0.4,235
236,,0.0,0.0,,,,,,,,,,,0.0,,0.0,,,,,,,,,,,,,0.0,,,,,,0.0,,,,,,,0.0,,,,,,,,,,,0.0,,0.0,,,,,,,,,,,,,,,,,,,,,,,,,,,,,,,,0.0,,,,,,0.5,236
237,,,,0.0,,,,,0.0,0.0,,,0.0,,,,,,,,,,,,,,,,,,,,,,,,,,,0.0,,0.0,0.0,,,,,,,,,2.0,0.0,,1.0,,,,,,,,,0.0,,,0.0,,,,,,,,,,,,,,,,,,,,,,,,,,0.4,237
238,16.0,,15.0,,25.0,7.0,17.0,18.0,3.0,12.0,21.0,6.0,0.0,17.0,12.0,13.0,6.0,,,1.0,5.0,,16.0,14.0,2.0,26.0,,0.0,3.0,0.0,11.0,14.0,19.0,25.0,,0.0,7.0,22.0,3.0,3.0,2.0,10.0,24.0,,4.0,,,20.0,25.0,26.0,,22.0,20.0,24.0,0.0,,3.0,5.0,7.0,23.0,0.0,,,2.0,,13.0,12.0,14.0,26.0,0.0,8.0,,24.0,,0.0,0.0,17.0,16.0,19.0,6.0,,9.0,2.0,22.0,8.0,,8.0,10.0,,0.0,14.0,12.0,0.6,238
239,,,,0.0,,,0.0,,0.0,,,,0.0,,,,,,,,,,,,,,,,,,,,,0.0,,,,0.0,,,0.0,0.0,,,,,,,,,,,,,,,,,,,,0.0,0.0,,,,,,,,,,,,,,,,,,,,,,,,,,,,,,0.4,239
240,,,,,,,,,,,,,,,,0.0,,,,,0.0,,,,,,,,,,,,,,,,,,,0.0,,,0.0,0.0,,,,,,,,,,,0.0,,,,,,,,,,,,,,,0.0,,,,,,,0.0,,,,,,1.0,,,,0.0,,,0.0,,,0.4,240
241,3.0,,,,,,,5.0,,0.0,,6.0,,,1.0,,0.0,,,,0.0,,2.0,,,0.0,3.0,,,,0.0,0.0,,,,,,,,,,,,,0.0,,,,3.0,,,,,,,,,,,,,,,,,,,,0.0,,,,6.0,,,,,,,,,4.0,6.0,4.0,,,,,0.0,5.0,0.0,,0.4,241
242,1.0,,8.0,,0.0,,9.0,,,,,5.0,,0.0,0.0,,2.0,,10.0,7.0,3.0,,0.0,1.0,,,,,,,7.0,0.0,3.0,4.0,,7.0,0.0,,,7.0,6.0,,,1.0,7.0,,,0.0,,,,,,,3.0,,,,4.0,1.0,,,,9.0,,0.0,0.0,,,,0.0,,6.0,,,,,9.0,,,,1.0,10.0,,,,,6.0,,,4.0,,0.6,242
243,,,,,,,0.0,,,,,,,,,,,,,,,,,,,0.0,,0.0,,,,,,,,,,,,,,0.0,,,,,,,,,,,0.0,,,,1.0,,,,,,,,,,,,,0.0,,,,,,,,0.0,,,,,,,0.0,,,,,,0.0,,0.5,243
244,,,,,,,,0.0,0.0,,0.0,,,,0.0,,,,,,,,,,,,0.0,,,,,,,,,,,0.0,,,,,,,,,,,,,,,,,,,,,,,,,,,,,,0.0,,,,,0.0,,,,,,,,,,,,,,,,,,,0.0,0.6,244
245,3.0,,,,,,,0.0,,,2.0,,,,,,,0.0,,,,,,,,,,,,,,,,,,,,0.0,,,,,,0.0,0.0,,,0.0,3.0,,0.0,1.0,,0.0,,0.0,,,,,,,,,,,,,,,2.0,,,,,,,,0.0,,,,,1.0,,,,,,,,,0.5,245
246,,,,,0.0,,,,,0.0,,,,1.0,,,,,,,,,0.0,,,,,0.0,,,0.0,,,,0.0,,0.0,,,,,,,,,,0.0,,,,,,,,,,,,,,,,,,0.0,0.0,,,,,,,,,,,,,,,,,,,,,,,,,,,0.4,246
247,,,0.0,,,,,,,,,,,,,,,,,,,,,,,,,,0.0,,,,,0.0,,,,,,,,,,,,,,,,,,0.0,,,,,,,,,,0.0,,0.0,,,,,,,,,,,,,,0.0,,,,0.0,,,,,,0.0,0.0,,,,0.4,247
248,2.0,,,,,,,,,,,0.0,,,,,,1.0,,,,0.0,0.0,,,2.0,,,,,,0.0,3.0,,,,,,,,,,,,,,,,4.0,0.0,,,,,,,,,,,,,,,,,,,,,,0.0,4.0,,,,0.0,,,,,,,2.0,,,,,,,0.0,0.0,0.6,248
249,,0.0,,,,,,,,,,,,0.0,,,0.0,,,2.0,0.0,,,,,,,,,,,,,,,,,,,,,,,,,,,,,,0.0,,,,,0.0,,,,,,,,0.0,,,,,0.0,,0.0,,,,,,,,,,,,,,,,,1.0,,,,0.0,0.4,249
250,,,,,,,,,,,,,,,,,,,,,,,,,,0.0,,0.0,0.0,0.0,,,,,,,,,,,,,,,,,,,1.0,,,0.0,,,,,,,0.0,,,,,,,,,,,,,,,,,,,0.0,,,,,,,,,,,,0.0,0.0,,0.6,250
251,,,,0.0,,,,,,0.0,,0.0,,,,,,,,,0.0,0.0,,,,,,,,,,,,0.0,,,,,,,,,,,,,,,,,,,,,,,,,,,,,,0.0,,,,,,,,,,,,,,,,,,,,,0.0,,,,,0.0,,,0.5,251
252,11.0,,8.0,,17.0,0.0,16.0,,,,19.0,,0.0,0.0,,8.0,12.0,,,5.0,10.0,20.0,1.0,,,13.0,11.0,0.0,13.0,,,0.0,2.0,17.0,11.0,0.0,12.0,,6.0,,10.0,10.0,5.0,15.0,,0.0,,,5.0,,,,,,,4.0,2.0,,,,,18.0,9.0,19.0,,14.0,,11.0,,19.0,7.0,,7.0,20.0,,,12.0,0.0,17.0,0.0,,,,10.0,,18.0,9.0,14.0,,,14.0,3.0,0.6,252
253,,,,,,,,,,,,0.0,,,,,,,,,,0.0,,,,,,,,,,,,,,,0.0,,,,,,,,,,,0.0,,,,,,0.0,,,,,,,0.0,,0.0,,,,,,,,0.0,,,,,,,,,0.0,,,,,,0.0,,,,,,,0.5,253
254,,,,,,,,0.0,,,0.0,,,,,,,,,,,,,,,,,,,,,,,,,,,,,,,0.0,,,,,,,,,,,,,0.0,,,,,,,,,0.0,,,,,,,0.0,,,,,,,,,,,,,,,,,,0.0,,,,0.6,254
255,0.0,,,,,0.0,,2.0,,,,,,,,,,,,,,0.0,2.0,,,,,,,,,1.0,,,,,,,,,,0.0,,,,,1.0,0.0,1.0,,0.0,0.0,0.0,,,,,,,,0.0,3.0,,,,,,,,,,,4.0,0.0,,,,,,,,,,,,,,,,,,,0.5,255
256,,,0.0,,,,,0.0,,,,,,,,,,,,,,,3.0,,0.0,,,,,,3.0,2.0,0.0,,,,,,,0.0,4.0,,,,,,,,6.0,,,0.0,,,,5.0,,,0.0,,,,,,,0.0,,,,,,,,,,,,,,,,1.0,,,,,,0.0,,0.0,,,0.4,256
257,,,3.0,,,6.0,0.0,,,,0.0,,,9.0,7.0,,5.0,,,5.0,6.0,,0.0,0.0,,,4.0,,,,,1.0,3.0,,,8.0,9.0,,6.0,4.0,,0.0,,9.0,6.0,0.0,,2.0,,,,0.0,5.0,,0.0,5.0,,,,,,,,,,,,,,6.0,,,8.0,,,,,,,2.0,,,5.0,4.0,,0.0,,0.0,,,,,0.6,257
258,,,,,0.0,,0.0,,,,,,,,,,1.0,,,,,,,,1.0,,0.0,,,,,,,0.0,0.0,,,,,,,,,,,,,,0.0,,,,,,,,,,0.0,0.0,,,,,,,,,,,,0.0,,,,,,,,,,0.0,,,,,,,,,,,0.5,258
259,,,,,,0.0,,,,,,,,,0.0,,,,,,,,,,,,,0.0,,0.0,,,,0.0,,,,,,,,,,,,,,,0.0,,,,,0.0,,,,0.0,,,,,,,,,,,,,,,,,,,,,,,,0.0,,0.0,,,,,,,,,0.4,259
260,,,3.0,,,,,,,,0.0,,,4.0,,0.0,,,,,,,2.0,,,,,1.0,,,,0.0,,,,,,,,,,0.0,,,,,,,,0.0,,,,,0.0,,0.0,,0.0,,,,,,,,,,,0.0,,,,,,,,,,,,,4.0,,,,,3.0,,,,,0.6,260
261,,,,,,,1.0,,,,,,,,,,,,,0.0,2.0,,,,,,0.0,,,,,,,0.0,,0.0,,,,,,3.0,,,,,,,,,,,,,,,0.0,0.0,,,,,,0.0,,,,,0.0,,,2.0,,,,,,,,,,0.0,2.0,,,,,,,,0.0,,0.4,261
262,6.0,,,,6.0,3.0,,6.0,,,,,,,,,,,,1.0,3.0,,,,,,,0.0,,0.0,,,,,5.0,,,,,1.0,,,,1.0,,,0.0,,3.0,,,3.0,0.0,,,,6.0,,,,,,,,,,,,,,,,4.0,,,,,0.0,,0.0,,0.0,,0.0,,,0.0,2.0,,,2.0,,0.5,262
263,,,,,,,4.0,5.0,,,,3.0,7.0,,0.0,0.0,1.0,,9.0,4.0,2.0,0.0,,5.0,,0.0,2.0,11.0,,5.0,,,,,,0.0,1.0,,,,,3.0,,,10.0,,,11.0,5.0,,,,,0.0,,8.0,11.0,,,,,6.0,0.0,,,,,0.0,,,,,0.0,,,,0.0,,,,,,11.0,4.0,,,6.0,,,,,,0.5,263
264,,0.0,,,,,,,0.0,0.0,,,,,,,,,,,,,,,,,,,0.0,,,,,,,0.0,0.0,,,,,,,,,,0.0,,,,,,,,,,,,,,,,,0.0,,,,,,,,,,,,,0.0,,,,,,,0.0,,,,,,,,,0.6,264
265,3.0,,,,,,,7.0,0.0,,,,8.0,,8.0,0.0,6.0,,9.0,6.0,7.0,,1.0,,,2.0,0.0,1.0,,1.0,4.0,0.0,4.0,,,0.0,,,,0.0,,9.0,,,,,0.0,,6.0,,9.0,,,0.0,,8.0,5.0,,,,,,4.0,,,0.0,,,,,,,,,,,,,,,,7.0,,,,,,,,,,0.0,0.5,265
266,3.0,,,,,,,,0.0,,9.0,,,,9.0,,4.0,,,2.0,6.0,,0.0,0.0,4.0,,,9.0,,,,1.0,,,,7.0,,,4.0,,0.0,6.0,,,0.0,5.0,,,,1.0,0.0,,,,,,,,8.0,3.0,0.0,,,,,,,,,,,,,,,,,9.0,,,,,,,0.0,,,0.0,,,,,0.6,266
267,,,0.0,,,,,,,,,,,,,,,0.0,,,,0.0,,,,,,,,,,,,,,,,,,,,,,,,,,,,,,1.0,0.0,,,,,0.0,,,,,,,,1.0,,,,,0.0,,,0.0,,0.0,,,,,,,,,,,,,,,,,0.5,267
268,,,,,,,,,,0.0,,,,,,,,,,,,,,,,,,,,,,,,,,,,,,,,,,,,,,0.0,,,,,,,,,0.0,,0.0,,,0.0,,0.0,,,,,,,0.0,,0.0,,0.0,,,,0.0,,,,,,,,,,,,,,0.5,268
269,,,,,,,,,,,0.0,,,,,0.0,,,,,,,,,,,0.0,,,,,,,,,,0.0,,0.0,,0.0,,,,,,,,,,,,,,,,0.0,,0.0,,0.0,,,,,,,,,0.0,,,,,,,,,,,,,,,,,,,,,,,0.4,269
270,,,,,,,0.0,,,,,,,,,,,,,,0.0,,,0.0,,,,0.0,,,,,0.0,,,,,,,,,,,,,,0.0,0.0,,,,,,0.0,,,,,,,,,,,,,,,,,,,0.0,,,0.0,,,,,,,,,,,,,,,,,0.4,270
271,,,,,0.0,,0.0,,,,,,,,0.0,,,0.0,,,,,,,,,,,,,,,,,,,,,,,,,,,,,,,,,,,,0.0,,,,,,,,,,,0.0,,0.0,,,,,,0.0,0.0,,,,,,,,,,,,,,,,0.0,,,0.5,271
272,,,,,,,,,,,0.0,,,,,,0.0,,,,,,0.0,,,,,,,,,,,,0.0,,,,,,,,,,0.0,,0.0,,0.0,,,,,,,,,,,0.0,,,,,,,,,,,,0.0,0.0,,,,,,,,,,,,,,,,,,,,0.6,272
273,0.0,,,,,,,,,,,,,,,,,,,0.0,,,,,1.0,,0.0,,,0.0,,,,,,,,,,,,,,,,,,,,0.0,,,,,,,0.0,0.0,,,,,,,,,,,,,,,,,,,,,,,,,1.0,,,,0.0,0.0,,,,,0.6,273
274,,,0.0,,10.0,3.0,0.0,0.0,10.0,,3.0,,10.0,10.0,,5.0,,,8.0,3.0,10.0,,9.0,,,6.0,2.0,8.0,,,1.0,7.0,,,,8.0,,,5.0,,4.0,0.0,,,,,,,5.0,,,5.0,7.0,4.0,,0.0,,,,0.0,,5.0,6.0,,,4.0,0.0,5.0,0.0,8.0,6.0,,9.0,,,,7.0,,9.0,,,,10.0,2.0,,0.0,9.0,9.0,,,,,0.6,274
275,,,,,,,,,,,,,,,,,,,0.0,,,,,,,,,,,,0.0,,,,,,,,,,,,,0.0,,,0.0,,,0.0,,,,,,,,0.0,0.0,0.0,,,,,,,,,,,,,,,,,,,,,,,,,,,,0.0,,,0.0,,0.6,275
276,,,,,10.0,,10.0,,,,,,3.0,,5.0,0.0,7.0,8.0,,8.0,,,,,,8.0,9.0,0.0,,,4.0,,,,0.0,3.0,5.0,,,2.0,,1.0,,,10.0,,,,6.0,7.0,,0.0,6.0,,0.0,,6.0,,,,,,,,,0.0,,5.0,0.0,,5.0,,4.0,,,,0.0,,,,0.0,9.0,,7.0,,0.0,5.0,,,,,,0.6,276
277,,,,,,,,,,,,,,,0.0,,1.0,,,,0.0,0.0,,,,,,,,,,,,,,1.0,,,,,,,,,0.0,,,,,,,,,,,,,,,,,,,,,,0.0,,,,,0.0,,,,,0.0,,,,,,0.0,,,0.0,,,,,,,0.5,277
278,0.0,,,,,0.0,11.0,15.0,,,,14.0,1.0,10.0,7.0,0.0,8.0,,13.0,,14.0,0.0,2.0,0.0,,11.0,,,,,2.0,1.0,0.0,0.0,,4.0,6.0,,,,0.0,,,14.0,15.0,,,,5.0,,,,,,,,,0.0,,,,,,,,,,9.0,3.0,,,,,,0.0,,,,10.0,10.0,,,,,,,,15.0,,,12.0,,0.4,278
279,,0.0,,0.0,,,,0.0,,,,,,0.0,,,1.0,,,,,,,,,,,,,,,1.0,,,,,,,,,0.0,,0.0,,,,,,,0.0,,,,,,0.0,,,,,,,,,,,,,,,,,,,,,,,,,,,,,,,,,,0.0,,,0.5,279
280,,5.0,,,,,,0.0,,3.0,,,,7.0,,,,6.0,8.0,4.0,0.0,,,,,8.0,,2.0,6.0,,3.0,,,,8.0,6.0,5.0,0.0,,,,0.0,,,0.0,,,,3.0,,,,,,,,7.0,9.0,,,,,2.0,,,1.0,,,0.0,,5.0,,,,,,3.0,,,9.0,6.0,,,10.0,,,0.0,0.0,,0.0,,,0.5,280
281,,,,,,,,0.0,,0.0,,,0.0,,,0.0,,,,,,,,,0.0,,,,,,,,,,,,,,,,,,,,,,,,,,,,,,,,,,,,,,,,,,,,,,,,,,,,0.0,,,,0.0,,,,0.0,,0.0,,,,,,0.4,281
282,,,,,,0.0,,,,,,,,,,,,,,,,,,,,,,,,,,,,,,,,0.0,0.0,,,,0.0,,,,0.0,,,,0.0,,,0.0,,,,,,,,,,,0.0,,,,,,,,,0.0,,,,,,,0.0,,,,,,,,,,,,0.5,282
283,,,,,0.0,,,,,,,,,,,0.0,,,,,,0.0,,,,,,,,,,,,,,,,,,0.0,,,,0.0,,,,,,0.0,,,,,,,0.0,,,,,0.0,,,,,,,,,,0.0,,,,,,,,,,,,,,0.0,,,,,,,0.5,283
284,,,,,,,,,,,,,,,,,,1.0,,0.0,1.0,,,,,,,,,,,,,,,,,0.0,,0.0,0.0,,,,,,,,,,,,,,,,,,,,,,,,0.0,,,,,,,0.0,,0.0,,,0.0,,,,,,,0.0,,,,,,,,,0.4,284
285,,,0.0,,,,,6.0,0.0,,,,,6.0,3.0,7.0,2.0,,,4.0,6.0,,7.0,,,,,,,2.0,,7.0,,0.0,,7.0,,,6.0,,4.0,5.0,0.0,,2.0,,,7.0,,1.0,2.0,,,,0.0,0.0,,4.0,,0.0,,,,0.0,,0.0,,,,,,,,,,,,,,7.0,,,0.0,5.0,,,,,,,,,0.5,285
286,,,,,,,,,,,,,,1.0,,,,,,,,,,,,,0.0,,0.0,,,,,,0.0,,,0.0,,,,,,0.0,,,,,,,,,,,,,,,,,,,,,,,0.0,,,,,,,,,,,0.0,,0.0,,,,0.0,,0.0,,,,,,,0.5,286
287,,,0.0,,,,,,,,,,,,0.0,0.0,,,,,,,,,,,,,,,,,,,0.0,,,,,0.0,,,,0.0,,,,,,,,,,,,,,,0.0,,,,,,,,,,,,,,,,,0.0,0.0,0.0,,,,,,,,,,,,,,,0.6,287
288,,,,,,,,,,,,,0.0,,,0.0,,,,,,,,,,,,,,,,,,,0.0,0.0,,,,,0.0,0.0,,,,,,,,,,,,,,,,,,,,1.0,,0.0,,,,,,,,,,0.0,,,,,,,,,,,,,,,0.0,,,,0.6,288
289,,,0.0,,0.0,,,,,,,,,,0.0,,,,,,,,,,,,,,,,,,,0.0,,,,,,,,,,,,,,0.0,,,,,,0.0,,,,,,,,,,,,0.0,,0.0,,,,,,,,,,,,,,,,,,,,,,,,0.0,0.4,289
290,,0.0,,0.0,,,,,,,,,,,,,,,,,,,,,,,,,0.0,0.0,,,0.0,,,,,,0.0,,0.0,,,,,0.0,,,,,,,,,,,,,,,,,,,,,,,,0.0,0.0,,,,,,,,,,,,,,,,,,,,,,0.4,290
291,4.0,0.0,,0.0,,0.0,,4.0,,,0.0,,,,,,,,0.0,4.0,,,2.0,,,3.0,,,,,,0.0,3.0,,,,,,,,,,,,,,,0.0,1.0,,0.0,,,,,,,,,,,,,,,,,,,,,,0.0,,,,,,,,0.0,,,,,,,,,,,,0.5,291
292,,,,,,,,,,,,3.0,,,,,,,,,,,0.0,,,,,,1.0,,,2.0,3.0,,,,,0.0,,,,0.0,,,0.0,,,,,,,,0.0,1.0,,,,,,,,,0.0,,,,0.0,,,,,,,,0.0,,,,,,0.0,,,,,,,,,,,,0.4,292
293,2.0,,26.0,,11.0,6.0,,9.0,,,5.0,,12.0,8.0,14.0,17.0,13.0,,,3.0,12.0,,1.0,24.0,15.0,5.0,23.0,17.0,19.0,,13.0,0.0,0.0,15.0,,7.0,12.0,26.0,0.0,,,14.0,8.0,23.0,7.0,9.0,20.0,,4.0,,,8.0,0.0,11.0,,0.0,19.0,16.0,27.0,22.0,,,18.0,,,22.0,23.0,15.0,13.0,22.0,12.0,10.0,19.0,,,0.0,17.0,0.0,15.0,2.0,17.0,1.0,25.0,11.0,16.0,,,0.0,21.0,,8.0,,0.6,293
294,,,21.0,,22.0,,16.0,6.0,,,12.0,9.0,10.0,4.0,10.0,22.0,7.0,0.0,22.0,9.0,12.0,0.0,18.0,0.0,,14.0,9.0,0.0,16.0,22.0,5.0,17.0,13.0,13.0,,6.0,10.0,,0.0,12.0,22.0,13.0,1.0,,18.0,,,,18.0,,9.0,14.0,7.0,,5.0,,4.0,,,15.0,,,,0.0,,0.0,13.0,21.0,2.0,,8.0,21.0,7.0,,,,20.0,0.0,11.0,13.0,,2.0,3.0,22.0,,9.0,21.0,19.0,,,0.0,,0.6,294
295,,,,,,,,,,,,,,,,,,,,,,,2.0,,,,,,,,,0.0,,,,,0.0,,,,0.0,0.0,,,1.0,,,0.0,,,0.0,,,,,,,,,,0.0,,,0.0,,,,,,,,,,,,,,,,,,,,,,,,0.0,,,,,0.4,295
296,,,,,,,,,,,,0.0,,,,,,,,,,,,,,,,,,,,,,,,0.0,,,,,,,,,,,,,,,,0.0,,0.0,,,,0.0,,,,,,,0.0,,,,,,,,,,,,,,0.0,,,,,,0.0,,,,,0.0,,,0.4,296
297,0.0,,,,,2.0,0.0,1.0,,,,,2.0,,,,,,,,,,,,,,,,,,,,,,,1.0,0.0,,,,,,,,,,,,0.0,,,,0.0,,,,,,,,,,,,,,,,0.0,,,,,,,,,,1.0,0.0,,0.0,,,,,,,0.0,,,0.0,0.6,297
298,,,,,,,,,1.0,,,,,,0.0,,,,,,,,,,,,0.0,2.0,0.0,,,,,,,,,,,,,,,,,,0.0,,,,,,,,,,0.0,,,,,,,,,,,,2.0,,,,,,,,0.0,,0.0,,0.0,,,,,,,,,0.0,,,0.4,298
299,6.0,0.0,7.0,,,0.0,,6.0,14.0,,,,,5.0,,13.0,11.0,,0.0,1.0,0.0,,10.0,,,8.0,,3.0,,5.0,,7.0,5.0,10.0,12.0,6.0,,,4.0,0.0,,6.0,,0.0,,,9.0,14.0,5.0,13.0,10.0,,,0.0,,1.0,,,,,,,,,,,,11.0,,,,,6.0,,0.0,,,8.0,11.0,2.0,,14.0,6.0,0.0,,4.0,,,10.0,,0.0,,0.6,299
300,,,,,,,,,,0.0,,,,,,,,,,,,0.0,0.0,,,,,,,,1.0,1.0,,,,,,,,,,0.0,,,,,,,,,,,,,,,,,,,0.0,,,,,,,,,,,,,,0.0,,0.0,,,,,0.0,,,,0.0,,,,,,0.0,0.5,300
301,,,,,,10.0,,6.0,,,,1.0,,,,,,2.0,0.0,9.0,,,8.0,,,,6.0,10.0,,,5.0,9.0,,,0.0,,,,,0.0,,5.0,,,10.0,,,,,,,,,,6.0,1.0,0.0,,,,,0.0,10.0,,0.0,3.0,,2.0,0.0,4.0,1.0,7.0,0.0,,,,0.0,,5.0,0.0,,2.0,,,,,8.0,,,,5.0,,0.5,301
302,,,,,0.0,,,,,,,,,,,,,,,,,0.0,,,0.0,,,,,0.0,,,,0.0,,0.0,,,,0.0,,,,,,,,,,,,,1.0,,,,,,,,,0.0,0.0,,,,,,,,,,,,,,,,,,,,0.0,,,,,,,,,,0.6,302
303,,0.0,,,,,,,,,,0.0,,,,,,,0.0,,,0.0,,,,,,,,,0.0,,,,,1.0,0.0,,0.0,,,,,,,,,,,,,,0.0,,,,,,,0.0,,,,,,,,,,,,,0.0,,,,,,,,,,,,,,,,,,,,0.4,303
304,,,,,0.0,,,,,0.0,,,,,,0.0,,,,,,,,,,,,,,,,0.0,,0.0,,,,,,,,,,,,,,,0.0,,,0.0,,,,,,,,,,,0.0,,,,,,,,,,,,0.0,,,,,,,0.0,,,,,,,,,,,0.6,304
305,,,,,,,,,,,,,,,,,,,,,,,,0.0,,,,,,,,,,,0.0,,,0.0,,,,0.0,,,,0.0,,,,,,,,,,,,,,0.0,,,,,,,,,0.0,,,,,,,,,,,,,,0.0,0.0,,,,,,,,,0.5,305
306,,,,,,,,,,0.0,,,,,,0.0,,0.0,,,,0.0,,,,0.0,,,,,,,,,,,,,,0.0,,,,,,,,,,,,,,,,,,,,,0.0,,,,,,,,,,,,,,,,,,,0.0,,0.0,,,,,,,,,,,0.4,306
307,,,,,,,,,,,,,,,,,,,,,,,,0.0,,,,,,,,,,,,,0.0,,,,,,,,,,,,,0.0,,,,,,,,,,,,0.0,,0.0,,,0.0,,,,,0.0,,,,,,,,,,,,,,0.0,,,,,,0.0,0.5,307
308,2.0,,3.0,,,,5.0,,,,,,,,4.0,0.0,0.0,,,,,,3.0,4.0,0.0,,4.0,,,0.0,,2.0,0.0,,,,,,,,0.0,,,,,,,,,,,,,,,0.0,5.0,,,,,,,,,,0.0,,,,,,1.0,,,,,,,,,,,,0.0,,,,,,,,0.6,308
309,,,,,,,,0.0,,,,,,0.0,1.0,,,0.0,,1.0,0.0,,,,,,,,,,,,,0.0,,,,,,,,,,,,,,,,,,0.0,,,,,,,,,,,,,,,,0.0,,,,,,,,0.0,0.0,,,,,,,,,0.0,,,,,,,0.5,309
310,5.0,0.0,,0.0,,,4.0,,,,,,,,1.0,,0.0,,,4.0,2.0,,,2.0,,,1.0,0.0,,,,,,2.0,,,,,,,,,,,2.0,,,,3.0,,,,,0.0,,,3.0,,,,,,,,,,,,0.0,,,0.0,0.0,,,0.0,,,5.0,,,,,5.0,,,4.0,,,,,,0.6,310
311,,0.0,,,,,0.0,,,,,,,,,,,,,,,,,,,,,,,,,,,,,,0.0,,,,,0.0,,,,,,,,,,,,,,,0.0,,,,,,,,0.0,,,,,0.0,,,,,,,,,,,,,,,,,,,,0.0,,0.0,0.4,311
312,0.0,,0.0,,,,,,,,,,,,,,,,,,0.0,,,,,,,4.0,1.0,,,,0.0,,,,,,,,3.0,,,,,4.0,,,2.0,,,,,,,,0.0,,0.0,,,,,,,2.0,0.0,,,,0.0,,,,,,,,,,,,,0.0,,,,,,,,,0.4,312
313,0.0,,,,,,,,0.0,,,,,,,,,,,,,,1.0,,,0.0,,,,,,0.0,,,,,,,,0.0,,,0.0,,,,,,1.0,,0.0,,,,,,,,,,,,,,,,,,,,,,0.0,0.0,,,,,,,,,,1.0,,,,0.0,,,,,0.4,313
314,,,,,,,,0.0,0.0,,,,,,,,,,,,,,,,,,,,,,,,,,,,,,,,,,0.0,,,,,,,,,0.0,,,,,,1.0,0.0,,,,,,,,,,,,,0.0,,0.0,,,,,0.0,,,,,,,,0.0,,,,,,0.4,314
315,,0.0,,0.0,,,,,0.0,0.0,,,,,0.0,,,,,0.0,,,,,,,,,,,,,,,,,,,,,,,,,,,,,,,,,,,,0.0,,,,,,,,,,,0.0,,,,,,,,,,,,,,,,,,,,,,,,,,0.5,315
316,,,,,0.0,2.0,,,,,,,,,,,,,,,,,,,0.0,,,,,,4.0,,,,,,,,,,0.0,1.0,,,,,,,,,,,,,,,,,,,,0.0,0.0,0.0,,,,,0.0,,2.0,1.0,,,,,3.0,,5.0,0.0,,2.0,,,,,,0.0,,,1.0,0.0,0.5,316
317,,,0.0,,,,9.0,3.0,,,5.0,,,,6.0,,5.0,,8.0,,8.0,,,,5.0,,7.0,,,5.0,0.0,,5.0,9.0,,,0.0,,,,5.0,,,,,,,,,,,,,8.0,,9.0,,,,,,2.0,6.0,0.0,,,,0.0,4.0,0.0,1.0,,4.0,0.0,0.0,,0.0,3.0,0.0,7.0,,,,,8.0,,,,,,,,0.6,317
318,,,,,,,,,0.0,,,,,,,,,0.0,,,,,,,2.0,,,,,,,,,,,0.0,,0.0,,,,,,,,,0.0,,,,0.0,0.0,2.0,,,,,,,,,,,,,,0.0,,,,,,,,0.0,,,,,1.0,,,,,1.0,,,,,0.0,,,0.6,318
319,2.0,,,,0.0,3.0,4.0,3.0,,,,,,,0.0,,1.0,,,,1.0,,3.0,,,,,,,,5.0,0.0,3.0,0.0,6.0,,,,,,,,,7.0,,0.0,,1.0,,,,,,,,,,,,,,,0.0,,0.0,,0.0,,,,,6.0,,,,,6.0,,,,,0.0,,2.0,,,0.0,,,,,,0.5,319
320,,,,,,0.0,,,,,0.0,,,0.0,,,,0.0,,,,,,,,,,,,,,,,,,0.0,1.0,,,,0.0,,,,0.0,,,,,,,,,,2.0,5.0,,,,,,,,,,,0.0,,,,3.0,,,,,4.0,,,,2.0,,,,,,,,,,,4.0,,0.5,320
321,,,,,,,,,,,,,,,,,,0.0,,,,,,,,,0.0,,,,,0.0,,,,,,,,,0.0,0.0,,,,,,,,,,,,,,,,,,,,,,,,,,,,,,,0.0,,,,,,,,,,,0.0,,,,,0.0,,,,0.4,321
322,,,,,,0.0,,,,,,,,,,,,,,0.0,,0.0,,,,0.0,,0.0,,,,,0.0,,,1.0,,,,,,1.0,,,,,,,,,,,,,,,,,,,,,,,,,,,,,,,0.0,0.0,,,,,,0.0,,,,,,0.0,,,,,,,0.4,322
323,,,,,,,,1.0,,,,,,,,,,,,,,,,,,,,,,,,,,,,,,,,,,,,,0.0,,0.0,,0.0,,,0.0,1.0,0.0,,0.0,0.0,,0.0,,,,,,,,0.0,0.0,,,,,,,,,,,,,,,,1.0,2.0,,,,,,,,0.4,323
324,5.0,,5.0,,,3.0,,,,,,,0.0,,,,0.0,,,,4.0,,2.0,,,0.0,,1.0,,,,0.0,,,,0.0,5.0,,,,0.0,,,,,,,,,,,,,,,,0.0,,,,,,,,,,,,,,,,,,,,,,,,,0.0,,,,,,,0.0,,,,0.5,324
325,,,,,,,,,,0.0,,,,,,,,,,,,,,,,,,0.0,,0.0,,,,,,,,,,,,,,,,0.0,,0.0,,,,,,,,,,0.0,,0.0,,,,,,,,,,,,,,0.0,,,,0.0,,,,,,,,,,,,,0.0,,0.5,325
326,,,,,,,,,0.0,,,,,,,,,,,,,,,,,0.0,,,,,,,,,,,,,,,,,,,0.0,,,0.0,,,,,,,,,,,0.0,,,,0.0,,,,,,,,,,,,,,0.0,,,0.0,0.0,,,,,,,,,,,,0.5,326
327,,,,,,,,2.0,,,,,,3.0,4.0,,3.0,,,,,,,,0.0,4.0,,,,,4.0,,,,,,,,,4.0,,,,,0.0,,,,3.0,,,,,0.0,0.0,,,,0.0,,,,,,,0.0,,0.0,,4.0,,,1.0,0.0,,,,,,,,,,5.0,1.0,,,,0.0,,,,0.5,327
328,,0.0,,,,0.0,,,,0.0,,,,,,,,,,,,,,,,,,,,0.0,,,,,,,,,,,,,,,0.0,,,,,,0.0,,,0.0,,,,,,,,,,0.0,,,,,,,,,,,,,,,,,,,,,0.0,,,,,,,,0.4,328
329,2.0,,,,,,,4.0,,0.0,6.0,,6.0,,3.0,,4.0,,0.0,,,,1.0,9.0,,,,,,,4.0,0.0,0.0,,,,,,,9.0,,,,,0.0,7.0,,,6.0,,,,,,,,0.0,,,,,,7.0,,0.0,0.0,,,0.0,,3.0,4.0,5.0,,,4.0,,,2.0,6.0,,0.0,,7.0,,,,,,,8.0,,0.5,329
330,0.0,,,,3.0,,,,,,,0.0,2.0,,,,,,,,,,4.0,,,,,,,,4.0,,3.0,,,,,,4.0,,,,,,0.0,,,,,,,0.0,0.0,,,,0.0,,0.0,0.0,,1.0,,,,,,,,,,,,,,,0.0,,,,,0.0,,,,,,,,,,,0.5,330
331,0.0,,,,,,,,0.0,,,,,,0.0,,3.0,,,4.0,2.0,,,0.0,,0.0,,,,,,,0.0,,,1.0,,,,0.0,,,0.0,,,,,,,,,,0.0,,,,,,,,,2.0,,,,0.0,,,,,,,,,,,,,,,,,,1.0,,,,,,,,,0.4,331
332,,,,,,,,,,,,,,,,,,,,5.0,1.0,,0.0,,,,,,,,4.0,2.0,,0.0,,,,,,0.0,0.0,,,3.0,,,,0.0,,,,,,,,0.0,,,,,,,,,,0.0,,0.0,0.0,,2.0,,3.0,,0.0,,,,2.0,,,,,,,,,,,,,,0.4,332
333,,,,,,,,,,,,,0.0,,,,,,,,,,,0.0,,,,,,0.0,,,,,,0.0,,,,,,,,,,,0.0,,,,,0.0,,,,,,,,,0.0,,,,,,,,,,,0.0,,,,,,0.0,,,,,,0.0,,,,,,,,,0.4,333
334,,,0.0,,,,,,,,,,,,,,,,0.0,,,,,,,2.0,,,,,1.0,,,,0.0,,,,,,,,0.0,,,0.0,,,1.0,,,,,,,,,,,,,,,,,,,0.0,,,,,0.0,,,,,,,0.0,,,,,,,,,,0.0,,0.0,0.6,334
335,,,,,,,,,,,,,,,,,,,,,,,,,,,,,0.0,0.0,,,,,,,0.0,,,,,,,,,,,,,,0.0,,,,1.0,,,,,,0.0,,,,0.0,,,,0.0,,0.0,,,,,,,,,,,0.0,,,,,,,,,0.0,,0.6,335
336,0.0,,,,,,,,,,,,,,0.0,,,,,,,,0.0,,,,,,0.0,,,,,,,0.0,,,,,,,,,,,,,,,,,,,,,,,0.0,0.0,,,,,,,,,0.0,,,0.0,,0.0,,,,,,,,,,,,,,,,,,,0.4,336
337,,,,,0.0,,,,,0.0,,,,,,,,,,,,,,,,,0.0,,,,,,,,,,0.0,,,,,,,,,,,,,,,,,,,,,0.0,,0.0,,,,0.0,,,0.0,,,,,,,,,,,,,,,,,,0.0,,,,,,,,0.4,337
338,,,,,,,,,,,,,,,,0.0,,,,,,,,,,,,,,,,,0.0,0.0,,,,0.0,,,,0.0,,,,,,,,,,,,0.0,,,,,,,,,,,,,,,,0.0,,,,,,,,,,0.0,,,,,,,,0.0,,,,,0.4,338
339,3.0,,0.0,,,,,,10.0,,7.0,,,7.0,0.0,5.0,1.0,5.0,,10.0,8.0,,0.0,3.0,,5.0,,5.0,0.0,,0.0,1.0,2.0,6.0,,,,,,,9.0,,,,6.0,,,,2.0,,,,,,,,0.0,0.0,,,,,9.0,,,,,1.0,1.0,,5.0,0.0,,,,,,,0.0,4.0,,0.0,,7.0,,,,,,,4.0,,0.6,339
340,0.0,,0.0,,0.0,,,,,,,,,,1.0,,,,,,,,,,,,,,,,,,,0.0,0.0,,,,,,,,,,,0.0,,,,0.0,,,,,,,,,,,,,,,0.0,,,0.0,,,,,,,,,,,,,,,,,,,,,,0.0,,,0.4,340
341,,,0.0,,0.0,,,,,,,,,,,,,,,0.0,,,,0.0,,,0.0,,,,,,,,,0.0,,,2.0,,0.0,1.0,,,,,,,,,,,,0.0,,,,,,,,,3.0,,0.0,,,,0.0,,,,,,,,,,,,,,,,,,,,,,,,0.5,341
342,13.0,15.0,8.0,,0.0,,16.0,11.0,14.0,,6.0,0.0,,12.0,3.0,8.0,12.0,14.0,3.0,0.0,11.0,18.0,0.0,5.0,7.0,2.0,,12.0,19.0,18.0,1.0,4.0,14.0,5.0,,19.0,,,17.0,,16.0,3.0,13.0,20.0,22.0,21.0,,23.0,0.0,14.0,,0.0,2.0,,,12.0,17.0,15.0,9.0,0.0,23.0,13.0,18.0,10.0,,12.0,,7.0,0.0,,5.0,,18.0,,,,12.0,10.0,2.0,21.0,,,0.0,9.0,0.0,,,,,,,,0.4,342
343,,,,,0.0,,,4.0,,,,,0.0,,3.0,,1.0,,0.0,,1.0,,0.0,0.0,,,,2.0,3.0,,,2.0,,,,,,,0.0,,,,3.0,,,,,,,,0.0,,,,,,0.0,,,,,,,0.0,,,,,,,,,,,,,,,,5.0,,,,,,,,,,,,,0.5,343
344,,,0.0,,,0.0,,4.0,,,3.0,,,4.0,,8.0,,,,9.0,7.0,2.0,,,,0.0,,,,,,,,8.0,0.0,6.0,,,5.0,3.0,5.0,0.0,,,,6.0,,,1.0,7.0,0.0,,,0.0,8.0,3.0,,,,10.0,,,,,,2.0,0.0,,,,,0.0,,,,,,,,10.0,,,,2.0,3.0,,7.0,,,,,,0.5,344
345,,,,,,,,5.0,,0.0,,,,,,,,,,,,,,,0.0,,,,,0.0,,,,,,,,,,,,,0.0,,,,,,2.0,,,,,,,,,,,,,,4.0,,,,,,0.0,,,,,,,0.0,,1.0,3.0,0.0,0.0,,,0.0,,,,,,,,,0.4,345
346,,,,,,,,,,,,,0.0,,,,1.0,,,,0.0,,,,,0.0,,,,,,,,1.0,0.0,,1.0,,,,,,,,,,,0.0,,,,,,0.0,,,,,,0.0,,,,,,,,,,,,,0.0,,,,,0.0,,,,,,,,0.0,,,,,,,0.4,346
347,0.0,,0.0,,,,,,,,,,,,,,,,,,0.0,,1.0,,,,0.0,,,0.0,,,,1.0,,,,,,,,,,,,,,,,0.0,,,,,,,,,,,,,,,,,0.0,,0.0,,,,,0.0,,,,,,,,,,0.0,1.0,,,,,,,,0.5,347
348,0.0,,,,,,,3.0,0.0,,,,8.0,,,,,,,5.0,,,6.0,,,6.0,7.0,,7.0,0.0,2.0,2.0,7.0,,,0.0,1.0,,0.0,,,,,,,6.0,6.0,,2.0,3.0,,,4.0,,,6.0,,,,0.0,,,,,,,,9.0,,,,,5.0,,,,,,0.0,,,,9.0,0.0,,0.0,,,,,,0.0,0.4,348
349,,,,,,,,,,,,,,,,,,0.0,0.0,,,,2.0,,,,,,,,0.0,0.0,,,1.0,,,,,,,2.0,0.0,,,,,0.0,,,,0.0,1.0,,,,,,,,,0.0,,,,,,,,,,,,,,,,,,,0.0,,,,,,0.0,,,,,,0.5,349
350,0.0,,,,0.0,,0.0,,,,,,,,,,,,,,,,,,,,,,,0.0,,,,,,,,,,,0.0,,0.0,,,,,,,,,,,,,,,,,,,,,,,,,,0.0,0.0,,,,0.0,,,,,,,,,,,,,0.0,,,,,,0.6,350
351,,,,,,,,,,,0.0,0.0,,,,,,,,,,,,,,,,,,,,,0.0,,,,,,,,,,,,,,,,,0.0,,,,,,0.0,,,0.0,,,,,,,,0.0,,,,,,,,0.0,0.0,,,,,,,,,,0.0,,,,,,,0.6,351
352,,,,,2.0,,,,,,5.0,5.0,,0.0,0.0,,6.0,,,,,0.0,,,2.0,,,,,,1.0,,0.0,,4.0,,,,,,,6.0,,0.0,,,,,,,6.0,,6.0,,0.0,,,,,,,,4.0,,,3.0,0.0,0.0,0.0,,6.0,,,,,,,,3.0,,4.0,,,,1.0,,,,,,,0.0,0.6,352
353,10.0,14.0,,,,4.0,0.0,8.0,,,13.0,0.0,,1.0,11.0,,6.0,16.0,,14.0,17.0,,5.0,9.0,,17.0,2.0,6.0,11.0,20.0,1.0,6.0,9.0,,21.0,19.0,,,9.0,0.0,,2.0,,15.0,3.0,18.0,,9.0,11.0,0.0,,2.0,0.0,0.0,16.0,13.0,12.0,,,0.0,,,15.0,,,6.0,,0.0,,17.0,7.0,,17.0,,,,18.0,9.0,,10.0,22.0,0.0,,17.0,,,7.0,3.0,20.0,,13.0,6.0,0.5,353
354,,,,,,,,1.0,,,,,,,0.0,,,,,,,,2.0,,,,,,,,,0.0,,,,,,,0.0,0.0,,,,0.0,0.0,,,,,,,,,0.0,,,,,,0.0,,,,,,,,,,,,,,,,,0.0,,,,,,,2.0,,0.0,,,,,,,0.5,354
355,1.0,,0.0,,,,,4.0,,,,12.0,,5.0,7.0,,3.0,0.0,0.0,1.0,2.0,,1.0,,,1.0,7.0,4.0,,0.0,,0.0,4.0,,,0.0,,,9.0,6.0,6.0,11.0,,10.0,11.0,0.0,0.0,11.0,2.0,,,0.0,1.0,,8.0,6.0,,,,7.0,,,11.0,,,13.0,,4.0,12.0,,13.0,,3.0,,,,,,13.0,,,,6.0,6.0,,,,,,,0.0,,0.6,355
356,,,,,,,,0.0,,,,,,,,,,,,,,,,0.0,,,1.0,,,2.0,,,,,,,,,,,,,,,,,,,,,,0.0,,0.0,,0.0,,,,,,,0.0,,0.0,,,,,,,,2.0,,,,,0.0,,,,,,,,,,,0.0,,,,0.4,356
357,,,,,,,,,,0.0,,,0.0,,,,,,,,,0.0,,,,,,,,,,,,,,,,0.0,,,0.0,,,,,,,,,,,,,,,,,0.0,,,0.0,,,,,,,,,,,,,,,,,,0.0,,0.0,,,,,,,,,,0.0,,0.4,357
358,,,,,,,0.0,,,,,,,,,,,,,,,,,,,,,,,,,,,,,,,,0.0,,,,,,2.0,,0.0,,,,,0.0,0.0,,,0.0,0.0,,,,,,,,,,,,1.0,,,,,0.0,,,,,0.0,,,,,,,0.0,,,,,,,0.5,358
359,8.0,,,0.0,,,7.0,0.0,,,,,8.0,,0.0,6.0,0.0,2.0,,,,0.0,7.0,,4.0,,,,,,,5.0,,3.0,,,,,,,,,,0.0,,,0.0,0.0,8.0,,,,,,,0.0,,,,,,,,,,,,,,,,,,,,,,,,,,,,1.0,0.0,,,,,,,,0.4,359
360,,,,,,,0.0,,0.0,,,,,,,,,,,0.0,,,,,,,,,,,,,,,0.0,,,,,,,,,,,,,,,,,,,,,,,,,,0.0,0.0,,,0.0,,0.0,,,,,,,,,,,,,,,,,,,,,,,,,0.0,0.4,360
361,,,,,,,,0.0,0.0,,,,,,0.0,,1.0,2.0,,,0.0,,,,,,,,,,,,,2.0,,,,,,,,,0.0,,,,,,1.0,,,,,,,,,,,,,,,,,,,,0.0,,,,,,,,0.0,,,,,,,0.0,0.0,,,,,,,0.0,0.5,361
362,2.0,,0.0,,,,0.0,,,,2.0,,,,,,,0.0,,,,3.0,0.0,,,5.0,,0.0,0.0,,,2.0,4.0,,,,,,4.0,0.0,2.0,,,,3.0,,,0.0,4.0,,,,,,,,,,,,,,,,0.0,4.0,0.0,,,,,,,,,,,,,,,,,,,1.0,,,,,,,0.6,362
363,,,,,,,,,,,,,,,0.0,,,,,,,,,,,,,0.0,,,,,,,,,,,,,,,,,,0.0,,0.0,,,,,,,,,0.0,,,,,0.0,,,,0.0,,,,,,,,,,,,,,,,,,0.0,,,,,,,0.0,,0.5,363
364,,,,,,,,,,0.0,,,0.0,,,,,,,,,0.0,,0.0,,,,0.0,,,,,,,1.0,,0.0,,,,,,,,,,0.0,,,,,,,,,,1.0,,,,,,,,,,,,,,,,,,,,,,,,,,,,,,0.0,,,0.0,,,0.6,364
365,,,,,,0.0,,,,,,,,,,,,,,,,,,,,,0.0,,,,,,,0.0,,,0.0,,,,,,,,0.0,,,,,,,,0.0,,,,0.0,,,,,,,,,,,,,,,,,0.0,,,,,,,,,0.0,,,,,,,,,0.0,0.6,365
366,0.0,,,,0.0,0.0,,2.0,,,5.0,,,9.0,,4.0,,,,,,,3.0,,,4.0,,,,,1.0,0.0,,,0.0,10.0,,,,,10.0,,,,,,,,1.0,1.0,,,10.0,,5.0,0.0,,,0.0,,,,,,,1.0,,0.0,8.0,9.0,8.0,0.0,4.0,,0.0,,,,4.0,7.0,,4.0,,2.0,,,6.0,5.0,,,9.0,,0.5,366
367,,,,,,0.0,,,,,,,,,,,,,,,,,1.0,,,,,0.0,,,,0.0,,,,,,,,,,1.0,,,,,0.0,,,,,,,,,,0.0,,,,0.0,,,,0.0,,,0.0,,,,,,,,,,,,,,,,,0.0,,,,,,,,0.6,367
368,,,,,,,,,,,,,,0.0,,,,,,,,,0.0,,,,,,,,,,,,0.0,,,,,,,,,,,,,,,0.0,,,,,,0.0,,,,,,,,,0.0,0.0,,,,,,,,,,,,,,,,,0.0,,,,0.0,,,0.0,,,0.5,368
369,,,,,,,,,,,,,,,0.0,,,,0.0,,,,,,0.0,,,,,,,,,,,,,,,,,,,,,,0.0,,,,,,,,,,,,0.0,,,,,0.0,,,,1.0,,,0.0,,,,0.0,,,,,,,,,,0.0,,,,,,,,0.6,369
370,,,1.0,,,,,,,,,0.0,,,,,,,,,,,,,,0.0,,,,,,,,,0.0,,,,,,0.0,,,,,,,,,,,,,,,,,,,,,,,,,,,,,,,,,0.0,,,,,0.0,,,0.0,,,0.0,,0.0,,,,0.0,,0.4,370
371,,,,,,,,,,,,,0.0,,0.0,,,,,,,,,,,,,,,,,,,,,,,,,,,,,,,,,,,,,0.0,,,,,,,,,0.0,,0.0,,,,,,,,,,,,,,,0.0,,,,0.0,,,,,0.0,,,,,0.0,0.5,371
372,,,,,,,,,,,,,0.0,0.0,,,,,,,,,,0.0,,,,,,,,,,0.0,,,,,,,,,,,0.0,,,0.0,,,,0.0,,0.0,,,,,,,,,,0.0,,,,,,,,0.0,,,,,,,,,,,,,,,,,,,,,0.6,372
373,,,,,,,,,,0.0,,,,0.0,0.0,,,,,,0.0,,,,,,,,,,,,,,,,,,,,,,,,,,,,,,,,,0.0,,,,0.0,,,,,,,,,0.0,,0.0,,,,,0.0,0.0,,,,,,,,,,,,,,,,,,0.6,373
374,1.0,,,,,,,,,,,,,,,2.0,,,,,,,2.0,,1.0,,,,,,0.0,0.0,,,0.0,,,,,0.0,0.0,,,3.0,,,,,0.0,,,,,0.0,,,,,,,,,,,,,,,,,,,,,,,,,,,,,,,0.0,,,,,,,,0.4,374
375,,,,,,,,0.0,,,0.0,,,,,,,0.0,,,,0.0,,,0.0,,,,,,,0.0,,,,,,,,,,0.0,,,,,,,,0.0,,0.0,,0.0,,,,,,,,,,,,,,,,,,,,,,,,,,,,,,,,,,,,,,,0.4,375
376,,,,,,,,,,0.0,,,,,,0.0,,,0.0,,,0.0,,,,,,,,,,,,,,,,,,,0.0,,,,,,,,,0.0,,,,,,,,,,,,,,,,,,,,,0.0,0.0,,,,,,,,0.0,,,,0.0,,,,,,,,,0.4,376
377,,,,,,,,,,0.0,0.0,,,1.0,,0.0,,,,,2.0,,,,,,,,,,,,,,,,,0.0,,,0.0,,,0.0,,,,,,,,,,,,,0.0,,,,,,,,,,,,0.0,,1.0,,,,,,,,0.0,,,,,,,,,0.0,,,,,0.5,377
378,,,,,,,0.0,,,,,,,,,,,,,,,,,,,,,,,,,,,,,,,,0.0,0.0,,,,,,,,,,,,,,,0.0,,,,,,0.0,,,,,,,,,0.0,,,,,,,,,,,0.0,0.0,,,,,,0.0,0.0,,,,0.4,378
379,,,,,,,0.0,,,,,,,,,,,,0.0,,,,,,,,,1.0,0.0,,,,,,,0.0,0.0,,,,,,,,,,0.0,,,,,,,,,,,,,,,,,,,,,,,,,,,,,,,,,0.0,,,,,0.0,,,,,,,,0.4,379
380,,,,,,,,,,,0.0,,,,,,,,0.0,,,,,,,,,,,,,,,,,,0.0,,,,,,,,,,,,,,,0.0,,,,,,,0.0,,,,,,,,0.0,,,,,,,,0.0,,,,,,,,0.0,,1.0,,,,,,,,0.6,380
381,,,,,,,0.0,,,,0.0,,,,,,,,,,,,,,0.0,,,0.0,,,,,,,,0.0,,,,,,,,,,,,,,,,,,,,,0.0,,,,,,,,,,0.0,,,,,,,0.0,,0.0,,,,,,,,,,,,,,0.0,,,0.5,381
382,,,,,,,0.0,,,,,0.0,,,,,,,,,,,,,,,,,,,,,,,,,,0.0,,,,,,,,,,,0.0,,,,,,,,,,,,,,0.0,,,,,,,0.0,,,,,,,,,,,,,0.0,,,,0.0,0.0,,,,,0.4,382
383,,,,0.0,,,,,,,,,0.0,,,,,,0.0,,,,,,,,,,,0.0,,,,,,,,,,0.0,,,,,,,,,,,0.0,,,,,,,,,,,,,,,,0.0,,,,,,,,,,,0.0,,,,,,,,,,0.0,,0.0,,,0.5,383
384,,,,,0.0,6.0,,8.0,,,,,0.0,4.0,,,,6.0,0.0,2.0,,,,,,0.0,,,,,,,,,5.0,0.0,1.0,,,,,6.0,,,,6.0,,0.0,1.0,,,,,,,,,,,0.0,,7.0,6.0,,,,,,,,,,,,,,,,,,,0.0,3.0,4.0,,0.0,0.0,8.0,,,,,0.6,384
385,,,,,,,,3.0,,0.0,,,10.0,10.0,0.0,8.0,2.0,,,10.0,,,,0.0,,1.0,10.0,,,,10.0,,,,,8.0,,,,,,4.0,,,,12.0,7.0,,5.0,,,0.0,2.0,,7.0,6.0,,,,,1.0,9.0,0.0,7.0,0.0,5.0,,6.0,4.0,10.0,12.0,,10.0,,,,0.0,,5.0,,,11.0,0.0,0.0,,,,0.0,,,,,0.6,385
386,,,,,,2.0,,,,,,,,,0.0,,1.0,,,,,,,,,,,,,,2.0,,,0.0,,,0.0,,,,,,,,2.0,,,,,,,,,,0.0,,,,0.0,0.0,,,,,0.0,,,,,,4.0,3.0,,,,,,,,,,1.0,,,,,,,,0.0,0.0,,0.5,386
387,,0.0,,,,,,,0.0,,,,,,,,,,,,,,,,,,0.0,0.0,,,,,0.0,,,,,,,,,0.0,,,,,,,,,,,,,,0.0,,,0.0,,,,,,,,0.0,,,,,,,,0.0,,,,,,,,,,,,,,,,,,0.4,387
388,,,,,,,,,,,0.0,,,,,,0.0,,,,0.0,0.0,,,,0.0,,,,,,,,,,,,,0.0,,,,,,,,0.0,,,,0.0,0.0,,,,,,0.0,,,,,,,,,,,,,,,,,,,,,,,,,,,,,,,,,,,0.6,388
389,,0.0,23.0,,10.0,22.0,9.0,13.0,,12.0,,,0.0,19.0,9.0,4.0,6.0,,14.0,11.0,12.0,,17.0,13.0,1.0,18.0,10.0,16.0,23.0,19.0,7.0,16.0,20.0,,23.0,10.0,3.0,,18.0,19.0,,6.0,,,10.0,0.0,2.0,0.0,15.0,,4.0,9.0,11.0,0.0,14.0,18.0,21.0,,,0.0,,18.0,0.0,9.0,0.0,7.0,3.0,5.0,13.0,,,,12.0,,,,8.0,,24.0,,,9.0,,25.0,0.0,,21.0,,,0.0,,,0.6,389
390,,,,0.0,,0.0,,,,,,,,,,0.0,,,0.0,,,,,,0.0,,,0.0,,,,,,,,,,,,,,0.0,,,,,,,,,,,,,,,1.0,,,,,,,,,,0.0,,,,,,,,,,,,,,,,,,,,0.0,0.0,,,,,0.5,390
391,,,,,,,,1.0,,0.0,,,,,,,,,,,,0.0,,,,2.0,,,,,,,,0.0,,,,,,,,,,0.0,,,,,0.0,,,,,,,2.0,,,,,3.0,,,,0.0,,,,,0.0,,,,0.0,,0.0,,,,,,,,,,,,0.0,,,,,0.6,391
392,,,,0.0,,,,,,,,,,,,,,,,0.0,,,,,,0.0,,,0.0,,,,,,0.0,,,,,,,1.0,,,,,,0.0,,,,,,,,,,,,,,,,,,,,0.0,,,,,,,,0.0,0.0,,,,,,,,,,,,,,,,0.4,392
393,,,,,,,0.0,,0.0,,,,,,,,,,,1.0,0.0,,,,,,1.0,,,2.0,,,,,,,,,,0.0,0.0,,0.0,,,,,,,,,,,,0.0,0.0,,,,,,,,,,,,,,1.0,,,,,,,,,,,,,,,,0.0,,0.0,,,,,0.4,393
394,,,6.0,,,3.0,0.0,,,,8.0,0.0,,9.0,0.0,12.0,5.0,4.0,,12.0,6.0,,,,,,1.0,,0.0,,4.0,,,2.0,11.0,10.0,13.0,,,,1.0,,,2.0,,,11.0,,,0.0,,0.0,0.0,,4.0,12.0,,11.0,,,,,,,0.0,,,7.0,,,0.0,,,,,,13.0,,10.0,,,6.0,,12.0,13.0,,,2.0,0.0,,,,0.6,394
395,,,,,,,,,,,,,,,0.0,,,,0.0,,,,,,0.0,,,,0.0,,,,0.0,,,,,,,,,,,,,,,,,,,,,,,,,0.0,,,,,0.0,,,,,,,,,,,,,,,,,,0.0,,,,,,,,,0.0,,,0.4,395
396,,,,,,,,,,,,,,,,0.0,0.0,,,,0.0,,,,,,,,,,,,,,,,,,,,,,,,0.0,,,,,,,,,,,0.0,,,,,,,,,,,,0.0,0.0,,,,,,,,,0.0,,,,,,0.0,,,0.0,,,,,,0.4,396
397,,,0.0,,,,5.0,,,0.0,5.0,,,7.0,2.0,,7.0,,6.0,3.0,0.0,,,0.0,,,,1.0,0.0,,,,0.0,,,7.0,,3.0,5.0,,1.0,4.0,2.0,1.0,,,,7.0,,,,0.0,,,,,3.0,,0.0,,,,,,,,,,,,,,,,,,,,,,,,,,0.0,,,,,,,,0.4,397
398,,,,,,,,,,,,,,,,,,0.0,0.0,,,,,,,,0.0,,,0.0,,,,,,,,,,,,,,,,,,,,,,,,,0.0,,,,,,,0.0,,,,,,,0.0,,,,,,,,,,,,,0.0,0.0,,,,,,,,,,0.6,398
399,,,,,,,,,,,,0.0,,,,,,,,,,0.0,,,,,,,,,,,,,,0.0,,,,,,,,,,,,,,,,,,,,,,,,0.0,,,,,,0.0,,,,,0.0,0.0,,,,,,,0.0,,,,,,,0.0,,,0.0,,,,0.6,399
400,,,,,,,0.0,,0.0,,,,0.0,,,,,,,,2.0,,,0.0,,,,0.0,1.0,,,,,,,,1.0,,,,,,,,,,,,,,,,,,,,,0.0,,,,,0.0,0.0,,,,2.0,,,0.0,,,,,,,,,0.0,,,,,,,,,,,,,0.4,400
401,0.0,,,,,,,,,0.0,,,,,,,,,,,,,,,,,,,,,,,,,,,,,,0.0,,,,,,,,,,,,,,,0.0,,,0.0,,,,,,,,,,,,,,0.0,1.0,,,,,,0.0,,,,,,,,,,0.0,,,,0.4,401
402,,,,,,0.0,0.0,,0.0,,,,,,,0.0,,,,,,,,,,,0.0,,,,,,,,,,,0.0,,,,,,,,,,,,,,,,,,,,,,,0.0,,,,,,,,,,0.0,,,,0.0,,,,,0.0,,,,,,,,,,,,,0.5,402
403,,0.0,,,,,,,,,,,,,,,,,,,0.0,0.0,,,,,,,,,,,,,0.0,,,,,,,,,,,,,,,,0.0,,0.0,,,,,,,,0.0,,,,,,,,,0.0,,,,,,,0.0,,,,0.0,,,,,,,,,,,,0.6,403
404,,,,,,,,,,,,0.0,,,,0.0,,,,,,,,,,,,,,,,,,,,,,,,,,,,,,,,,,,,,,,0.0,,,,,,,0.0,,0.0,,,0.0,,0.0,,,0.0,,,,,,,,,,,,,,0.0,,,,0.0,,,0.4,404
405,,0.0,,,,,0.0,0.0,,,,,,,,,2.0,,,,,,,,2.0,,,,0.0,,2.0,,,,2.0,0.0,,,,2.0,,,,,,,,,,,,,,,,,,,,,,,,,,0.0,1.0,3.0,,,,,3.0,,,,,,,,,,,,0.0,,1.0,,0.0,,,,0.4,405
406,,,,0.0,,,0.0,,,0.0,,,,,,,,,,,,,2.0,,,1.0,,,,,,0.0,1.0,,,,,,,,,,0.0,0.0,,,,,0.0,,,1.0,0.0,,,0.0,,,,,,0.0,,,,,,,,,,,,,,,3.0,,,,,,,,,,,,,,,,0.5,406
407,,,,,,,0.0,,,,0.0,,,1.0,,,,,,,,,,,,,,,,,,,,,,,,,2.0,,,,,,,,,,,,0.0,,0.0,,,,,,,,0.0,,,,,,,,,,,,,,,,,0.0,,0.0,,,,,0.0,,,0.0,,,,0.0,0.4,407
408,,,,,0.0,,,,,0.0,,,,0.0,0.0,,1.0,,,,,,,,,,,,,,,,,,0.0,,,,,,,,,,,,,,,,,,,,,,,,,,,0.0,0.0,,,,,,,,,,,,0.0,,,,,,,,,,,,1.0,,,,,0.0,0.6,408
409,,,,0.0,,,,,,,,,2.0,,,3.0,,,,,,,,,,,,,,0.0,,,,,,0.0,1.0,,,,,,,,,,,,,,,,0.0,,,3.0,,,,,,,0.0,0.0,2.0,0.0,,,,,,,0.0,,,,,,,,,,,,,,,,,,,,0.4,409
410,,,,,,,0.0,,0.0,,,,0.0,,,,,0.0,,,,,,,,,1.0,,,,,,0.0,,0.0,,,0.0,,,,,,,,,0.0,,,,,,,,,,,1.0,0.0,,0.0,,,,,,,,,,,,,,,,,,,,,,,,,,1.0,,,,,,0.6,410
411,,,,,,,,,0.0,,,,0.0,,,,,,,,,,,,,,,,,,,,,,,0.0,,,,,,,,,,,,,,,0.0,,,,,,,,,,,,,,,,,,0.0,,,,,,,,,0.0,,,,,,,0.0,,,,,,,0.0,0.4,411
412,,0.0,,,,,,,,,2.0,,0.0,,2.0,,1.0,0.0,,,,0.0,,,,,,,2.0,,,,,0.0,0.0,,,,,,,,,,,,,0.0,,0.0,,,,,,,,,,,,,,,,,,,,,,,,,0.0,,,,,,,,,,,,2.0,,,,0.0,,0.6,412
413,,,,,,,0.0,,,,,,,,0.0,,0.0,,,,,,,,,,0.0,,,,,,,,,,,,,,,,,,,,,,,,,,,,,,0.0,,,,,0.0,0.0,,,,,,,,,0.0,,,,,,,,,,,,0.0,,,,,,,,,0.6,413
414,,,0.0,,,,,,,,0.0,,,,,,,0.0,0.0,,,,0.0,,,,,,0.0,,,0.0,,,,,,,,,,,,,,,,,,,,,,,,,0.0,,,,,,,,,,,,,,,,,,,,,,,0.0,,0.0,,,,,,,,,,,0.4,414
415,,,,,,0.0,,,,,,,,,,,,,,,,,,,,,,,,,,,,,,,,,,,,0.0,,,,0.0,,,,,,,,,,,,,,,,,,,,,,,0.0,,,0.0,,0.0,,,,,,,,,0.0,,,,,,0.0,,,0.0,0.5,415
416,,0.0,,,,,0.0,,,0.0,,,,,,,,,,,,,1.0,,,,,,0.0,,,0.0,,,,,,,,,,,,0.0,,,,,,,,,,,,,,,,,0.0,,,,,,,,,,,,,,,0.0,0.0,,,,,,,0.0,,,,,,,,,0.4,416
417,,,,,,2.0,,,,,,,,0.0,,,,,,,,,,,,0.0,,,,,,,,,,,,,,0.0,3.0,,,,,0.0,,,,0.0,,,4.0,,,,,0.0,1.0,,,,,,,,,,,,,,,,,0.0,,1.0,0.0,,,,,0.0,,,,4.0,0.0,,,,0.5,417
418,,,,,,,,0.0,0.0,0.0,,,,,,0.0,,,,,,,,,,,,,,,,,,,,,,,,,,,,,,0.0,,,,,,,,,,,,,,,,,1.0,,,,,,,,0.0,,,0.0,0.0,,,,,,0.0,,,,,,,,,,,,0.5,418
419,,,,,,,,,,,,,,,,,,,,0.0,2.0,,,,0.0,,,,,,,,,,,1.0,,,0.0,,,,,,,0.0,,,,,0.0,,,,,,0.0,0.0,,1.0,,,,,,,,0.0,,,,0.0,,,,,,,,,,,0.0,,,,,,,,,,0.6,419
420,,,,,,,0.0,3.0,,,0.0,,,,,,,,,,,,2.0,,,,0.0,,,,,0.0,,,,,,,,,,,,,,,0.0,,5.0,0.0,,,,,,,,0.0,,,,,4.0,0.0,,,,3.0,,,,,0.0,,,,,,,,,,,1.0,,,,,,,,,0.5,420
421,,,,,,,,,,,,,,,,,,,,0.0,,,,,,,,,,,0.0,,,,,,,,0.0,,,,,,,,,0.0,,,,,0.0,0.0,,,,,,,,,,,,,,,,,,,,,,,,,,0.0,,0.0,,,,,,0.0,,,1.0,,0.5,421
422,3.0,0.0,,,,3.0,,0.0,,,,,,,,,4.0,,,,,,1.0,,0.0,,,,,,,0.0,2.0,,,,,,,,,,,,,,,,2.0,,,,,,,,,,,,,,,,,,,,,0.0,,,1.0,,0.0,,,,,,,,,,0.0,,,0.0,,,0.0,,0.6,422
423,,,,,,,,,,,,,,,,,,,,,,,,,,,0.0,0.0,,,,,,,,,,0.0,,,0.0,,,,,,,,,,,,,,,,0.0,,,,,,,,0.0,,,,,,0.0,,,,,,,,,,,,,,,,0.0,0.0,,,,,0.6,423
424,,,,,,,,,,,,,,,4.0,,0.0,,,5.0,,,,,,,0.0,,,,0.0,,,,,,,,,,1.0,,,,0.0,,,,,,,,,,,,,,,,,,0.0,,,,,,0.0,,0.0,,,,,0.0,,,2.0,3.0,,,0.0,,,,,0.0,,,,,0.4,424
425,,,,,,,,,,,,,,0.0,,,,,,0.0,0.0,,,,,,,0.0,,,,,,,,,,,,,,,,,,,,,,,,,,,,0.0,,,,0.0,,,,,,,,,,,,,,,,,0.0,,,,,,0.0,,,,,,,,,,0.5,425
426,19.0,12.0,4.0,,5.0,10.0,17.0,9.0,21.0,,5.0,,23.0,3.0,17.0,11.0,14.0,19.0,17.0,2.0,0.0,23.0,21.0,,,17.0,16.0,,12.0,,4.0,20.0,22.0,19.0,,0.0,,,0.0,22.0,7.0,7.0,0.0,11.0,6.0,11.0,0.0,,12.0,8.0,,9.0,5.0,22.0,23.0,,,,,15.0,,21.0,4.0,3.0,,4.0,,0.0,7.0,,1.0,15.0,13.0,,,,23.0,5.0,9.0,0.0,11.0,5.0,0.0,18.0,,,,17.0,,0.0,1.0,,0.6,426
427,,,,,,0.0,,,,,0.0,,,,,0.0,,,,,,,,,,,,0.0,,,,,,,0.0,,,,0.0,,,,,,,,,,,,,,,,,,,,,,0.0,,,,0.0,,,,,,,,,,,0.0,,,,,,,,,,,,,,,0.0,,0.6,427
428,,,,,,,,,0.0,,,,0.0,,,,,,,,,,,,,,,1.0,0.0,,0.0,,,0.0,,,,,,,,,,0.0,0.0,,,,,,,,,,,,,,,,,,,,0.0,,,,,,,,,,,,,,,,,,,,,,,0.0,0.0,,,,0.4,428
429,0.0,0.0,,,,,0.0,,,,,,,0.0,,,,,,,,,1.0,,,,,,,,1.0,0.0,,,,,,0.0,,,,,0.0,,,,,,,,,1.0,0.0,,,,,,,,,,,0.0,,,,,,,,,,,,,0.0,,,,,,,,,,,,,,,,0.5,429
430,,,,,,,,,,,,,,,,0.0,,,,,0.0,,,0.0,,,,,,,,,,,,,,,,,,,,1.0,2.0,,,,,,,0.0,,,,,,,,,,,,,,,,0.0,,,,,,,,,,0.0,,,,,0.0,0.0,,0.0,,,,,,,0.5,430
431,3.0,,,,,,,,,,,,,,,,,,,,,,0.0,,,,,,,,,0.0,,,,,,,,,2.0,,,,,0.0,,,,,0.0,,,,,0.0,,,0.0,,,,,,,,,0.0,,,,0.0,,,,,,,,,,0.0,,1.0,,,,0.0,,,,,0.5,431
432,0.0,,,,,1.0,0.0,7.0,14.0,,,,8.0,,,0.0,15.0,,,11.0,12.0,0.0,1.0,14.0,,,12.0,10.0,,,7.0,2.0,3.0,,15.0,9.0,0.0,,,6.0,0.0,,,,,,13.0,,10.0,,,,,,15.0,5.0,14.0,,,0.0,,,,0.0,,4.0,10.0,15.0,12.0,0.0,13.0,,12.0,,,1.0,,,8.0,0.0,9.0,11.0,,5.0,13.0,,,,,,8.0,,0.6,432
433,4.0,,7.0,,,7.0,24.0,9.0,0.0,,5.0,,11.0,8.0,14.0,11.0,9.0,0.0,,3.0,4.0,,8.0,19.0,15.0,0.0,22.0,6.0,14.0,,0.0,8.0,12.0,12.0,9.0,5.0,,,0.0,0.0,5.0,8.0,,9.0,2.0,,25.0,,1.0,0.0,23.0,9.0,5.0,11.0,13.0,12.0,12.0,9.0,,20.0,,3.0,21.0,0.0,,16.0,10.0,3.0,13.0,,15.0,,17.0,0.0,,,1.0,,15.0,17.0,,6.0,6.0,2.0,0.0,18.0,8.0,20.0,,,16.0,,0.6,433
434,,,0.0,,,,,,,,,,,,,,,0.0,,,,0.0,,,,,,,,,,,,,,,,,,,,,,,,,,,,,0.0,,,,,,,,,,0.0,,,0.0,,0.0,,,,0.0,,,,,,,,,,,,,,,,,,,,0.0,,,0.5,434
435,,,0.0,,,,,,0.0,,,,0.0,,,,,,,,,,,,1.0,,,,,,,,0.0,,,,,,,,,,,,,,,,,,,,,,,,,,,,,,,,,,0.0,,0.0,0.0,,,,,,,,,,,,,,,0.0,,,,,0.0,,0.0,0.6,435
436,0.0,,,,,,,,,,,,,,,,0.0,,,0.0,,,,,0.0,,,,,,,,,0.0,,0.0,,,,,,,,,,,,,,,,,,,,0.0,,,,,,,,,,,,,,,,,,,,,,,,0.0,,,,,,,,0.0,,,0.0,,0.4,436
437,,,,,,,0.0,,,,,0.0,,,,,,0.0,,,,,,0.0,,,,,,,,,,,0.0,,,,,,,,,,,,,,,2.0,,0.0,,,,,,0.0,,,,,,,,,,,,,,,0.0,,,,,,,,,1.0,,,,,0.0,,,,0.0,,0.6,437
438,,,,,,,,,,,,,,0.0,,,,,0.0,,1.0,0.0,,,1.0,,,,,,0.0,,0.0,0.0,,,,,,,,,,,,,,,,,,,,,,,,,,,,0.0,1.0,,,,,0.0,,,,,,,0.0,,,,,,,,,,,,,,,,0.0,,0.4,438
439,,,,,,,,,,,,,,,,,,0.0,,,,0.0,,,,,0.0,,,,,,,,,0.0,,,,,,,,,,,,,,,,,,,,,,0.0,0.0,,,,,,,,,,0.0,,,0.0,,,,,,,,,,,,,0.0,,,,,,,,0.4,439
440,9.0,15.0,9.0,,,,21.0,0.0,18.0,,13.0,14.0,,12.0,10.0,8.0,9.0,20.0,0.0,1.0,4.0,,0.0,,,5.0,4.0,,11.0,,2.0,1.0,6.0,5.0,,0.0,,9.0,11.0,,7.0,2.0,17.0,20.0,15.0,16.0,17.0,0.0,8.0,0.0,,20.0,18.0,,9.0,9.0,,,,10.0,,0.0,,,,16.0,,19.0,13.0,,14.0,,2.0,,7.0,,,,,18.0,,0.0,0.0,0.0,,,,,,,3.0,,0.6,440
441,2.0,,0.0,,,,,0.0,,,,,3.0,0.0,,,,0.0,,,,,3.0,0.0,,,,1.0,,,,0.0,2.0,,0.0,0.0,,,,,1.0,,,,,,,,,1.0,,,,,,,0.0,,,,,,,,,3.0,,,,,,,,,,,,,,,,,,,,,0.0,,,,,,0.5,441
442,,,,,,,,,,,,0.0,,,,,,,,,,,,,,,,,,,,,,0.0,,,,,,,,,,,,0.0,0.0,,,,,,,,,,,,,,,,,,,,0.0,,0.0,,,,0.0,0.0,,,,0.0,,,,,0.0,,,,,,,,,,0.6,442
443,3.0,,,,,,9.0,0.0,,,,8.0,,6.0,3.0,,0.0,,0.0,11.0,0.0,,6.0,,3.0,0.0,,8.0,,,,3.0,1.0,2.0,,,,,,,12.0,10.0,,0.0,,,,,1.0,,0.0,,7.0,,,,,,,,,4.0,0.0,,,,,,,,,,,,,,5.0,,,,,,,,0.0,12.0,,12.0,,,,,0.5,443
444,,,,0.0,,,,,0.0,,0.0,,0.0,,,,,,,,,,,0.0,,,,,,,3.0,,,,,,1.0,,,,,0.0,,,,,,,,,,2.0,0.0,,0.0,,,,,,,2.0,,,3.0,,,0.0,,,,,0.0,,,,,,,,,,,,,,,,,,,,0.4,444
445,,,,,,,0.0,,,,,0.0,,,,,,,,,,,,,,,0.0,,,,,,0.0,,,,,,,,,0.0,,,,,1.0,,,,,,,,,,,,,,,0.0,,,,,,,,,,,0.0,,,0.0,,,0.0,,,,,,,,,,,,,,0.4,445
446,2.0,,3.0,0.0,,,,2.0,0.0,8.0,1.0,,,,,,9.0,,,3.0,6.0,,1.0,,,,,,,,,0.0,4.0,,5.0,10.0,,,0.0,,9.0,,,,4.0,,2.0,,,,,,,,,,,,,0.0,,,,4.0,,8.0,0.0,,8.0,,10.0,,3.0,,,,9.0,0.0,7.0,,,,0.0,,7.0,,,0.0,,,,,0.6,446
447,,,,,,,,,,,,,0.0,,,,,,,,,,,,,0.0,,,,,1.0,,,,,0.0,,,,,,,0.0,,,,,,1.0,0.0,,,,,,,,,0.0,,,,,,0.0,,0.0,,,,,,,,,,,,,,,0.0,1.0,,,,,,,,1.0,0.0,0.5,447
448,,0.0,,,,,,1.0,,,,,,,,,0.0,,,0.0,,,,,,,,,,,,,,0.0,,,,,,,,,,0.0,,,,0.0,,0.0,,,,,,,,,,,,,,,,,,,,,1.0,,0.0,,,,,,0.0,,,,,,,,0.0,,,,,,0.4,448
449,6.0,,,,,0.0,,,,,,,0.0,,0.0,,5.0,0.0,,3.0,,,1.0,,,,,,,,,0.0,,,,,,,,,,0.0,,,,,,,6.0,,,0.0,6.0,,,,,,,0.0,,,,,,,,,,,,,,,,3.0,,,,2.0,0.0,0.0,,1.0,,,,,,,4.0,,0.4,449
450,,,,,,,,,,,,,,2.0,4.0,,3.0,,,5.0,3.0,,,0.0,,,8.0,4.0,5.0,,3.0,,,8.0,,4.0,7.0,,,,,,0.0,0.0,,,0.0,,,0.0,,,5.0,,,0.0,5.0,,,,,,4.0,0.0,,0.0,,,1.0,,0.0,,,,,,,,0.0,6.0,,,,,,,6.0,,,9.0,,,0.5,450
451,8.0,,21.0,,27.0,15.0,4.0,11.0,15.0,,9.0,,7.0,,0.0,12.0,2.0,10.0,,13.0,4.0,26.0,1.0,,0.0,,7.0,14.0,10.0,20.0,11.0,0.0,4.0,5.0,,0.0,0.0,0.0,22.0,,11.0,19.0,25.0,23.0,0.0,0.0,,,18.0,,16.0,13.0,8.0,,25.0,16.0,24.0,,,6.0,8.0,13.0,0.0,,,17.0,28.0,16.0,5.0,0.0,5.0,,4.0,,,27.0,12.0,18.0,3.0,18.0,,14.0,5.0,14.0,2.0,,17.0,21.0,,,23.0,,0.5,451
452,6.0,,3.0,,,,6.0,8.0,,,0.0,,,,,9.0,,,,0.0,5.0,8.0,2.0,,,,,,,5.0,,0.0,2.0,,,5.0,,,3.0,,10.0,4.0,1.0,,,,,,0.0,,,,,,,,,,,,,,1.0,,,,,,,,,0.0,2.0,,,,7.0,,,,0.0,,,3.0,,,,0.0,,,,,0.6,452
453,,,,,,,,,0.0,,,,,,,,,,0.0,0.0,1.0,,,,,,,,,,,,0.0,2.0,,2.0,,,,0.0,0.0,,,,,,,,,,,,,,,,,,0.0,,,,,,,1.0,0.0,,,,,,,,,,,,,,,,,,,,,,,,,,0.6,453
454,,,,,,,,0.0,,,,,,,,,,,,,,,,,,,0.0,,0.0,,,,,,,,,,,,,,,,,0.0,,,0.0,,,,,,,,0.0,,,0.0,,,,,,,,,,,,,,,,,0.0,0.0,,,,,,,,,,,,,0.0,,0.6,454
455,,,,,,,,,0.0,,,,,0.0,,,0.0,,,,,0.0,,,,,,0.0,,,,,,,,,,0.0,0.0,,,,,,0.0,,,,,,,,,,,0.0,,,,,,,,,0.0,,,,,,,,,,,,,,,,,,,,,,,,,,,,0.5,455
456,,,,,,2.0,,,,,,,,,,,,,,,,,,,,,,0.0,0.0,,,,,,,,,0.0,,0.0,,,0.0,0.0,,0.0,,,,,,,,,,,,,,,0.0,,,,,,,,,,,1.0,,,,,,,,0.0,,,,,,,,,,0.0,,,0.5,456
457,0.0,,4.0,,,,,,,,,,,1.0,,,,,,0.0,,,2.0,0.0,,3.0,,,,,,0.0,2.0,,,5.0,,,,,8.0,,0.0,,,,,,2.0,,,6.0,0.0,,0.0,,,,,,,,,,,,,,4.0,7.0,7.0,,,,,,,,6.0,1.0,,,0.0,0.0,,,,8.0,,,0.0,,0.6,457
458,,0.0,,,,,,,,,,,,0.0,,,,,0.0,,,,,,,,,,,,,,0.0,0.0,0.0,,,,,,0.0,,,,,,,,,,,,,,,,,,,,,0.0,,,,,,,,,0.0,,,,,,,,,,,,,,,,,,,,0.0,,0.5,458
459,,,,,,,,,,,,,,,,0.0,,,,,,,,,,,,,,,,,0.0,,,,,,,,,,,,,,,,,,,,,,,,,0.0,,,0.0,,,,,,,,,,,,,,,,,0.0,,,,,0.0,,,,0.0,0.0,,0.0,,,0.6,459
460,,,,,,,,,,2.0,,,,,2.0,,1.0,,0.0,,3.0,,2.0,0.0,,4.0,,0.0,,5.0,,5.0,0.0,5.0,,,,,,,,,,,2.0,,,,3.0,,,,,,,,,0.0,,,1.0,,,,,,,,0.0,,,,,,0.0,,,,,,,,,0.0,,,,0.0,,,,,0.6,460
461,,,,,,,,,,,,,,,,,,,,,,,,,,0.0,,,,,0.0,,,0.0,,,,,,,,,,0.0,,0.0,,,2.0,,,,,,,,,0.0,1.0,,,,,,,0.0,,2.0,0.0,,,,,,,,,,2.0,,,0.0,,1.0,,,0.0,,,,,,0.5,461
462,,,,,,,,,,,,,0.0,,,,,,,,,,,,,,0.0,,,,,,,,,0.0,,,,,,,,0.0,,,,,0.0,,,,,,,,,,,,,,,,0.0,,,,,,,,,,,,,,,,,,,,0.0,,,0.0,,,,0.0,0.4,462
463,,,,,,,,,,0.0,0.0,,,,3.0,,0.0,,,,2.0,,,3.0,,,,0.0,,,,,,,,1.0,,,,,,,,,3.0,,,,,,,,0.0,,,0.0,3.0,0.0,,,,,,,,,,,,,,,,,,,,,,,,,,,,,,,0.0,,0.0,0.0,0.4,463
464,4.0,,,,,10.0,14.0,7.0,0.0,,11.0,,,14.0,15.0,,14.0,,,9.0,13.0,,0.0,,10.0,7.0,6.0,,,,1.0,1.0,10.0,,13.0,,,,,,,10.0,2.0,0.0,,,3.0,,5.0,,,,,,,0.0,,14.0,0.0,14.0,,,14.0,14.0,,1.0,12.0,0.0,,12.0,8.0,,6.0,,,0.0,3.0,12.0,9.0,9.0,,0.0,,8.0,,,7.0,9.0,,,0.0,0.0,0.6,464
465,9.0,0.0,3.0,,,,3.0,6.0,,,4.0,0.0,15.0,13.0,10.0,10.0,9.0,17.0,12.0,12.0,8.0,,4.0,,,8.0,2.0,11.0,,,8.0,7.0,0.0,,,17.0,,0.0,14.0,0.0,0.0,,,16.0,,,,,5.0,,,,,0.0,4.0,10.0,17.0,,,9.0,,12.0,,8.0,,5.0,,6.0,1.0,15.0,15.0,,0.0,,,,15.0,10.0,0.0,,11.0,6.0,,,,,,,,0.0,,,0.6,465
466,,,,,,,0.0,,,,,,2.0,,,,1.0,0.0,,,,,,,,,,,,,,,,,,,0.0,,,,,,,,,,,,,,0.0,,0.0,,,,,,,2.0,,,,,0.0,,,,,,,,,,0.0,,,,,,,,,,,,,,0.0,,,,0.6,466
467,,,,,,,,,,,0.0,,,,1.0,,0.0,,,,0.0,,,3.0,,,,0.0,,,,,,,,1.0,,,,,,,0.0,3.0,,,2.0,,,,,,,,,,2.0,,,,,0.0,,,,2.0,,,,,,,,,,0.0,,,,0.0,,,,,,,,0.0,,,0.0,,0.5,467
468,7.0,,8.0,,,,,,,0.0,,,,,,4.0,,,,5.0,,,2.0,0.0,,8.0,6.0,,,,3.0,0.0,3.0,,1.0,,,,8.0,,,,,,6.0,,5.0,,6.0,,,6.0,0.0,,,,,,,,,,,,,0.0,,0.0,7.0,,,,,,,,,,7.0,,,0.0,0.0,7.0,,,0.0,,,,,0.0,0.5,468
469,0.0,,,,,,,,,7.0,,,,,2.0,,0.0,,,,11.0,12.0,0.0,10.0,9.0,7.0,11.0,,,,,1.0,0.0,10.0,0.0,,,,,0.0,,,,,,,,,2.0,,4.0,,,,7.0,4.0,,,,0.0,0.0,,,,,,,0.0,,6.0,,,3.0,0.0,,,,,,,,,12.0,5.0,12.0,,8.0,,,9.0,,,0.5,469
470,,,,,,,7.0,1.0,,,,,,,4.0,,7.0,,,2.0,5.0,,,0.0,7.0,,,,,1.0,,,,6.0,,,8.0,,0.0,,,3.0,,5.0,0.0,,,,,0.0,,,,0.0,,5.0,,,,,,,,2.0,,0.0,8.0,,7.0,,,,6.0,0.0,,,,,,0.0,,,,,0.0,,,,0.0,,,,0.4,470
471,,,,,,,,,,,,,,,,,,0.0,,,,,,,,0.0,,,,,0.0,,0.0,,,,,,,,,,,,0.0,,,,,,,,,,,,,,,,,,,,,,,,,,,,,,,,,0.0,,,,,0.0,,,0.0,,,,0.0,,,0.5,471
472,,,,,,,,3.0,3.0,,,,,,,0.0,,,0.0,1.0,2.0,1.0,,,,,4.0,,,,,,0.0,3.0,,0.0,,,5.0,0.0,,0.0,,,,5.0,,,,,,,,,,,,,,,0.0,0.0,,,,,,,,,,,0.0,,,,,,,,,,,,,,,,,,,0.0,0.4,472
473,,,,,,0.0,,,,,,,,,3.0,,1.0,,,,,,,4.0,4.0,,,,,,0.0,,,,,,0.0,,,2.0,,,,,0.0,,,,,,0.0,0.0,,,,,0.0,,,,,,,,,,,,2.0,,,,,,,,,,4.0,,,,,,0.0,,,,,0.0,2.0,,0.6,473
474,0.0,,,,,,,,0.0,,,,,,,1.0,,,,,,,1.0,,,,0.0,,,,,,1.0,,,,,,,,,0.0,,,0.0,0.0,,0.0,,,,,,,,,,,,,,,,,,,0.0,,,,,,,,,0.0,0.0,,,,,,,,,,,,,,,,0.4,474
475,,0.0,,0.0,,,,,,,,,,,,,,,0.0,,,,,,,,,,,,1.0,,,,0.0,,,,,,,,,0.0,,0.0,,,,1.0,,,,,,0.0,,,,,,,,,,,,,0.0,,,,,,,,,,1.0,,,0.0,,,,,,,,,,,0.5,475
476,3.0,,3.0,,,0.0,5.0,0.0,0.0,,6.0,11.0,9.0,6.0,3.0,4.0,2.0,3.0,,2.0,0.0,7.0,8.0,0.0,1.0,3.0,,7.0,15.0,12.0,5.0,12.0,,3.0,,4.0,16.0,,3.0,1.0,5.0,3.0,0.0,17.0,3.0,9.0,,,2.0,,,11.0,7.0,,0.0,16.0,8.0,,,,10.0,4.0,9.0,13.0,18.0,2.0,,8.0,6.0,17.0,17.0,,2.0,,,0.0,17.0,0.0,6.0,14.0,,4.0,3.0,6.0,0.0,,16.0,,,,,,0.6,476
477,,,,,,,,,,,,2.0,,,,,,,,,,,,,,1.0,,0.0,,3.0,,,,,0.0,1.0,,,,,,5.0,,,,,,,0.0,,,,,,,0.0,2.0,,,,,,,,,0.0,,,0.0,,,,,,,0.0,0.0,,2.0,,,,,4.0,,0.0,,,,,,,0.6,477
478,0.0,,,,,,,0.0,,,,,3.0,0.0,0.0,,1.0,,0.0,2.0,1.0,,2.0,1.0,,1.0,,,,,,1.0,4.0,,0.0,2.0,,,0.0,0.0,,,,,2.0,,,,0.0,1.0,,,,,,,,,,,,,,,,,,,,,,,4.0,,,,,,,0.0,,,3.0,1.0,,,,,,,,,0.6,478
479,,,,,,,,,,0.0,,0.0,,,,,,,,,,,,0.0,,,0.0,,,,,,,,,,,,,,,,0.0,,,,,,,,,1.0,,0.0,,,,,,,,,,,,,,,,,0.0,,1.0,0.0,,,,,,0.0,,,,0.0,,,,,,,,,0.4,479
480,0.0,,,,,,,,,0.0,0.0,,,,,,,,,,,,,,,,,,0.0,,,,,,,,,,,,,,,,,,,,,,,,,,,,0.0,,,,,,,0.0,,,0.0,,,,,,,0.0,,,0.0,,,,,,,,,,,,,,,,0.4,480
481,,,,,,,,,,,0.0,,,,,,,,0.0,,,,,,,,,,0.0,,0.0,,,,,,,,0.0,,,,0.0,0.0,,,,,,,,,,,,,,,,,,,,,,,,,,,,,,,,,,,0.0,,,,,,,,,0.0,,,1.0,,0.6,481
482,,,,,,0.0,0.0,,0.0,,,,,,,,,,,,,0.0,,,,,,,,,,,,,,,,,0.0,,,,,,2.0,,,,,1.0,,,,,,,,,,,,,,1.0,,0.0,,3.0,,,4.0,,,,,,,,,,0.0,,,,,,,0.0,,,,,0.4,482
483,,,,,,,,0.0,,0.0,,,,,,,,,,,0.0,,0.0,,,0.0,,,,,,,,,,,,,,,,,,0.0,,,,0.0,0.0,,,,,,,,,,,,,,,,,,,,,,,,1.0,,0.0,,,,0.0,,,,,,,,,,,,,,0.4,483
484,13.0,,2.0,,,,,4.0,6.0,,3.0,11.0,,12.0,,1.0,,,,0.0,0.0,0.0,2.0,,,13.0,10.0,3.0,1.0,,,0.0,12.0,2.0,12.0,,,,0.0,,0.0,13.0,,,14.0,,0.0,14.0,,,,,13.0,,9.0,12.0,5.0,,,,,0.0,,,10.0,8.0,,,,,,,0.0,0.0,,,1.0,,,10.0,,,3.0,,,,7.0,,,,,,0.4,484
485,0.0,,10.0,,,,,0.0,,12.0,,,,,4.0,,2.0,,,,,,0.0,,0.0,3.0,6.0,,,,,1.0,3.0,,,,,0.0,,,0.0,,,,,0.0,0.0,,2.0,,,0.0,,9.0,7.0,7.0,,11.0,,,,,,,,0.0,,,5.0,,6.0,,,,,,,,7.0,,,,,,9.0,,,8.0,,,,,0.4,485
486,,,,,0.0,,,0.0,,,0.0,,,,,,,,,0.0,,0.0,,,,,,1.0,,,,,,,2.0,,,,,,,1.0,,,,,,,,,,,,,,,0.0,,0.0,,,,,,,,,,,,,,,,,,0.0,,,,,,,,,,,0.0,0.0,,,,0.4,486
487,1.0,,,,,,,,0.0,,,,,,,,,,,,,,1.0,,,1.0,,,,,1.0,0.0,,0.0,,,,,,0.0,,,,,,,,,0.0,,,,,,,,,,0.0,0.0,,0.0,,,,,,,,,,0.0,,,,,,0.0,,,,,,,,,,,,,,,0.5,487
488,,,,,0.0,,,0.0,,,,,,,,,,,,,,,,,,,0.0,,,,,,,,,,,,,,,,,,,,,,,,,,,,,1.0,,,,,,,,,,,,,,,,,1.0,,,,,0.0,,,,,0.0,,0.0,,0.0,,,0.0,,0.0,0.5,488
489,,,,,,,,,,0.0,,,,,,,,,0.0,,0.0,,,,,,,,,,0.0,,,,,,,0.0,,,,,,0.0,,,,,,,,,0.0,,,,,,,,,,,,,,,,,,0.0,,,,0.0,,,,,,,,,,0.0,,,,,,,,0.5,489
490,,,,,,,0.0,,,,,,,,,,1.0,,0.0,,,,,,,,0.0,,,,,,0.0,0.0,,,,,,,,,,,,,,,0.0,,,,,,,,,,,,,,0.0,,,,0.0,0.0,,,,,,,,,,,0.0,,,,,,,,,,,,,,0.6,490
491,,,,,,,,2.0,,,,,,8.0,0.0,,5.0,,,9.0,7.0,,,,,13.0,0.0,,,,0.0,,,2.0,0.0,,,,,,12.0,4.0,,12.0,10.0,,,6.0,9.0,,0.0,3.0,0.0,0.0,,,,,,,,5.0,,,,,,,13.0,,,,12.0,,,,0.0,1.0,,,,7.0,11.0,13.0,,,,,0.0,0.0,,,0.5,491
492,,,,,,,,,,,,,0.0,0.0,,,,,,,,0.0,,,,,,,,,,,,,,,,,,,,0.0,,,,,,,,,,0.0,0.0,,,,0.0,,0.0,,0.0,,,,0.0,,,,,,,,,,,,,,,,,,,,,,,,,,,,0.4,492
493,,0.0,,,,,4.0,2.0,,,,,,,,,1.0,0.0,,3.0,,,,4.0,,0.0,,,6.0,,,6.0,3.0,,0.0,3.0,,,5.0,,,,,,0.0,,0.0,,1.0,,,,,,,,,,,,,,4.0,,,,,,,,,,,,,,0.0,,,,,,0.0,3.0,,,0.0,0.0,,,,,0.6,493
494,4.0,,15.0,,,,,2.0,,,,,0.0,6.0,,,,,,11.0,8.0,,3.0,,,7.0,,14.0,,,6.0,0.0,8.0,9.0,13.0,2.0,3.0,,13.0,,11.0,0.0,15.0,,15.0,0.0,0.0,,1.0,,,9.0,7.0,,,4.0,15.0,,,,,12.0,0.0,,,10.0,,0.0,11.0,12.0,,5.0,4.0,0.0,,0.0,,,8.0,0.0,,12.0,13.0,4.0,,,,,,,2.0,,0.4,494
495,0.0,,0.0,0.0,,,,,,0.0,,,,,,,,,,,,,,,,0.0,,,,,,,,,,,,,,,,,,,,,,,,,,0.0,0.0,,,,,,,,,,,0.0,,,,,,,,,,,,,,0.0,,,,,,,,,,,,,,,0.5,495
496,,0.0,,,,,,,,,,,,,,,,,,0.0,,0.0,,,1.0,,,,,,0.0,,,,,1.0,,,,0.0,,2.0,,,,,,0.0,,,,,,,,,,0.0,,,0.0,,,,,,,,,,,,,,,,,,,0.0,,,,,0.0,,,,,,1.0,,0.5,496
497,,,,,,0.0,12.0,9.0,0.0,,,,10.0,,0.0,8.0,1.0,,,11.0,10.0,,,,,,,8.0,,7.0,4.0,,,0.0,,0.0,3.0,,2.0,,,5.0,,8.0,11.0,,,,,9.0,0.0,,,,,11.0,,,,,,0.0,0.0,,,12.0,,13.0,10.0,,12.0,,,0.0,,,,,0.0,4.0,,12.0,,,,,,6.0,,,6.0,,0.4,497
498,,0.0,,,,,,3.0,,,,,,2.0,0.0,,0.0,,,2.0,0.0,,,2.0,,,,0.0,,,,,,3.0,,,,,,,,,4.0,1.0,,,,,,,,,,,,,,,0.0,,,,,,,,,,,0.0,,,,,,,4.0,,,,,,,,,,0.0,,,,,,0.5,498
499,4.0,,,,,,0.0,,,,,,,3.0,5.0,,,0.0,,,,,4.0,0.0,,,1.0,,0.0,0.0,,6.0,0.0,,,4.0,,,,,,,,,,,3.0,,,,,,,,,0.0,,0.0,,,,,0.0,,,1.0,3.0,2.0,,,4.0,,,,,,,,7.0,,,,,,,,,,,,,,0.5,499
